{
 "benchmark-version": "2.0.0",
 "benchmark-revision": null,
 "environment": "local",
 "test-run-id": "c5a56524-be34-4f86-8ca9-33c7daf4eeb9",
 "test-run-timestamp": "20251016T170912Z",
 "pipeline": "benchmark-only",
 "user-tags": {},
 "workload": "nyc_taxis_clean",
 "cluster-config-instance": [
  "external"
 ],
 "cluster": {
  "revision": "8ff7c6ee924a49f0f59f80a6e1c73073c8904214",
  "distribution-version": "3.1.0",
  "distribution-flavor": "oss",
  "cluster-config-revision": null
 },
 "results": {
  "op_metrics": [
   {
    "task": "index",
    "operation": "index",
    "throughput": {
     "min": 1216251.3713823045,
     "mean": 1388974.5034116202,
     "median": 1392564.2258039722,
     "max": 1491493.342095804,
     "unit": "docs/s"
    },
    "latency": {
     "50_0": 370.866406497953,
     "90_0": 487.3811626923271,
     "99_0": 2179.8471860986315,
     "99_9": 3377.3709402971685,
     "99_99": 4117.753546193816,
     "100_0": 4753.565686012735,
     "mean": 401.7675995129888,
     "unit": "ms"
    },
    "service_time": {
     "50_0": 370.866406497953,
     "90_0": 487.3811626923271,
     "99_0": 2179.8471860986315,
     "99_9": 3377.3709402971685,
     "99_99": 4117.753546193816,
     "100_0": 4753.565686012735,
     "mean": 401.7675995129888,
     "unit": "ms"
    },
    "client_processing_time": {
     "50_0": 1.259836004464887,
     "90_0": 1.3845753856003284,
     "99_0": 4.132585647603264,
     "99_9": 39.69443437024916,
     "99_99": 57.9925651020218,
     "100_0": 88.44715100713074,
     "mean": 1.0710439608265083,
     "unit": "ms"
    },
    "processing_time": {
     "50_0": 383.6744419968454,
     "90_0": 507.16755939793075,
     "99_0": 2182.6548070623535,
     "99_9": 3404.8289881411492,
     "99_99": 4120.927643020786,
     "100_0": 4787.300480005797,
     "mean": 413.37080856633116,
     "unit": "ms"
    },
    "error_rate": 6.298022420959819e-05,
    "duration": 123297.52350099443
   },
   {
    "task": "match-all",
    "operation": "match-all",
    "throughput": {
     "min": 3.0257724050173516,
     "mean": 3.0657073623349107,
     "median": 3.046392929819175,
     "max": 3.2305466866426795,
     "unit": "ops/s"
    },
    "latency": {
     "50_0": 8.162794161762577,
     "90_0": 10.395223468367476,
     "99_0": 15.341063154191964,
     "100_0": 19.444794990704395,
     "mean": 8.714073162409477,
     "unit": "ms"
    },
    "service_time": {
     "50_0": 7.255815995449666,
     "90_0": 9.292275995539969,
     "99_0": 14.398125728766919,
     "100_0": 18.2591969933128,
     "mean": 7.877382279984886,
     "unit": "ms"
    },
    "client_processing_time": {
     "50_0": 0.04966799315297976,
     "90_0": 0.06773219938622789,
     "99_0": 0.0888034656236414,
     "100_0": 0.09082999895326793,
     "mean": 0.053401390032377094,
     "unit": "ms"
    },
    "processing_time": {
     "50_0": 7.384367498161737,
     "90_0": 9.424456801207272,
     "99_0": 14.557054931792683,
     "100_0": 18.419829997583292,
     "mean": 8.016705899935914,
     "unit": "ms"
    },
    "error_rate": 0.0,
    "duration": 36335.23327499279
   },
   {
    "task": "range",
    "operation": "range",
    "throughput": {
     "min": 0.7062616256873623,
     "mean": 0.7166583899965291,
     "median": 0.7114649754017284,
     "max": 0.7679892316850782,
     "unit": "ops/s"
    },
    "latency": {
     "50_0": 9.871018562989775,
     "90_0": 13.045995935681276,
     "99_0": 18.612689575675226,
     "100_0": 28.329752283752896,
     "mean": 10.445497946202522,
     "unit": "ms"
    },
    "service_time": {
     "50_0": 8.416746008151677,
     "90_0": 11.37670510070166,
     "99_0": 16.329190601100034,
     "100_0": 26.45051600120496,
     "mean": 9.14877702933154,
     "unit": "ms"
    },
    "client_processing_time": {
     "50_0": 0.10607700096443295,
     "90_0": 0.12897439883090556,
     "99_0": 0.1508425278007053,
     "100_0": 0.15426200116053224,
     "mean": 0.10728649052907713,
     "unit": "ms"
    },
    "processing_time": {
     "50_0": 8.62591499753762,
     "90_0": 11.633208599232606,
     "99_0": 16.539701709261916,
     "100_0": 26.656086003640667,
     "mean": 9.391598630172666,
     "unit": "ms"
    },
    "error_rate": 0.0,
    "duration": 155716.05227299733
   },
   {
    "task": "distance_amount_agg",
    "operation": "distance_amount_agg",
    "throughput": {
     "min": 1.963093873495009,
     "mean": 1.9846799059501958,
     "median": 1.987513312507182,
     "max": 1.9924724930028026,
     "unit": "ops/s"
    },
    "latency": {
     "50_0": 461.50191799824825,
     "90_0": 476.5954569011228,
     "100_0": 494.13962800463196,
     "mean": 458.3822357785539,
     "unit": "ms"
    },
    "service_time": {
     "50_0": 460.5453169933753,
     "90_0": 475.8862855989719,
     "100_0": 493.4566680021817,
     "mean": 457.6553370579495,
     "unit": "ms"
    },
    "client_processing_time": {
     "50_0": 0.0627149929641746,
     "90_0": 0.09772860939847305,
     "100_0": 0.1376810105284676,
     "mean": 0.07179062289651483,
     "unit": "ms"
    },
    "processing_time": {
     "50_0": 460.72589999675984,
     "90_0": 476.10273230529856,
     "100_0": 493.6584889946971,
     "mean": 457.8496531804558,
     "unit": "ms"
    },
    "error_rate": 0.0,
    "duration": 29502.32107199554
   },
   {
    "task": "autohisto_agg",
    "operation": "autohisto_agg",
    "throughput": {
     "min": 1.5130876971572584,
     "mean": 1.5340175722527727,
     "median": 1.5237544311496174,
     "max": 1.6278437617412838,
     "unit": "ops/s"
    },
    "latency": {
     "50_0": 7.206558504549321,
     "90_0": 8.711053301522044,
     "99_0": 10.26788304006914,
     "100_0": 11.087178674642928,
     "mean": 7.458737126435153,
     "unit": "ms"
    },
    "service_time": {
     "50_0": 6.104465501266532,
     "90_0": 7.840603405202273,
     "99_0": 9.33339987328509,
     "100_0": 9.735921004903503,
     "mean": 6.408282689953921,
     "unit": "ms"
    },
    "client_processing_time": {
     "50_0": 0.06914349069120362,
     "90_0": 0.09605610684957355,
     "99_0": 0.1335515864775517,
     "100_0": 0.15034100215416402,
     "mean": 0.07463387955795042,
     "unit": "ms"
    },
    "processing_time": {
     "50_0": 6.244488999072928,
     "90_0": 7.978404898312875,
     "99_0": 9.477356541901829,
     "100_0": 9.883507998893037,
     "mean": 6.545886968815466,
     "unit": "ms"
    },
    "error_rate": 0.0,
    "duration": 72668.92427700805
   },
   {
    "task": "date_histogram_agg",
    "operation": "date_histogram_agg",
    "throughput": {
     "min": 1.5136771975531795,
     "mean": 1.535602264214327,
     "median": 1.5248284685276698,
     "max": 1.6341524271758605,
     "unit": "ops/s"
    },
    "latency": {
     "50_0": 7.010331333731301,
     "90_0": 8.0765220001922,
     "99_0": 9.201292713551084,
     "100_0": 9.295479670981877,
     "mean": 7.176824483467499,
     "unit": "ms"
    },
    "service_time": {
     "50_0": 5.873387497558724,
     "90_0": 7.009494400699624,
     "99_0": 8.126365851785524,
     "100_0": 8.526410005288199,
     "mean": 6.074179699644446,
     "unit": "ms"
    },
    "client_processing_time": {
     "50_0": 0.07012700370978564,
     "90_0": 0.09598750912118703,
     "99_0": 0.11502962224767545,
     "100_0": 0.11736698797903955,
     "mean": 0.07490293006412685,
     "unit": "ms"
    },
    "processing_time": {
     "50_0": 6.007996002153959,
     "90_0": 7.195716904243454,
     "99_0": 8.327848309418188,
     "100_0": 8.649430994410068,
     "mean": 6.221588070766302,
     "unit": "ms"
    },
    "error_rate": 0.0,
    "duration": 72669.12271299225
   },
   {
    "task": "desc_sort_tip_amount",
    "operation": "desc_sort_tip_amount",
    "throughput": {
     "min": 0.5044755362089288,
     "mean": 0.5119136161607053,
     "median": 0.5081965353290324,
     "max": 0.5486833013061353,
     "unit": "ops/s"
    },
    "latency": {
     "50_0": 11.941586504690349,
     "90_0": 13.414294204267208,
     "99_0": 16.67116520780838,