{
 "benchmark-version": "2.0.0",
 "benchmark-revision": null,
 "environment": "local",
 "test-run-id": "97074659-2558-40d2-a6e3-8daad376cc4c",
 "test-run-timestamp": "20251016T164950Z",
 "pipeline": "benchmark-only",
 "user-tags": {},
 "workload": "nyc_taxis_clean",
 "cluster-config-instance": [
  "external"
 ],
 "cluster": {
  "revision": "8ff7c6ee924a49f0f59f80a6e1c73073c8904214",
  "distribution-version": "3.1.0",
  "distribution-flavor": "oss",
  "cluster-config-revision": null
 },
 "results": {
  "op_metrics": [
   {
    "task": "index",
    "operation": "index",
    "throughput": {
     "min": 336665.76588836365,
     "mean": 982883.8350270583,
     "median": 1035199.7485287399,
     "max": 1132555.2464084276,
     "unit": "docs/s"
    },
    "latency": {
     "50_0": 386.2185824982589,
     "90_0": 627.1987837048081,
     "99_0": 2190.872324540977,
     "99_9": 8087.33046124913,
     "99_99": 8350.731705275313,
     "100_0": 8376.495532997069,
     "mean": 459.9401020012245,
     "unit": "ms"
    },
    "service_time": {
     "50_0": 386.2185824982589,
     "90_0": 627.1987837048081,
     "99_0": 2190.872324540977,
     "99_9": 8087.33046124913,
     "99_99": 8350.731705275313,
     "100_0": 8376.495532997069,
     "mean": 459.9401020012245,
     "unit": "ms"
    },
    "client_processing_time": {
     "50_0": 1.2632395009859465,
     "90_0": 1.3821711065247655,
     "99_0": 4.076782732736319,
     "99_9": 16.516704949755614,
     "99_99": 48.78153619224965,
     "100_0": 69.8974749975605,
     "mean": 1.0403935636911752,
     "unit": "ms"
    },
    "processing_time": {
     "50_0": 398.4358430025168,
     "90_0": 641.1810771991443,
     "99_0": 2196.9879161826975,
     "99_9": 8090.300806665789,
     "99_99": 8373.144524342013,
     "100_0": 8390.750784994452,
     "mean": 470.41491815107406,
     "unit": "ms"
    },
    "error_rate": 6.128201985537444e-05,
    "duration": 142933.19255400274
   },
   {
    "task": "match-all",
    "operation": "match-all",
    "throughput": {
     "min": 3.014297925085331,
     "mean": 3.0361514577491127,
     "median": 3.0257237891581203,
     "max": 3.124663262882313,
     "unit": "ops/s"
    },
    "latency": {
     "50_0": 10.010210669861408,
     "90_0": 13.096538864920149,
     "99_0": 39.81208657511161,
     "100_0": 40.46907400334021,
     "mean": 11.603642878180835,
     "unit": "ms"
    },
    "service_time": {
     "50_0": 9.170322999125347,
     "90_0": 12.378227100271037,
     "99_0": 39.344194469449576,
     "100_0": 39.63213300448842,
     "mean": 10.74395175986865,
     "unit": "ms"
    },
    "client_processing_time": {
     "50_0": 0.052505994972307235,
     "90_0": 0.07945869583636522,
     "99_0": 0.10151387636142324,
     "100_0": 0.11476699000922963,
     "mean": 0.05654388041875791,
     "unit": "ms"
    },
    "processing_time": {
     "50_0": 9.299348999775248,
     "90_0": 12.528033396665709,
     "99_0": 39.528319332166575,
     "100_0": 39.811888003896456,
     "mean": 10.889350509751239,
     "unit": "ms"
    },
    "error_rate": 0.0,
    "duration": 36335.01420399989
   },
   {
    "task": "range",
    "operation": "range",
    "throughput": {
     "min": 0.7062380491527792,
     "mean": 0.7165967259865591,
     "median": 0.7114210841669699,
     "max": 0.7677291708235671,
     "unit": "ops/s"
    },
    "latency": {
     "50_0": 10.862202569114743,
     "90_0": 13.272813740331916,
     "99_0": 16.699970144036385,
     "100_0": 25.060930718609598,
     "mean": 11.385636169507052,
     "unit": "ms"
    },
    "service_time": {
     "50_0": 9.452529498958029,
     "90_0": 11.649994700565008,
     "99_0": 14.875258257088763,
     "100_0": 23.788650003552902,
     "mean": 10.08111511982861,
     "unit": "ms"
    },
    "client_processing_time": {
     "50_0": 0.09534150376566686,
     "90_0": 0.13903580547776073,
     "99_0": 0.17313242533418818,
     "100_0": 0.17683800251688808,
     "mean": 0.10623602967825718,
     "unit": "ms"
    },
    "processing_time": {
     "50_0": 9.709551501146052,
     "90_0": 11.87635269525345,
     "99_0": 15.188841518902382,
     "100_0": 24.04533400112996,
     "mean": 10.322924569845782,
     "unit": "ms"
    },
    "error_rate": 0.0,
    "duration": 155716.30534200085
   },
   {
    "task": "distance_amount_agg",
    "operation": "distance_amount_agg",
    "throughput": {
     "min": 1.937872748187053,
     "mean": 1.9740771174998903,
     "median": 1.978896368712349,
     "max": 1.987275676871453,
     "unit": "ops/s"
    },
    "latency": {
     "50_0": 412.54894550002064,
     "90_0": 446.26331530162133,
     "100_0": 453.59907500096597,
     "mean": 418.00595872016856,
     "unit": "ms"
    },
    "service_time": {
     "50_0": 411.9920104967605,
     "90_0": 445.4580409008486,
     "100_0": 452.71542300179135,
     "mean": 417.203445660125,
     "unit": "ms"
    },
    "client_processing_time": {
     "50_0": 0.0727500046195928,
     "90_0": 0.10251909698126838,
     "100_0": 0.11766899842768908,
     "mean": 0.0761056003102567,
     "unit": "ms"
    },
    "processing_time": {
     "50_0": 412.20019800312,
     "90_0": 445.7061932007491,
     "100_0": 452.95781300228555,
     "mean": 417.41267887991853,
     "unit": "ms"
    },
    "error_rate": 0.0,
    "duration": 29501.792253999156
   },
   {
    "task": "autohisto_agg",
    "operation": "autohisto_agg",
    "throughput": {
     "min": 1.5122337537145814,
     "mean": 1.5317534503560597,
     "median": 1.52220909414631,
     "max": 1.6189183309945614,
     "unit": "ops/s"
    },
    "latency": {
     "50_0": 8.630385669675888,
     "90_0": 10.259060905809749,
     "99_0": 13.511098328890514,
     "100_0": 13.742262337473221,
     "mean": 9.043201576423598,
     "unit": "ms"
    },
    "service_time": {
     "50_0": 7.447316504112678,
     "90_0": 9.249006704339992,
     "99_0": 12.389710381175973,
     "100_0": 12.394796998705715,
     "mean": 7.812815400175168,
     "unit": "ms"
    },
    "client_processing_time": {
     "50_0": 0.08660350067657419,
     "90_0": 0.10719210258685055,
     "99_0": 0.13455211177642928,
     "100_0": 0.14297800225904211,
     "mean": 0.08650082956592087,
     "unit": "ms"
    },
    "processing_time": {
     "50_0": 7.606115999806207,
     "90_0": 9.39161329661147,
     "99_0": 12.6112203134835,
     "100_0": 12.6130339995143,
     "mean": 7.971293329828768,
     "unit": "ms"
    },
    "error_rate": 0.0,
    "duration": 72669.3626289998
   },
   {
    "task": "date_histogram_agg",
    "operation": "date_histogram_agg",
    "throughput": {
     "min": 1.5135251695957188,
     "mean": 1.535176282643194,
     "median": 1.5245567996707359,
     "max": 1.6324588488210972,
     "unit": "ops/s"
    },
    "latency": {
     "50_0": 7.9392464976990595,
     "90_0": 9.138290960254382,
     "99_0": 10.742790576841799,
     "100_0": 10.766574996523559,
     "mean": 8.073414120372036,
     "unit": "ms"
    },
    "service_time": {
     "50_0": 6.7110054988006596,
     "90_0": 7.820043202809759,
     "99_0": 9.338804993458327,
     "100_0": 9.682828997028992,
     "mean": 6.942706219779211,
     "unit": "ms"
    },
    "client_processing_time": {
     "50_0": 0.08758899639360607,
     "90_0": 0.1057736975781154,
     "99_0": 0.12962274122401143,
     "100_0": 0.13425000361166894,
     "mean": 0.08826486999168992,
     "unit": "ms"
    },
    "processing_time": {
     "50_0": 6.896788996527903,
     "90_0": 7.980770101130477,
     "99_0": 9.551926037820524,
     "100_0": 9.814180993998889,
     "mean": 7.114270789534203,
     "unit": "ms"
    },
    "error_rate": 0.0,
    "duration": 72669.66452800261
   },
   {
    "task": "desc_sort_tip_amount",
    "operation": "desc_sort_tip_amount",
    "throughput": {
     "min": 0.504432731487445,
     "mean": 0.5117974686040974,
     "median": 0.5081182133593994,
     "max": 0.5481772662577303,
     "unit": "ops/s"
    },
    "latency": {
     "50_0": 11.178959997778293,
     "90_0": 13.060642896016363,