{
 "benchmark-version": "2.0.0",
 "benchmark-revision": null,
 "environment": "local",
 "test-run-id": "22632483-d2df-4520-bdbd-1af298dfc624",
 "test-run-timestamp": "20251016T174704Z",
 "pipeline": "benchmark-only",
 "user-tags": {},
 "workload": "nyc_taxis_clean",
 "cluster-config-instance": [
  "external"
 ],
 "cluster": {
  "revision": "8ff7c6ee924a49f0f59f80a6e1c73073c8904214",
  "distribution-version": "3.1.0",
  "distribution-flavor": "oss",
  "cluster-config-revision": null
 },
 "results": {
  "op_metrics": [
   {
    "task": "index",
    "operation": "index",
    "throughput": {
     "min": 1384678.4335040506,
     "mean": 1489994.8694709793,
     "median": 1474947.3616825403,
     "max": 1676094.3274059359,
     "unit": "docs/s"
    },
    "latency": {
     "50_0": 357.6829910016386,
     "90_0": 470.1251439983025,
     "99_0": 2291.7235224985043,
     "99_9": 3453.9536490569467,
     "99_99": 3996.6237044058284,
     "100_0": 4021.6713389963843,
     "mean": 385.628659763298,
     "unit": "ms"
    },
    "service_time": {
     "50_0": 357.6829910016386,
     "90_0": 470.1251439983025,
     "99_0": 2291.7235224985043,
     "99_9": 3453.9536490569467,
     "99_99": 3996.6237044058284,
     "100_0": 4021.6713389963843,
     "mean": 385.628659763298,
     "unit": "ms"
    },
    "client_processing_time": {
     "50_0": 1.2637799954973161,
     "90_0": 1.393265402293764,
     "99_0": 4.340082106937189,
     "99_9": 33.0208607290698,
     "99_99": 42.978274234207184,
     "100_0": 47.49830800574273,
     "mean": 1.050017627878798,
     "unit": "ms"
    },
    "processing_time": {
     "50_0": 370.6408979924163,
     "90_0": 490.24417660257313,
     "99_0": 2294.5552665245477,
     "99_9": 3481.2742684148175,
     "99_99": 3999.4577073971313,
     "100_0": 4024.500835002982,
     "mean": 397.25630520916826,
     "unit": "ms"
    },
    "error_rate": 6.352029473416756e-05,
    "duration": 119672.97411899199
   },
   {
    "task": "match-all",
    "operation": "match-all",
    "throughput": {
     "min": 3.026576026508084,
     "mean": 3.06785921011946,
     "median": 3.0478569900871597,
     "max": 3.238664530521824,
     "unit": "ops/s"
    },
    "latency": {
     "50_0": 7.463320333044976,
     "90_0": 9.768319655267987,
     "99_0": 11.451852301106557,
     "100_0": 11.65800032322295,
     "mean": 7.795756861305563,
     "unit": "ms"
    },
    "service_time": {
     "50_0": 6.549486504809465,
     "90_0": 8.822667693311816,
     "99_0": 10.40772181499051,
     "100_0": 10.523632998229004,
     "mean": 6.945914108946454,
     "unit": "ms"
    },
    "client_processing_time": {
     "50_0": 0.04534851905191317,
     "90_0": 0.05820149963255976,
     "99_0": 0.1016156694095117,
     "100_0": 0.11781801003962755,
     "mean": 0.048949790943879634,
     "unit": "ms"
    },
    "processing_time": {
     "50_0": 6.675283999356907,
     "90_0": 8.951163590245416,
     "99_0": 10.518690849858105,
     "100_0": 10.764492995804176,
     "mean": 7.076590719807427,
     "unit": "ms"
    },
    "error_rate": 0.0,
    "duration": 36335.59206100472
   },
   {
    "task": "range",
    "operation": "range",
    "throughput": {
     "min": 0.7063193487865298,
     "mean": 0.7168256109135628,
     "median": 0.7115811078796928,
     "max": 0.7687366177727142,
     "unit": "ops/s"
    },
    "latency": {
     "50_0": 9.497034647210967,
     "90_0": 11.516801649122499,
     "99_0": 13.44627502257937,
     "100_0": 15.75316056550946,
     "mean": 9.681452139484463,
     "unit": "ms"
    },
    "service_time": {
     "50_0": 7.99503499729326,
     "90_0": 10.610753197397571,
     "99_0": 11.367703716241541,
     "100_0": 15.228774995193817,
     "mean": 8.394915179087548,
     "unit": "ms"
    },
    "client_processing_time": {
     "50_0": 0.0835699902381748,
     "90_0": 0.11874110059579841,
     "99_0": 0.1721743329835591,
     "100_0": 0.19606600108090788,
     "mean": 0.09115580236539245,
     "unit": "ms"
    },
    "processing_time": {
     "50_0": 8.20172150270082,
     "90_0": 10.81712990271626,
     "99_0": 11.729576828656738,
     "100_0": 15.581353000015952,
     "mean": 8.610738450079225,
     "unit": "ms"
    },
    "error_rate": 0.0,
    "duration": 155716.55791299418
   },
   {
    "task": "distance_amount_agg",
    "operation": "distance_amount_agg",
    "throughput": {
     "min": 1.9992209926822089,
     "mean": 1.9996614330667464,
     "median": 1.9997152495544441,
     "max": 1.999826906650862,
     "unit": "ops/s"
    },
    "latency": {
     "50_0": 453.3021635070327,
     "90_0": 471.2905090069398,
     "100_0": 476.82396600430366,
     "mean": 454.0111291248468,
     "unit": "ms"
    },
    "service_time": {
     "50_0": 452.9136869969079,
     "90_0": 470.4723799964995,
     "100_0": 476.27652100345585,
     "mean": 453.28691111906664,
     "unit": "ms"
    },
    "client_processing_time": {
     "50_0": 0.08220950257964432,
     "90_0": 0.11115699599031359,
     "100_0": 0.13779201253782958,
     "mean": 0.08714066003449261,
     "unit": "ms"
    },
    "processing_time": {
     "50_0": 453.1449200003408,
     "90_0": 470.69326560304035,
     "100_0": 476.5450449922355,
     "mean": 453.5127357003512,
     "unit": "ms"
    },
    "error_rate": 0.0,
    "duration": 29502.118397998856
   },
   {
    "task": "autohisto_agg",
    "operation": "autohisto_agg",
    "throughput": {
     "min": 1.5131895013510532,
     "mean": 1.5342926176152143,
     "median": 1.523941776252376,
     "max": 1.6288728436305115,
     "unit": "ops/s"
    },
    "latency": {
     "50_0": 7.191164659161586,
     "90_0": 8.298892399761826,
     "99_0": 12.288395040377695,
     "100_0": 48.496494666324,
     "mean": 7.68220671772724,
     "unit": "ms"
    },
    "service_time": {
     "50_0": 5.887624509341549,
     "90_0": 6.821125597343781,
     "99_0": 10.520795320335502,
     "100_0": 47.696118999738246,
     "mean": 6.469151670316933,
     "unit": "ms"
    },
    "client_processing_time": {
     "50_0": 0.06048698560334742,
     "90_0": 0.08870580204529689,
     "99_0": 0.114938973565586,
     "100_0": 0.13018399477005005,
     "mean": 0.06537206005305052,
     "unit": "ms"
    },
    "processing_time": {
     "50_0": 6.0074110006098635,
     "90_0": 6.934248594916427,
     "99_0": 10.692448152840562,
     "100_0": 47.8261759999441,
     "mean": 6.593582069472177,
     "unit": "ms"
    },
    "error_rate": 0.0,
    "duration": 72668.67826299858
   },
   {
    "task": "date_histogram_agg",
    "operation": "date_histogram_agg",
    "throughput": {
     "min": 1.5137196273129017,
     "mean": 1.5356933897310885,
     "median": 1.5249213649831703,
     "max": 1.634555973427725,
     "unit": "ops/s"
    },
    "latency": {
     "50_0": 6.807393343478907,
     "90_0": 7.477991881023627,
     "99_0": 8.42338115675375,
     "100_0": 8.648588336654939,
     "mean": 6.796873168495949,
     "unit": "ms"
    },
    "service_time": {
     "50_0": 5.7177704948117025,
     "90_0": 6.248021991632414,
     "99_0": 7.59955198445823,
     "100_0": 7.657366004423238,
     "mean": 5.7873281493084505,
     "unit": "ms"
    },
    "client_processing_time": {
     "50_0": 0.06363300053635612,
     "90_0": 0.09265389526262881,
     "99_0": 0.12112251875805673,
     "100_0": 0.12869900092482567,
     "mean": 0.0695803712005727,
     "unit": "ms"
    },
    "processing_time": {
     "50_0": 5.8572720081429,
     "90_0": 6.37342359405011,
     "99_0": 7.723454865626992,
     "100_0": 7.841350990929641,
     "mean": 5.926716890244279,
     "unit": "ms"
    },
    "error_rate": 0.0,
    "duration": 72669.25106800045
   },
   {
    "task": "desc_sort_tip_amount",
    "operation": "desc_sort_tip_amount",
    "throughput": {
     "min": 0.5045328262676808,
     "mean": 0.5120725505695175,
     "median": 0.5083029402539545,
     "max": 0.5493700319351918,
     "unit": "ops/s"
    },
    "latency": {
     "50_0": 10.238971502985805,
     "90_0": 11.705401106155477,
     "99_0": 13.37438077025582,