{
 "benchmark-version": "2.0.0",
 "benchmark-revision": null,
 "environment": "local",
 "test-run-id": "d97a5a4d-b88e-40cc-b026-bff2b481e1df",
 "test-run-timestamp": "20251016T172808Z",
 "pipeline": "benchmark-only",
 "user-tags": {},
 "workload": "nyc_taxis_clean",
 "cluster-config-instance": [
  "external"
 ],
 "cluster": {
  "revision": "8ff7c6ee924a49f0f59f80a6e1c73073c8904214",
  "distribution-version": "3.1.0",
  "distribution-flavor": "oss",
  "cluster-config-revision": null
 },
 "results": {
  "op_metrics": [
   {
    "task": "index",
    "operation": "index",
    "throughput": {
     "min": 1365968.6926671062,
     "mean": 1462938.920181895,
     "median": 1455438.0094849952,
     "max": 1622635.980326926,
     "unit": "docs/s"
    },
    "latency": {
     "50_0": 356.3906269992003,
     "90_0": 474.04904479626566,
     "99_0": 1942.0550620983686,
     "99_9": 2646.338779880173,
     "99_99": 3475.947947453377,
     "100_0": 3801.853941011359,
     "mean": 386.04972704129864,
     "unit": "ms"
    },
    "service_time": {
     "50_0": 356.3906269992003,
     "90_0": 474.04904479626566,
     "99_0": 1942.0550620983686,
     "99_9": 2646.338779880173,
     "99_99": 3475.947947453377,
     "100_0": 3801.853941011359,
     "mean": 386.04972704129864,
     "unit": "ms"
    },
    "client_processing_time": {
     "50_0": 1.254048984264955,
     "90_0": 1.3767541968263686,
     "99_0": 4.014690167678054,
     "99_9": 18.56145312680569,
     "99_99": 45.80225990999975,
     "100_0": 71.86168900807388,
     "mean": 0.9856453910625377,
     "unit": "ms"
    },
    "processing_time": {
     "50_0": 371.5672989928862,
     "90_0": 498.369297204772,
     "99_0": 1951.755065442412,
     "99_9": 2661.086920746458,
     "99_99": 3493.5082655658366,
     "100_0": 3803.7490529968636,
     "mean": 399.059310731398,
     "unit": "ms"
    },
    "error_rate": 6.355258976803305e-05,
    "duration": 120704.44726001006
   },
   {
    "task": "match-all",
    "operation": "match-all",
    "throughput": {
     "min": 3.02648965263356,
     "mean": 3.0675117493234807,
     "median": 3.0476873333787178,
     "max": 3.2372276160231213,
     "unit": "ops/s"
    },
    "latency": {
     "50_0": 7.314423339266796,
     "90_0": 8.936753337911798,
     "99_0": 14.16343192075147,
     "100_0": 15.40300200576894,
     "mean": 7.648905390378786,
     "unit": "ms"
    },
    "service_time": {
     "50_0": 6.261013004404958,
     "90_0": 8.099925005808473,
     "99_0": 13.411390808614675,
     "100_0": 14.446911998675205,
     "mean": 6.730221860052552,
     "unit": "ms"
    },
    "client_processing_time": {
     "50_0": 0.05723399226553738,
     "90_0": 0.07961089577293023,
     "99_0": 0.10367822571424769,
     "100_0": 0.10736398689914495,
     "mean": 0.061441710422514006,
     "unit": "ms"
    },
    "processing_time": {
     "50_0": 6.405936001101509,
     "90_0": 8.23629390943097,
     "99_0": 13.624159933242487,
     "100_0": 14.596531997085549,
     "mean": 6.884185560629703,
     "unit": "ms"
    },
    "error_rate": 0.0,
    "duration": 36335.70709099877
   },
   {
    "task": "range",
    "operation": "range",
    "throughput": {
     "min": 0.706291480240869,
     "mean": 0.7167469407870564,
     "median": 0.7115246230110777,
     "max": 0.7683783738232426,
     "unit": "ops/s"
    },
    "latency": {
     "50_0": 10.122286505065858,
     "90_0": 12.416381087678019,
     "99_0": 15.520205660868674,
     "100_0": 16.4078757079551,
     "mean": 10.48040428373497,
     "unit": "ms"
    },
    "service_time": {
     "50_0": 8.715778501937166,
     "90_0": 10.991737202857625,
     "99_0": 14.487223759060727,
     "100_0": 14.852013991912827,
     "mean": 9.120658410683973,
     "unit": "ms"
    },
    "client_processing_time": {
     "50_0": 0.10250898776575923,
     "90_0": 0.13029840192757547,
     "99_0": 0.157620073587168,
     "100_0": 0.15851900388952345,
     "mean": 0.10649287825799547,
     "unit": "ms"
    },
    "processing_time": {
     "50_0": 8.99279899749672,
     "90_0": 11.253242805833,
     "99_0": 14.748971324734159,
     "100_0": 15.114214998902753,
     "mean": 9.363938859460177,
     "unit": "ms"
    },
    "error_rate": 0.0,
    "duration": 155716.46904600493
   },
   {
    "task": "distance_amount_agg",
    "operation": "distance_amount_agg",
    "throughput": {
     "min": 1.9812375507525426,
     "mean": 1.9922851858612407,
     "median": 1.9937191255323772,
     "max": 1.9962626332455728,
     "unit": "ops/s"
    },
    "latency": {
     "50_0": 461.2160964970826,
     "90_0": 478.641903901007,
     "100_0": 492.5384980015224,
     "mean": 461.7131482405239,
     "unit": "ms"
    },
    "service_time": {
     "50_0": 460.4305079992628,
     "90_0": 478.270553497714,
     "100_0": 492.17097999644466,
     "mean": 461.02032482012874,
     "unit": "ms"
    },
    "client_processing_time": {
     "50_0": 0.08149349741870537,
     "90_0": 0.11529730254551396,
     "100_0": 0.12407000758685172,
     "mean": 0.08675280114402995,
     "unit": "ms"
    },
    "processing_time": {
     "50_0": 460.67448699614033,
     "90_0": 478.487341987784,
     "100_0": 492.39273500279523,
     "mean": 461.2472837808309,
     "unit": "ms"
    },
    "error_rate": 0.0,
    "duration": 29501.48407300003
   },
   {
    "task": "autohisto_agg",
    "operation": "autohisto_agg",
    "throughput": {
     "min": 1.5132180748934871,
     "mean": 1.5343245556459049,
     "median": 1.5239695925245722,
     "max": 1.6290886342146091,
     "unit": "ops/s"
    },
    "latency": {
     "50_0": 7.197179496870376,
     "90_0": 8.409377874340864,
     "99_0": 10.706086697318833,
     "100_0": 12.44245033012703,
     "mean": 7.382703121111263,
     "unit": "ms"
    },
    "service_time": {
     "50_0": 5.980493995593861,
     "90_0": 7.173790196247867,
     "99_0": 9.250272937642885,
     "100_0": 10.948809998808429,
     "mean": 6.219269239518326,
     "unit": "ms"
    },
    "client_processing_time": {
     "50_0": 0.08642150351079181,
     "90_0": 0.10912999423453586,
     "99_0": 0.13190635057981126,
     "100_0": 0.13263299479149282,
     "mean": 0.08682429979671724,
     "unit": "ms"
    },
    "processing_time": {
     "50_0": 6.145835497591179,
     "90_0": 7.329225505236538,
     "99_0": 9.459828303806725,
     "100_0": 11.149689991725609,
     "mean": 6.378459088882664,
     "unit": "ms"
    },
    "error_rate": 0.0,
    "duration": 72668.93794700445
   },
   {
    "task": "date_histogram_agg",
    "operation": "date_histogram_agg",
    "throughput": {
     "min": 1.5136827103806576,
     "mean": 1.5356102140908308,
     "median": 1.5248337089651138,
     "max": 1.6342731411246874,
     "unit": "ops/s"
    },
    "latency": {
     "50_0": 6.993915339990053,
     "90_0": 7.843362027779222,
     "99_0": 11.297219940897875,
     "100_0": 30.68963067198638,
     "mean": 7.3280330530542415,
     "unit": "ms"
    },
    "service_time": {
     "50_0": 5.7787440018728375,
     "90_0": 6.395423501089681,
     "99_0": 9.610213408741503,
     "100_0": 29.24324100604281,
     "mean": 6.166788649134105,
     "unit": "ms"
    },
    "client_processing_time": {
     "50_0": 0.05868900188943371,
     "90_0": 0.07938239577924834,
     "99_0": 0.11548751688678753,
     "100_0": 0.12306201097089797,
     "mean": 0.061380611441563815,
     "unit": "ms"
    },
    "processing_time": {
     "50_0": 5.8851954963756725,
     "90_0": 6.504745899292175,
     "99_0": 9.733211478305849,
     "100_0": 29.369116004090756,
     "mean": 6.291422909271205,
     "unit": "ms"
    },
    "error_rate": 0.0,
    "duration": 72669.1930800007
   },
   {
    "task": "desc_sort_tip_amount",
    "operation": "desc_sort_tip_amount",
    "throughput": {
     "min": 0.5044851111378417,
     "mean": 0.5119409204138098,
     "median": 0.508215730890339,
     "max": 0.5487923191677251,
     "unit": "ops/s"
    },
    "latency": {
     "50_0": 10.637615494488273,
     "90_0": 11.79237519245362,