{
  "test_run_id": "ca84e359-6a5a-4674-8ddc-51f84524b5b6",
  "throughput": {
    "min": 524273.8750441517,
    "mean": 527350.0445967964,
    "median": 527848.5307282925,
    "max": 529581.7966686321,
    "unit": "docs/s"
  },
  "latency": {
    "50_0": 808.1617759999062,
    "90_0": 2095.288878899464,
    "99_0": 3081.636281220409,
    "99_9": 4073.914018044161,
    "100_0": 4416.042630999982,
    "mean": 1064.5395291492598,
    "unit": "ms"
  },
  "service_time": {
    "50_0": 808.1617759999062,
    "90_0": 2095.288878899464,
    "99_0": 3081.636281220409,
    "99_9": 4073.914018044161,
    "100_0": 4416.042630999982,
    "mean": 1064.5395291492598,
    "unit": "ms"
  },
  "error_rate": 0.0
}
