{
  "test_run_id": "86bbe676-4ae8-4514-9f74-4fb65c001eb1",
  "throughput": {
    "min": 541982.6394520699,
    "mean": 552318.2530446153,
    "median": 551610.2615959514,
    "max": 560745.5783911893,
    "unit": "docs/s"
  },
  "latency": {
    "50_0": 875.3402540000934,
    "90_0": 2130.6965302997924,
    "99_0": 3094.0037175703214,
    "99_9": 4207.782013772992,
    "100_0": 4836.966273999678,
    "mean": 1103.3972241456067,
    "unit": "ms"
  },
  "service_time": {
    "50_0": 875.3402540000934,
    "90_0": 2130.6965302997924,
    "99_0": 3094.0037175703214,
    "99_9": 4207.782013772992,
    "100_0": 4836.966273999678,
    "mean": 1103.3972241456067,
    "unit": "ms"
  },
  "error_rate": 0.0
}
