{
 "benchmark-version": "2.0.0",
 "benchmark-revision": null,
 "environment": "local",
 "test-run-id": "86bbe676-4ae8-4514-9f74-4fb65c001eb1",
 "test-run-timestamp": "20251009T184501Z",
 "pipeline": "benchmark-only",
 "user-tags": {},
 "workload": "nyc_taxis",
 "cluster-config-instance": [
  "external"
 ],
 "cluster": {
  "revision": "8ff7c6ee924a49f0f59f80a6e1c73073c8904214",
  "distribution-version": "3.1.0",
  "distribution-flavor": "oss",
  "cluster-config-revision": null
 },
 "results": {
  "op_metrics": [
   {
    "task": "index",
    "operation": "index",
    "throughput": {
     "min": 541982.6394520699,
     "mean": 552318.2530446153,
     "median": 551610.2615959514,
     "max": 560745.5783911893,
     "unit": "docs/s"
    },
    "latency": {
     "50_0": 875.3402540000934,
     "90_0": 2130.6965302997924,
     "99_0": 3094.0037175703214,
     "99_9": 4207.782013772992,
     "100_0": 4836.966273999678,
     "mean": 1103.3972241456067,
     "unit": "ms"
    },
    "service_time": {
     "50_0": 875.3402540000934,
     "90_0": 2130.6965302997924,
     "99_0": 3094.0037175703214,
     "99_9": 4207.782013772992,
     "100_0": 4836.966273999678,
     "mean": 1103.3972241456067,
     "unit": "ms"
    },
    "client_processing_time": {
     "50_0": 1.3350835001801897,
     "90_0": 1.4176511998812202,
     "99_0": 8.18018599913556,
     "99_9": 37.87874874029708,
     "100_0": 84.64088500022626,
     "mean": 1.5748439407593515,
     "unit": "ms"
    },
    "processing_time": {
     "50_0": 881.2742874997639,
     "90_0": 2133.9172877997044,
     "99_0": 3097.005141529871,
     "99_9": 4210.846951405376,
     "100_0": 4840.038343000742,
     "mean": 1108.2655491558562,
     "unit": "ms"
    },
    "error_rate": 0.0,
    "duration": 304928.8212339998
   }
  ],
  "correctness_metrics": [
   {
    "task": "index",
    "operation": "index",
    "recall@k": {},
    "recall@1": {},
    "error_rate": 0.0,
    "duration": 304928.8212339998
   }
  ],
  "profile_metrics": [],
  "total_time": 35755581,
  "total_time_per_shard": {
   "min": 2,
   "median": 1412202,
   "max": 2001097,
   "unit": "ms"
  },
  "indexing_throttle_time": 0,
  "indexing_throttle_time_per_shard": {
   "min": 0,
   "median": 0,
   "max": 0,
   "unit": "ms"
  },
  "merge_time": 6386380,
  "merge_time_per_shard": {
   "min": 0,
   "median": 254065,
   "max": 342240,
   "unit": "ms"
  },
  "merge_count": 603,
  "refresh_time": 902242,
  "refresh_time_per_shard": {
   "min": 12,
   "median": 33496,
   "max": 57589,
   "unit": "ms"
  },
  "refresh_count": 380,
  "flush_time": 525926,
  "flush_time_per_shard": {
   "min": 217,
   "median": 20933,
   "max": 42767,
   "unit": "ms"
  },
  "flush_count": 73,
  "merge_throttle_time": 843262,
  "merge_throttle_time_per_shard": {
   "min": 0,
   "median": 33239,
   "max": 62604,
   "unit": "ms"
  },
  "ml_processing_time": [],
  "young_gc_time": 40020,
  "young_gc_count": 925,
  "old_gc_time": 0,
  "old_gc_count": 0,
  "memory_segments": 0,
  "memory_doc_values": 0,
  "memory_terms": 0,
  "memory_norms": 0,
  "memory_points": 0,
  "memory_stored_fields": 0,
  "store_size": 84067690736,
  "translog_size": 20931433677,
  "segment_count": 1031,
  "total_transform_search_times": [],
  "total_transform_index_times": [],
  "total_transform_processing_times": [],
  "total_transform_throughput": []
 },
 "workload-revision": "efdc1fe",
 "test_procedure": "append-no-conflicts",
 "workload-params": {
  "bulk_indexing_clients": 60,
  "bulk_size": 10000
 }
}