{
  "test_run_id": "a3168228-6415-4e12-8710-1f4ede86e817",
  "throughput": {
    "min": 535880.0027594827,
    "mean": 544303.0035966433,
    "median": 544534.9355236031,
    "max": 549215.3621486906,
    "unit": "docs/s"
  },
  "latency": {
    "50_0": 829.2466464999961,
    "90_0": 2231.0147594994305,
    "99_0": 3253.266531250347,
    "99_9": 3917.3363803002667,
    "100_0": 4786.7070960001,
    "mean": 1095.0955591031131,
    "unit": "ms"
  },
  "service_time": {
    "50_0": 829.2466464999961,
    "90_0": 2231.0147594994305,
    "99_0": 3253.266531250347,
    "99_9": 3917.3363803002667,
    "100_0": 4786.7070960001,
    "mean": 1095.0955591031131,
    "unit": "ms"
  },
  "error_rate": 0.0
}
