{
  "test_run_id": "295a1f85-1566-4b5b-be86-ccc7472521b1",
  "throughput": {
    "min": 541573.3054515884,
    "mean": 549078.3569808694,
    "median": 548025.3225117109,
    "max": 560025.3392786036,
    "unit": "docs/s"
  },
  "latency": {
    "50_0": 889.0654044998882,
    "90_0": 2255.1517881001932,
    "99_0": 3239.287092909854,
    "99_9": 3685.763381212916,
    "100_0": 4416.080832999796,
    "mean": 1144.3534840334723,
    "unit": "ms"
  },
  "service_time": {
    "50_0": 889.0654044998882,
    "90_0": 2255.1517881001932,
    "99_0": 3239.287092909854,
    "99_9": 3685.763381212916,
    "100_0": 4416.080832999796,
    "mean": 1144.3534840334723,
    "unit": "ms"
  },
  "error_rate": 0.0
}
