{
 "benchmark-version": "2.0.0",
 "benchmark-revision": null,
 "environment": "local",
 "test-run-id": "6c794f4e-4c90-4a8f-9c15-b6985bd85b6f",
 "test-run-timestamp": "20251016T001152Z",
 "pipeline": "benchmark-only",
 "user-tags": {},
 "workload": "nyc_taxis_clean",
 "cluster-config-instance": [
  "external"
 ],
 "cluster": {
  "revision": "8ff7c6ee924a49f0f59f80a6e1c73073c8904214",
  "distribution-version": "3.1.0",
  "distribution-flavor": "oss",
  "cluster-config-revision": null
 },
 "results": {
  "op_metrics": [
   {
    "task": "index",
    "operation": "index",
    "throughput": {
     "min": 1551904.864450759,
     "mean": 1732325.1328001919,
     "median": 1699563.2780571012,
     "max": 1974406.303873639,
     "unit": "docs/s"
    },
    "latency": {
     "50_0": 283.09819199967023,
     "90_0": 461.2341366000691,
     "99_0": 2152.5980590003064,
     "99_9": 3281.734256363856,
     "99_99": 3905.158693614036,
     "100_0": 4337.462282999695,
     "mean": 330.9865069976775,
     "unit": "ms"
    },
    "service_time": {
     "50_0": 283.09819199967023,
     "90_0": 461.2341366000691,
     "99_0": 2152.5980590003064,
     "99_9": 3281.734256363856,
     "99_99": 3905.158693614036,
     "100_0": 4337.462282999695,
     "mean": 330.9865069976775,
     "unit": "ms"
    },
    "client_processing_time": {
     "50_0": 1.2861949990110588,
     "90_0": 1.4083605999985593,
     "99_0": 5.291934999258956,
     "99_9": 37.4719537482382,
     "99_99": 71.5303025405276,
     "100_0": 75.5028140010836,
     "mean": 1.0838086092062555,
     "unit": "ms"
    },
    "processing_time": {
     "50_0": 295.6259630000204,
     "90_0": 490.2423478002674,
     "99_0": 2177.972714800425,
     "99_9": 3294.1108973882,
     "99_99": 3908.5693953909913,
     "100_0": 4340.356547999363,
     "mean": 344.4719802037067,
     "unit": "ms"
    },
    "error_rate": 6.444544692917445e-05,
    "duration": 104138.91680899996
   },
   {
    "task": "match-all",
    "operation": "match-all",
    "throughput": {
     "min": 3.0266712618735236,
     "mean": 3.068084196807786,
     "median": 3.048024486978858,
     "max": 3.2392771402277454,
     "unit": "ops/s"
    },
    "latency": {
     "50_0": 6.253363166251802,
     "90_0": 7.670013233928333,
     "99_0": 9.874384506556462,
     "100_0": 11.71345866714546,
     "mean": 6.349133016592532,
     "unit": "ms"
    },
    "service_time": {
     "50_0": 5.22181799988175,
     "90_0": 6.805412400535718,
     "99_0": 8.635075539596084,
     "100_0": 10.578598000392958,
     "mean": 5.484747190012058,
     "unit": "ms"
    },
    "client_processing_time": {
     "50_0": 0.06636800026171841,
     "90_0": 0.08133620021908429,
     "99_0": 0.12196050060993004,
     "100_0": 0.12448500092432369,
     "mean": 0.0693831600347039,
     "unit": "ms"
    },
    "processing_time": {
     "50_0": 5.378467500122497,
     "90_0": 6.97068400004355,
     "99_0": 8.899893489542603,
     "100_0": 10.832224000296264,
     "mean": 5.660351649930817,
     "unit": "ms"
    },
    "error_rate": 0.0,
    "duration": 36335.8951729997
   },
   {
    "task": "range",
    "operation": "range",
    "throughput": {
     "min": 0.7063067917741599,
     "mean": 0.7168005676586904,
     "median": 0.7115611477489303,
     "max": 0.7686252757064646,
     "unit": "ops/s"
    },
    "latency": {
     "50_0": 7.74382335748669,
     "90_0": 8.481812058107607,
     "99_0": 9.735881516280651,
     "100_0": 11.611289572101668,
     "mean": 7.64233986014915,
     "unit": "ms"
    },
    "service_time": {
     "50_0": 5.962987000202702,
     "90_0": 6.522833899362013,
     "99_0": 7.781639350350826,
     "100_0": 9.782860000086657,
     "mean": 6.023527859933893,
     "unit": "ms"
    },
    "client_processing_time": {
     "50_0": 0.11490899987620651,
     "90_0": 0.14792619931540685,
     "99_0": 0.1793240705592325,
     "100_0": 0.1816079993659514,
     "mean": 0.12159557011727884,
     "unit": "ms"
    },
    "processing_time": {
     "50_0": 6.248280499676184,
     "90_0": 6.809531699764193,
     "99_0": 8.072314179898978,
     "100_0": 10.038669999630656,
     "mean": 6.3035899200622225,
     "unit": "ms"
    },
    "error_rate": 0.0,
    "duration": 155717.88961899985
   },
   {
    "task": "distance_amount_agg",
    "operation": "distance_amount_agg",
    "throughput": {
     "min": 2.007268604225156,
     "mean": 2.015512485861141,
     "median": 2.012370569186801,
     "max": 2.039647116314942,
     "unit": "ops/s"
    },
    "latency": {
     "50_0": 330.79221850039175,
     "90_0": 332.1661541004687,
     "100_0": 337.6391399997374,
     "mean": 331.03852366019055,
     "unit": "ms"
    },
    "service_time": {
     "50_0": 329.9770095004533,
     "90_0": 331.47191759971975,
     "100_0": 336.68756399947597,
     "mean": 330.20723515999634,
     "unit": "ms"
    },
    "client_processing_time": {
     "50_0": 0.08871699992596405,
     "90_0": 0.11217220035177888,
     "100_0": 0.17830599972512573,
     "mean": 0.09565987995301839,
     "unit": "ms"
    },
    "processing_time": {
     "50_0": 330.20901350028,
     "90_0": 331.6964667003049,
     "100_0": 336.93214600043575,
     "mean": 330.46069144002104,
     "unit": "ms"
    },
    "error_rate": 0.0,
    "duration": 29502.564622000136
   },
   {
    "task": "autohisto_agg",
    "operation": "autohisto_agg",
    "throughput": {
     "min": 1.5131232479408447,
     "mean": 1.5340918555323102,
     "median": 1.5237885220598035,
     "max": 1.6281182109038554,
     "unit": "ops/s"
    },
    "latency": {
     "50_0": 6.6003768324662815,
     "90_0": 7.823399966491708,
     "99_0": 10.43751637612332,
     "100_0": 11.786989666688896,
     "mean": 6.828045303036561,
     "unit": "ms"
    },
    "service_time": {
     "50_0": 5.460563500037097,
     "90_0": 6.67784049992406,
     "99_0": 8.698904509792563,
     "100_0": 10.12653500038141,
     "mean": 5.696838409976408,
     "unit": "ms"
    },
    "client_processing_time": {
     "50_0": 0.07969650005179574,
     "90_0": 0.11448829927758197,
     "99_0": 0.13249496952084883,
     "100_0": 0.13318500077730278,
     "mean": 0.08407343005274015,
     "unit": "ms"
    },
    "processing_time": {
     "50_0": 5.6106959996213845,
     "90_0": 6.818471200222122,
     "99_0": 8.912049080217919,
     "100_0": 10.325777000616654,
     "mean": 5.855734140022832,
     "unit": "ms"
    },
    "error_rate": 0.0,
    "duration": 72668.59484700035
   },
   {
    "task": "date_histogram_agg",
    "operation": "date_histogram_agg",
    "throughput": {
     "min": 1.5137217974791297,
     "mean": 1.535717504229063,
     "median": 1.5249095427287203,
     "max": 1.6346502018319304,
     "unit": "ops/s"
    },
    "latency": {
     "50_0": 6.338385499930155,
     "90_0": 7.034624666630407,
     "99_0": 7.856039023472476,
     "100_0": 7.8680863334739115,
     "mean": 6.408588533413422,
     "unit": "ms"
    },
    "service_time": {
     "50_0": 5.190580500311626,
     "90_0": 5.713612099680177,
     "99_0": 6.21137582010306,
     "100_0": 6.7614019999382435,
     "mean": 5.256368799973643,
     "unit": "ms"
    },
    "client_processing_time": {
     "50_0": 0.07851250029489165,
     "90_0": 0.11613610040512873,
     "99_0": 0.17498053954113857,
     "100_0": 0.1760240002113278,
     "mean": 0.08700288998625183,
     "unit": "ms"
    },
    "processing_time": {
     "50_0": 5.3399315002025105,
     "90_0": 5.895871099346551,
     "99_0": 6.4352134505043095,
     "100_0": 6.910160999723303,
     "mean": 5.431446809998306,
     "unit": "ms"
    },
    "error_rate": 0.0,
    "duration": 72668.37488500006
   },
   {
    "task": "desc_sort_tip_amount",
    "operation": "desc_sort_tip_amount",
    "throughput": {
     "min": 0.5045316726037737,
     "mean": 0.5120695767930982,
     "median": 0.5083027838174619,
     "max": 0.5493506959420209,
     "unit": "ops/s"
    },
    "latency": {
     "50_0": 8.43919249928149,
     "90_0": 8.985805499560229,
     "99_0": 9.35557577923646,