{
 "benchmark-version": "2.0.0",
 "benchmark-revision": null,
 "environment": "local",
 "test-run-id": "ff728221-7415-411b-8779-30fbfa05c206",
 "test-run-timestamp": "20251015T233419Z",
 "pipeline": "benchmark-only",
 "user-tags": {},
 "workload": "nyc_taxis_clean",
 "cluster-config-instance": [
  "external"
 ],
 "cluster": {
  "revision": "8ff7c6ee924a49f0f59f80a6e1c73073c8904214",
  "distribution-version": "3.1.0",
  "distribution-flavor": "oss",
  "cluster-config-revision": null
 },
 "results": {
  "op_metrics": [
   {
    "task": "index",
    "operation": "index",
    "throughput": {
     "min": 1474558.8978268176,
     "mean": 1634135.4878123365,
     "median": 1583277.268736972,
     "max": 1851542.793079908,
     "unit": "docs/s"
    },
    "latency": {
     "50_0": 304.3571385001087,
     "90_0": 483.82713470014136,
     "99_0": 2347.4013378600434,
     "99_9": 6402.847622462092,
     "99_99": 6682.611640083305,
     "100_0": 8246.208682000088,
     "mean": 359.9699198855099,
     "unit": "ms"
    },
    "service_time": {
     "50_0": 304.3571385001087,
     "90_0": 483.82713470014136,
     "99_0": 2347.4013378600434,
     "99_9": 6402.847622462092,
     "99_99": 6682.611640083305,
     "100_0": 8246.208682000088,
     "mean": 359.9699198855099,
     "unit": "ms"
    },
    "client_processing_time": {
     "50_0": 1.2978059996839875,
     "90_0": 1.4381511000010505,
     "99_0": 5.798978860129864,
     "99_9": 39.83440243809667,
     "99_99": 46.44743463662638,
     "100_0": 79.89371000030587,
     "mean": 1.1663442518555316,
     "unit": "ms"
    },
    "processing_time": {
     "50_0": 317.2664864998751,
     "90_0": 503.9221668002029,
     "99_0": 2359.523608519767,
     "99_9": 6407.4788591221395,
     "99_99": 6685.83462203253,
     "100_0": 8284.947086000102,
     "mean": 372.097555655818,
     "unit": "ms"
    },
    "error_rate": 6.406970784213224e-05,
    "duration": 108885.11197700018
   },
   {
    "task": "match-all",
    "operation": "match-all",
    "throughput": {
     "min": 3.026591714985112,
     "mean": 3.067807295962841,
     "median": 3.0478059059279787,
     "max": 3.23827542053788,
     "unit": "ops/s"
    },
    "latency": {
     "50_0": 6.90618216663097,
     "90_0": 8.377324133471122,
     "99_0": 13.568225003341473,
     "100_0": 14.57535233339513,
     "mean": 7.298568306673587,
     "unit": "ms"
    },
    "service_time": {
     "50_0": 5.847678500003894,
     "90_0": 7.352520900303717,
     "99_0": 12.578882590164545,
     "100_0": 13.490830000137066,
     "mean": 6.34060971002782,
     "unit": "ms"
    },
    "client_processing_time": {
     "50_0": 0.07321649991354207,
     "90_0": 0.10591149971332925,
     "99_0": 0.14156898008877766,
     "100_0": 0.15206099988063215,
     "mean": 0.07930758996280929,
     "unit": "ms"
    },
    "processing_time": {
     "50_0": 6.0404539999581175,
     "90_0": 7.541862899915941,
     "99_0": 12.809845970186876,
     "100_0": 13.693021999642951,
     "mean": 6.5346902299870635,
     "unit": "ms"
    },
    "error_rate": 0.0,
    "duration": 36335.319359000096
   },
   {
    "task": "range",
    "operation": "range",
    "throughput": {
     "min": 0.70628459075401,
     "mean": 0.7167302032725278,
     "median": 0.7115115867095362,
     "max": 0.7683026888528532,
     "unit": "ops/s"
    },
    "latency": {
     "50_0": 7.809255143001792,
     "90_0": 8.792319400163251,
     "99_0": 10.30216721998386,
     "100_0": 10.727167714321695,
     "mean": 7.8515013299966085,
     "unit": "ms"
    },
    "service_time": {
     "50_0": 6.362025000044014,
     "90_0": 7.004500200173425,
     "99_0": 7.932870679919689,
     "100_0": 8.167468999999983,
     "mean": 6.4389102000086496,
     "unit": "ms"
    },
    "client_processing_time": {
     "50_0": 0.13411950021691155,
     "90_0": 0.15022280031189442,
     "99_0": 0.1762859498421676,
     "100_0": 0.17746899993653642,
     "mean": 0.12838794997605874,
     "unit": "ms"
    },
    "processing_time": {
     "50_0": 6.655249999766966,
     "90_0": 7.3265615003037965,
     "99_0": 8.25133381019896,
     "100_0": 8.510002000093664,
     "mean": 6.732570249969285,
     "unit": "ms"
    },
    "error_rate": 0.0,
    "duration": 155716.8835120001
   },
   {
    "task": "distance_amount_agg",
    "operation": "distance_amount_agg",
    "throughput": {
     "min": 1.983368934027499,
     "mean": 1.9931111740878964,
     "median": 1.994401593313422,
     "max": 1.9966295711412636,
     "unit": "ops/s"
    },
    "latency": {
     "50_0": 457.6059544997406,
     "90_0": 459.45892169961553,
     "100_0": 480.330667999624,
     "mean": 458.101751599761,
     "unit": "ms"
    },
    "service_time": {
     "50_0": 456.87181649986996,
     "90_0": 458.8313882998591,
     "100_0": 480.0707760000478,
     "mean": 457.44752831998085,
     "unit": "ms"
    },
    "client_processing_time": {
     "50_0": 0.08764899985180818,
     "90_0": 0.11394710049899004,
     "100_0": 0.15100199971129769,
     "mean": 0.09371511997414927,
     "unit": "ms"
    },
    "processing_time": {
     "50_0": 457.16180350018476,
     "90_0": 459.0545741000369,
     "100_0": 480.3113480002139,
     "mean": 457.6948686000105,
     "unit": "ms"
    },
    "error_rate": 0.0,
    "duration": 29502.005384999848
   },
   {
    "task": "autohisto_agg",
    "operation": "autohisto_agg",
    "throughput": {
     "min": 1.5131245149597354,
     "mean": 1.5340761125308862,
     "median": 1.523787752675827,
     "max": 1.6280954068251743,
     "unit": "ops/s"
    },
    "latency": {
     "50_0": 7.2353994999048155,
     "90_0": 8.522173133496835,
     "99_0": 10.752280153551512,
     "100_0": 11.065993333431834,
     "mean": 7.434195213209023,
     "unit": "ms"
    },
    "service_time": {
     "50_0": 5.854573500073457,
     "90_0": 7.22442970013617,
     "99_0": 9.169127060013128,
     "100_0": 9.684824000032677,
     "mean": 6.266877849998309,
     "unit": "ms"
    },
    "client_processing_time": {
     "50_0": 0.09223899996868568,
     "90_0": 0.12389789990265854,
     "99_0": 0.15646925952751195,
     "100_0": 0.16807800011520158,
     "mean": 0.09665287999268912,
     "unit": "ms"
    },
    "processing_time": {
     "50_0": 6.033285000057731,
     "90_0": 7.398146800096584,
     "99_0": 9.349616179906665,
     "100_0": 9.887203999824123,
     "mean": 6.4497960599874204,
     "unit": "ms"
    },
    "error_rate": 0.0,
    "duration": 72669.33292099975
   },
   {
    "task": "date_histogram_agg",
    "operation": "date_histogram_agg",
    "throughput": {
     "min": 1.5137141543116195,
     "mean": 1.5356829082568473,
     "median": 1.5248895438938364,
     "max": 1.6345482763760786,
     "unit": "ops/s"
    },
    "latency": {
     "50_0": 6.731135500103846,
     "90_0": 7.422642667097534,
     "99_0": 8.222469223501326,
     "100_0": 9.139561333540769,
     "mean": 6.775614553594096,
     "unit": "ms"
    },
    "service_time": {
     "50_0": 5.4433269999663025,
     "90_0": 6.151476400282265,
     "99_0": 6.827849020205582,
     "100_0": 7.92556299984426,
     "mean": 5.605946100045003,
     "unit": "ms"
    },
    "client_processing_time": {
     "50_0": 0.07890000006227638,
     "90_0": 0.09365529977003462,
     "99_0": 0.12393354957566771,
     "100_0": 0.12478000007831724,
     "mean": 0.08172283992735174,
     "unit": "ms"
    },
    "processing_time": {
     "50_0": 5.600816499963912,
     "90_0": 6.321235299901676,
     "99_0": 7.046590310010293,
     "100_0": 8.125225999719987,
     "mean": 5.771867180005756,
     "unit": "ms"
    },
    "error_rate": 0.0,
    "duration": 72669.64973299991
   },
   {
    "task": "desc_sort_tip_amount",
    "operation": "desc_sort_tip_amount",
    "throughput": {
     "min": 0.5045335556552357,
     "mean": 0.5120747135571919,
     "median": 0.5083060488299079,
     "max": 0.5493767828460644,
     "unit": "ops/s"
    },
    "latency": {
     "50_0": 8.741539500306317,
     "90_0": 9.227857100131587,
     "99_0": 9.741897810354203,