{
 "benchmark-version": "2.0.0",
 "benchmark-revision": null,
 "environment": "local",
 "test-run-id": "311058ee-6b49-4fcc-90d2-6384fc714d35",
 "test-run-timestamp": "20251016T003035Z",
 "pipeline": "benchmark-only",
 "user-tags": {},
 "workload": "nyc_taxis_clean",
 "cluster-config-instance": [
  "external"
 ],
 "cluster": {
  "revision": "8ff7c6ee924a49f0f59f80a6e1c73073c8904214",
  "distribution-version": "3.1.0",
  "distribution-flavor": "oss",
  "cluster-config-revision": null
 },
 "results": {
  "op_metrics": [
   {
    "task": "index",
    "operation": "index",
    "throughput": {
     "min": 1567892.3695137762,
     "mean": 1743845.8217731423,
     "median": 1726404.6849678897,
     "max": 1975240.3989168648,
     "unit": "docs/s"
    },
    "latency": {
     "50_0": 295.802229000401,
     "90_0": 463.4343523000098,
     "99_0": 2116.015356569514,
     "99_9": 3088.487737445433,
     "99_99": 3971.4685943174377,
     "100_0": 4102.201528000478,
     "mean": 339.1232320462372,
     "unit": "ms"
    },
    "service_time": {
     "50_0": 295.802229000401,
     "90_0": 463.4343523000098,
     "99_0": 2116.015356569514,
     "99_9": 3088.487737445433,
     "99_99": 3971.4685943174377,
     "100_0": 4102.201528000478,
     "mean": 339.1232320462372,
     "unit": "ms"
    },
    "client_processing_time": {
     "50_0": 1.2872270003754238,
     "90_0": 1.416047899874684,
     "99_0": 6.451283659898757,
     "99_9": 39.281582417119864,
     "99_99": 73.39875096835057,
     "100_0": 78.16006800021569,
     "mean": 1.1832551945652061,
     "unit": "ms"
    },
    "processing_time": {
     "50_0": 306.965854000282,
     "90_0": 484.5375733005312,
     "99_0": 2118.79215239026,
     "99_9": 3091.6798473606755,
     "99_99": 3974.4086895598466,
     "100_0": 4140.162256000622,
     "mean": 350.9542165075269,
     "unit": "ms"
    },
    "error_rate": 6.430041152263375e-05,
    "duration": 104079.43171599982
   },
   {
    "task": "match-all",
    "operation": "match-all",
    "throughput": {
     "min": 3.0269725159870604,
     "mean": 3.0688782517755104,
     "median": 3.048574200730118,
     "max": 3.2424882774424937,
     "unit": "ops/s"
    },
    "latency": {
     "50_0": 5.258935333586123,
     "90_0": 6.712698166938935,
     "99_0": 9.054054300149803,
     "100_0": 9.53661000039574,
     "mean": 5.506733186748534,
     "unit": "ms"
    },
    "service_time": {
     "50_0": 4.305939500227396,
     "90_0": 5.959915299536078,
     "99_0": 8.077562679700353,
     "100_0": 8.73954400049115,
     "mean": 4.579032030005692,
     "unit": "ms"
    },
    "client_processing_time": {
     "50_0": 0.07268150011441321,
     "90_0": 0.09835540076892357,
     "99_0": 0.13218603094173895,
     "100_0": 0.14981100048316875,
     "mean": 0.07639290000952315,
     "unit": "ms"
    },
    "processing_time": {
     "50_0": 4.490250999879208,
     "90_0": 6.128473899389064,
     "99_0": 8.30651803995352,
     "100_0": 8.96873300007428,
     "mean": 4.7680099600074755,
     "unit": "ms"
    },
    "error_rate": 0.0,
    "duration": 36335.50588700018
   },
   {
    "task": "range",
    "operation": "range",
    "throughput": {
     "min": 0.7063526676356993,
     "mean": 0.7169239592497698,
     "median": 0.7116390803379897,
     "max": 0.7691640742422431,
     "unit": "ops/s"
    },
    "latency": {
     "50_0": 7.025543071449647,
     "90_0": 8.169262771480135,
     "99_0": 12.865057846875063,
     "100_0": 13.25547042870312,
     "mean": 7.155460560134088,
     "unit": "ms"
    },
    "service_time": {
     "50_0": 5.413754499841161,
     "90_0": 5.988645100023859,
     "99_0": 11.75596863021383,
     "100_0": 11.994423000032839,
     "mean": 5.61719864996121,
     "unit": "ms"
    },
    "client_processing_time": {
     "50_0": 0.109732000510121,
     "90_0": 0.157021799350332,
     "99_0": 0.18728412070231576,
     "100_0": 0.1955130010173889,
     "mean": 0.12131842006056104,
     "unit": "ms"
    },
    "processing_time": {
     "50_0": 5.706192499928875,
     "90_0": 6.2995887999932165,
     "99_0": 12.008704899217266,
     "100_0": 12.244215999999142,
     "mean": 5.898206619986013,
     "unit": "ms"
    },
    "error_rate": 0.0,
    "duration": 155717.61337800036
   },
   {
    "task": "distance_amount_agg",
    "operation": "distance_amount_agg",
    "throughput": {
     "min": 2.006670821526612,
     "mean": 2.0141270309660113,
     "median": 2.0112632718307326,
     "max": 2.036109978157558,
     "unit": "ops/s"
    },
    "latency": {
     "50_0": 399.3369985000754,
     "90_0": 402.6231142999677,
     "100_0": 427.1228699999483,
     "mean": 400.80031362025693,
     "unit": "ms"
    },
    "service_time": {
     "50_0": 398.5437985002136,
     "90_0": 401.6755352000473,
     "100_0": 426.4186169993991,
     "mean": 400.08243130001574,
     "unit": "ms"
    },
    "client_processing_time": {
     "50_0": 0.08226299951274996,
     "90_0": 0.10892530035562231,
     "100_0": 0.12590099959197687,
     "mean": 0.08732558000701829,
     "unit": "ms"
    },
    "processing_time": {
     "50_0": 398.7829395000517,
     "90_0": 401.9114090995572,
     "100_0": 426.68040500029747,
     "mean": 400.3184869200595,
     "unit": "ms"
    },
    "error_rate": 0.0,
    "duration": 29501.792273999854
   },
   {
    "task": "autohisto_agg",
    "operation": "autohisto_agg",
    "throughput": {
     "min": 1.5135216421158855,
     "mean": 1.5351429554766634,
     "median": 1.5245256340116122,
     "max": 1.6322403118699518,
     "unit": "ops/s"
    },
    "latency": {
     "50_0": 6.253071167066082,
     "90_0": 7.117448433746176,
     "99_0": 8.540167466890125,
     "100_0": 8.645714667181892,
     "mean": 6.377332323509108,
     "unit": "ms"
    },
    "service_time": {
     "50_0": 5.081652499939082,
     "90_0": 5.706795699825307,
     "99_0": 6.898606950226169,
     "100_0": 7.185602999925322,
     "mean": 5.183174089952445,
     "unit": "ms"
    },
    "client_processing_time": {
     "50_0": 0.07776900065437076,
     "90_0": 0.10265870005241597,
     "99_0": 0.14332674971228698,
     "100_0": 0.14557899885403458,
     "mean": 0.08306240003548737,
     "unit": "ms"
    },
    "processing_time": {
     "50_0": 5.245075999937399,
     "90_0": 5.881783499899029,
     "99_0": 7.072872979915703,
     "100_0": 7.380959000329312,
     "mean": 5.3400426199732465,
     "unit": "ms"
    },
    "error_rate": 0.0,
    "duration": 72669.30899100043
   },
   {
    "task": "date_histogram_agg",
    "operation": "date_histogram_agg",
    "throughput": {
     "min": 1.5137495841758324,
     "mean": 1.5357468782648767,
     "median": 1.52492112812407,
     "max": 1.6347316451598068,
     "unit": "ops/s"
    },
    "latency": {
     "50_0": 5.836198500219325,
     "90_0": 6.481415666985413,
     "99_0": 7.365231483217942,
     "100_0": 7.758012333397346,
     "mean": 5.894093653505479,
     "unit": "ms"
    },
    "service_time": {
     "50_0": 4.727656499653676,
     "90_0": 5.166089099566307,
     "99_0": 5.89573448040028,
     "100_0": 6.072199999834993,
     "mean": 4.81249166005,
     "unit": "ms"
    },
    "client_processing_time": {
     "50_0": 0.07954900002005161,
     "90_0": 0.10900559918809449,
     "99_0": 0.13423043045804675,
     "100_0": 0.16238900025200564,
     "mean": 0.08491352997225476,
     "unit": "ms"
    },
    "processing_time": {
     "50_0": 4.888572999789176,
     "90_0": 5.346582900165231,
     "99_0": 6.051452680749209,
     "100_0": 6.317730999398918,
     "mean": 4.9831149399688,
     "unit": "ms"
    },
    "error_rate": 0.0,
    "duration": 72668.6086310001
   },
   {
    "task": "desc_sort_tip_amount",
    "operation": "desc_sort_tip_amount",
    "throughput": {
     "min": 0.5045501555854219,
     "mean": 0.5121180952451695,
     "median": 0.5083333865873884,
     "max": 0.5495507676030773,
     "unit": "ops/s"
    },
    "latency": {
     "50_0": 7.786077999753616,
     "90_0": 8.434934099841485,
     "99_0": 14.312830050093908,