{
 "benchmark-version": "2.0.0",
 "benchmark-revision": null,
 "environment": "local",
 "test-run-id": "b8d771bb-49bf-40fc-8838-111c44b074d5",
 "test-run-timestamp": "20251015T235307Z",
 "pipeline": "benchmark-only",
 "user-tags": {},
 "workload": "nyc_taxis_clean",
 "cluster-config-instance": [
  "external"
 ],
 "cluster": {
  "revision": "8ff7c6ee924a49f0f59f80a6e1c73073c8904214",
  "distribution-version": "3.1.0",
  "distribution-flavor": "oss",
  "cluster-config-revision": null
 },
 "results": {
  "op_metrics": [
   {
    "task": "index",
    "operation": "index",
    "throughput": {
     "min": 1552990.6028829194,
     "mean": 1736847.1609550365,
     "median": 1701557.6638830353,
     "max": 1998241.3043911706,
     "unit": "docs/s"
    },
    "latency": {
     "50_0": 298.6785449998024,
     "90_0": 456.231052000021,
     "99_0": 1959.2301970001245,
     "99_9": 3023.7875784001067,
     "99_99": 3726.8936357250627,
     "100_0": 3870.9148719999575,
     "mean": 341.253855266288,
     "unit": "ms"
    },
    "service_time": {
     "50_0": 298.6785449998024,
     "90_0": 456.231052000021,
     "99_0": 1959.2301970001245,
     "99_9": 3023.7875784001067,
     "99_99": 3726.8936357250627,
     "100_0": 3870.9148719999575,
     "mean": 341.253855266288,
     "unit": "ms"
    },
    "client_processing_time": {
     "50_0": 1.2917929998366162,
     "90_0": 1.4119759998720838,
     "99_0": 4.993267999680029,
     "99_9": 16.8136576498294,
     "99_99": 60.76974421982379,
     "100_0": 74.1954390000501,
     "mean": 1.0966864414504396,
     "unit": "ms"
    },
    "processing_time": {
     "50_0": 309.440332000122,
     "90_0": 476.9927350002945,
     "99_0": 1964.0873670000474,
     "99_9": 3026.5709370999243,
     "99_99": 3745.5691135897478,
     "100_0": 3873.9151399995535,
     "mean": 352.7763451210866,
     "unit": "ms"
    },
    "error_rate": 6.430454633142563e-05,
    "duration": 104502.44281499999
   },
   {
    "task": "match-all",
    "operation": "match-all",
    "throughput": {
     "min": 3.026823915447178,
     "mean": 3.068559703762602,
     "median": 3.048339814510754,
     "max": 3.2415516324828895,
     "unit": "ops/s"
    },
    "latency": {
     "50_0": 6.299217499872611,
     "90_0": 8.248428533170229,
     "99_0": 10.473235409881463,
     "100_0": 12.089252999885503,
     "mean": 6.637591056587553,
     "unit": "ms"
    },
    "service_time": {
     "50_0": 5.404556500025137,
     "90_0": 7.217486499803273,
     "99_0": 9.365743529856458,
     "100_0": 11.631411000053049,
     "mean": 5.724236790015311,
     "unit": "ms"
    },
    "client_processing_time": {
     "50_0": 0.06955699996069598,
     "90_0": 0.09754350030561912,
     "99_0": 0.13123959018230388,
     "100_0": 0.1459499999327818,
     "mean": 0.07442066998464725,
     "unit": "ms"
    },
    "processing_time": {
     "50_0": 5.579305499850307,
     "90_0": 7.419726599937349,
     "99_0": 9.524511320187242,
     "100_0": 11.845399999856454,
     "mean": 5.9079447800058915,
     "unit": "ms"
    },
    "error_rate": 0.0,
    "duration": 36335.26203299971
   },
   {
    "task": "range",
    "operation": "range",
    "throughput": {
     "min": 0.7062882744287099,
     "mean": 0.7167396006830921,
     "median": 0.7115218458637915,
     "max": 0.7683718603628413,
     "unit": "ops/s"
    },
    "latency": {
     "50_0": 7.706202285589825,
     "90_0": 8.613214571550998,
     "99_0": 9.170783628746905,
     "100_0": 9.542463571506232,
     "mean": 7.636249749934905,
     "unit": "ms"
    },
    "service_time": {
     "50_0": 6.26729049986352,
     "90_0": 6.7801602000145085,
     "99_0": 7.416956650195067,
     "100_0": 8.5018630002196,
     "mean": 6.269308200025989,
     "unit": "ms"
    },
    "client_processing_time": {
     "50_0": 0.11923650004064257,
     "90_0": 0.15390039975500258,
     "99_0": 0.18037260982509906,
     "100_0": 0.18152200027543586,
     "mean": 0.12638562997835834,
     "unit": "ms"
    },
    "processing_time": {
     "50_0": 6.532621499900415,
     "90_0": 7.113164600241363,
     "99_0": 7.7787223098585,
     "100_0": 8.864980999987893,
     "mean": 6.558094639976844,
     "unit": "ms"
    },
    "error_rate": 0.0,
    "duration": 155716.7100019997
   },
   {
    "task": "distance_amount_agg",
    "operation": "distance_amount_agg",
    "throughput": {
     "min": 2.002139972520002,
     "mean": 2.0045496480553138,
     "median": 2.003619684232825,
     "max": 2.0115806396845883,
     "unit": "ops/s"
    },
    "latency": {
     "50_0": 416.5574654998636,
     "90_0": 418.4374976998697,
     "100_0": 428.91037600020354,
     "mean": 416.91295403997174,
     "unit": "ms"
    },
    "service_time": {
     "50_0": 415.82639550006206,
     "90_0": 417.75799229976656,
     "100_0": 427.8838480004197,
     "mean": 416.2845816599656,
     "unit": "ms"
    },
    "client_processing_time": {
     "50_0": 0.0897919999260921,
     "90_0": 0.1142286999765929,
     "100_0": 0.14496699986921158,
     "mean": 0.09275412005990802,
     "unit": "ms"
    },
    "processing_time": {
     "50_0": 416.05767750024825,
     "90_0": 418.01068309987386,
     "100_0": 428.1546160000289,
     "mean": 416.5327827800047,
     "unit": "ms"
    },
    "error_rate": 0.0,
    "duration": 29501.562573999763
   },
   {
    "task": "autohisto_agg",
    "operation": "autohisto_agg",
    "throughput": {
     "min": 1.5130798450612313,
     "mean": 1.5339495868290576,
     "median": 1.5237123936775419,
     "max": 1.6275634052297432,
     "unit": "ops/s"
    },
    "latency": {
     "50_0": 6.855012167306995,
     "90_0": 8.93424710029649,
     "99_0": 13.663468613758642,
     "100_0": 22.566830333744292,
     "mean": 7.342517663601029,
     "unit": "ms"
    },
    "service_time": {
     "50_0": 5.571826000050351,
     "90_0": 7.57901770030003,
     "99_0": 12.16443439008804,
     "100_0": 21.682432000488916,
     "mean": 6.185713729983036,
     "unit": "ms"
    },
    "client_processing_time": {
     "50_0": 0.12275050039534108,
     "90_0": 0.14486370046142838,
     "99_0": 0.16002520058464145,
     "100_0": 0.1633120000406052,
     "mean": 0.11893514004441386,
     "unit": "ms"
    },
    "processing_time": {
     "50_0": 5.8018349996018515,
     "90_0": 7.7562712997860235,
     "99_0": 12.367126160479579,
     "100_0": 21.874903999560047,
     "mean": 6.406845080009589,
     "unit": "ms"
    },
    "error_rate": 0.0,
    "duration": 72668.9784350001
   },
   {
    "task": "date_histogram_agg",
    "operation": "date_histogram_agg",
    "throughput": {
     "min": 1.5137312249940271,
     "mean": 1.535715092571778,
     "median": 1.5249125886455275,
     "max": 1.6345526291825867,
     "unit": "ops/s"
    },
    "latency": {
     "50_0": 6.484514000476338,
     "90_0": 7.011343434078299,
     "99_0": 7.620649187792879,
     "100_0": 7.756429667097109,
     "mean": 6.505828553754327,
     "unit": "ms"
    },
    "service_time": {
     "50_0": 5.272286500257906,
     "90_0": 5.600655499893037,
     "99_0": 6.174840700205095,
     "100_0": 6.220747000043048,
     "mean": 5.316661999995631,
     "unit": "ms"
    },
    "client_processing_time": {
     "50_0": 0.08339350006281165,
     "90_0": 0.1178018009341031,
     "99_0": 0.1483427597941045,
     "100_0": 0.1499029986007372,
     "mean": 0.08907321997867257,
     "unit": "ms"
    },
    "processing_time": {
     "50_0": 5.443552499855286,
     "90_0": 5.798099300136528,
     "99_0": 6.376295969912462,
     "100_0": 6.436286999814911,
     "mean": 5.495279130009294,
     "unit": "ms"
    },
    "error_rate": 0.0,
    "duration": 72669.13693100013
   },
   {
    "task": "desc_sort_tip_amount",
    "operation": "desc_sort_tip_amount",
    "throughput": {
     "min": 0.5045376467750496,
     "mean": 0.512082223002187,
     "median": 0.5083110287359034,
     "max": 0.5493884992102235,
     "unit": "ops/s"
    },
    "latency": {
     "50_0": 8.094998499927897,
     "90_0": 8.646751999458502,
     "99_0": 9.248121429645835,