{
 "benchmark-version": "2.0.0",
 "benchmark-revision": null,
 "environment": "local",
 "test-run-id": "4a9c5b00-0d0c-43cc-a1b3-36b49f44eca9",
 "test-run-timestamp": "20251006T194005Z",
 "pipeline": "benchmark-only",
 "user-tags": {},
 "workload": "nyc_taxis",
 "cluster-config-instance": [
  "external"
 ],
 "cluster": {
  "revision": "8ff7c6ee924a49f0f59f80a6e1c73073c8904214",
  "distribution-version": "3.1.0",
  "distribution-flavor": "oss",
  "cluster-config-revision": null
 },
 "results": {
  "op_metrics": [
   {
    "task": "index",
    "operation": "index",
    "throughput": {
     "min": 497833.8243345502,
     "mean": 506131.4116942165,
     "median": 505787.76692787575,
     "max": 510517.6988335973,
     "unit": "docs/s"
    },
    "latency": {
     "50_0": 941.1527015035972,
     "90_0": 2769.0756126015913,
     "99_0": 3692.131376435428,
     "99_9": 4586.197870932813,
     "100_0": 4737.496037996607,
     "mean": 1305.1652623262128,
     "unit": "ms"
    },
    "service_time": {
     "50_0": 941.1527015035972,
     "90_0": 2769.0756126015913,
     "99_0": 3692.131376435428,
     "99_9": 4586.197870932813,
     "100_0": 4737.496037996607,
     "mean": 1305.1652623262128,
     "unit": "ms"
    },
    "client_processing_time": {
     "50_0": 1.3380129967117682,
     "90_0": 1.4235322043532506,
     "99_0": 10.287260901677705,
     "99_9": 38.83443278398792,
     "100_0": 76.99709398730192,
     "mean": 1.632976667497641,
     "unit": "ms"
    },
    "processing_time": {
     "50_0": 947.0148809923558,
     "90_0": 2772.0644255008665,
     "99_0": 3695.152218601289,
     "99_9": 4589.916599352467,
     "100_0": 4740.619257994695,
     "mean": 1309.0071870122913,
     "unit": "ms"
    },
    "error_rate": 0.0,
    "duration": 330103.26630801137
   }
  ],
  "correctness_metrics": [
   {
    "task": "index",
    "operation": "index",
    "recall@k": {},
    "recall@1": {},
    "error_rate": 0.0,
    "duration": 330103.26630801137
   }
  ],
  "profile_metrics": [],
  "total_time": 51433218,
  "total_time_per_shard": {
   "min": 0,
   "median": 1059325.5,
   "max": 1208388,
   "unit": "ms"
  },
  "indexing_throttle_time": 0,
  "indexing_throttle_time_per_shard": {
   "min": 0,
   "median": 0.0,
   "max": 0,
   "unit": "ms"
  },
  "merge_time": 8696065,
  "merge_time_per_shard": {
   "min": 0,
   "median": 177610.5,
   "max": 284120,
   "unit": "ms"
  },
  "merge_count": 674,
  "refresh_time": 1575140,
  "refresh_time_per_shard": {
   "min": 0,
   "median": 32581.0,
   "max": 55252,
   "unit": "ms"
  },
  "refresh_count": 637,
  "flush_time": 474924,
  "flush_time_per_shard": {
   "min": 0,
   "median": 7910.5,
   "max": 19470,
   "unit": "ms"
  },
  "flush_count": 50,
  "merge_throttle_time": 464872,
  "merge_throttle_time_per_shard": {
   "min": 0,
   "median": 9122.5,
   "max": 22157,
   "unit": "ms"
  },
  "ml_processing_time": [],
  "young_gc_time": 60003,
  "young_gc_count": 964,
  "old_gc_time": 0,
  "old_gc_count": 0,
  "memory_segments": 0,
  "memory_doc_values": 0,
  "memory_terms": 0,
  "memory_norms": 0,
  "memory_points": 0,
  "memory_stored_fields": 0,
  "store_size": 95207674247,
  "translog_size": 70838206089,
  "segment_count": 1371,
  "total_transform_search_times": [],
  "total_transform_index_times": [],
  "total_transform_processing_times": [],
  "total_transform_throughput": []
 },
 "workload-revision": "32d8806",
 "test_procedure": "append-no-conflicts",
 "workload-params": {
  "bulk_indexing_clients": 70,
  "bulk_size": 10000
 }
}