{
  "test_run_id": "a60eeb7d-8fde-4cdb-95e2-7c7ae7fa98db",
  "throughput": {
    "min": 480270.4822532072,
    "mean": 485741.0028738091,
    "median": 485822.98061986465,
    "max": 488939.9765200978,
    "unit": "docs/s"
  },
  "latency": {
    "50_0": 926.6909259968088,
    "90_0": 2801.4293068088596,
    "99_0": 3876.818697907876,
    "99_9": 4766.81391962248,
    "100_0": 5433.7774779996835,
    "mean": 1353.0618041473258,
    "unit": "ms"
  },
  "service_time": {
    "50_0": 926.6909259968088,
    "90_0": 2801.4293068088596,
    "99_0": 3876.818697907876,
    "99_9": 4766.81391962248,
    "100_0": 5433.7774779996835,
    "mean": 1353.0618041473258,
    "unit": "ms"
  },
  "error_rate": 0.0
}
