{
  "test_run_id": "4a9c5b00-0d0c-43cc-a1b3-36b49f44eca9",
  "throughput": {
    "min": 497833.8243345502,
    "mean": 506131.4116942165,
    "median": 505787.76692787575,
    "max": 510517.6988335973,
    "unit": "docs/s"
  },
  "latency": {
    "50_0": 941.1527015035972,
    "90_0": 2769.0756126015913,
    "99_0": 3692.131376435428,
    "99_9": 4586.197870932813,
    "100_0": 4737.496037996607,
    "mean": 1305.1652623262128,
    "unit": "ms"
  },
  "service_time": {
    "50_0": 941.1527015035972,
    "90_0": 2769.0756126015913,
    "99_0": 3692.131376435428,
    "99_9": 4586.197870932813,
    "100_0": 4737.496037996607,
    "mean": 1305.1652623262128,
    "unit": "ms"
  },
  "error_rate": 0.0
}
