{
 "benchmark-version": "2.0.0",
 "benchmark-revision": null,
 "environment": "local",
 "test-run-id": "13b127ee-8419-4d4e-9f26-4c0091bcb30c",
 "test-run-timestamp": "20251016T055550Z",
 "pipeline": "benchmark-only",
 "user-tags": {},
 "workload": "nyc_taxis_clean",
 "cluster-config-instance": [
  "external"
 ],
 "cluster": {
  "revision": "8ff7c6ee924a49f0f59f80a6e1c73073c8904214",
  "distribution-version": "3.1.0",
  "distribution-flavor": "oss",
  "cluster-config-revision": null
 },
 "results": {
  "op_metrics": [
   {
    "task": "index",
    "operation": "index",
    "throughput": {
     "min": 1435770.8901094943,
     "mean": 1576377.2864511337,
     "median": 1575582.8520701248,
     "max": 1817540.106991098,
     "unit": "docs/s"
    },
    "latency": {
     "50_0": 333.8690545006102,
     "90_0": 500.38799050162197,
     "99_0": 2107.310615549612,
     "99_9": 3216.3580308053365,
     "99_99": 3997.1916056668506,
     "100_0": 4230.638188000739,
     "mean": 376.5440735213694,
     "unit": "ms"
    },
    "service_time": {
     "50_0": 333.8690545006102,
     "90_0": 500.38799050162197,
     "99_0": 2107.310615549612,
     "99_9": 3216.3580308053365,
     "99_99": 3997.1916056668506,
     "100_0": 4230.638188000739,
     "mean": 376.5440735213694,
     "unit": "ms"
    },
    "client_processing_time": {
     "50_0": 1.3001419993088348,
     "90_0": 1.4320804966700962,
     "99_0": 5.388813499303068,
     "99_9": 37.61187006071875,
     "99_99": 59.937622680458105,
     "100_0": 77.60460100325872,
     "mean": 1.1494564154370257,
     "unit": "ms"
    },
    "processing_time": {
     "50_0": 344.2510935019527,
     "90_0": 516.8563395018282,
     "99_0": 2111.7966799503843,
     "99_9": 3237.0498979793597,
     "99_99": 4002.150637765413,
     "100_0": 4233.5880899991025,
     "mean": 387.3548161411604,
     "unit": "ms"
    },
    "error_rate": 6.395497569710924e-05,
    "duration": 115217.58815299836
   },
   {
    "task": "match-all",
    "operation": "match-all",
    "throughput": {
     "min": 3.0270401976972576,
     "mean": 3.069091064230089,
     "median": 3.048688265019067,
     "max": 3.2434547897956776,
     "unit": "ops/s"
    },
    "latency": {
     "50_0": 5.352524498448474,
     "90_0": 6.321376531923308,
     "99_0": 7.230595195251226,
     "100_0": 7.291565667401301,
     "mean": 5.443352045695065,
     "unit": "ms"
    },
    "service_time": {
     "50_0": 4.293511499781744,
     "90_0": 5.4712212997401375,
     "99_0": 6.569868258848147,
     "100_0": 6.6863179999927524,
     "mean": 4.509956150104699,
     "unit": "ms"
    },
    "client_processing_time": {
     "50_0": 0.07332899986067787,
     "90_0": 0.12366860210022425,
     "99_0": 0.16297340054734388,
     "100_0": 0.1854859983723145,
     "mean": 0.08200430980650708,
     "unit": "ms"
    },
    "processing_time": {
     "50_0": 4.502039000726654,
     "90_0": 5.672262399821194,
     "99_0": 6.7871131675565275,
     "100_0": 6.887714000185952,
     "mean": 4.710198440043314,
     "unit": "ms"
    },
    "error_rate": 0.0,
    "duration": 36335.00884499881
   },
   {
    "task": "range",
    "operation": "range",
    "throughput": {
     "min": 0.7063568873247512,
     "mean": 0.7169255330307219,
     "median": 0.7116440955359143,
     "max": 0.7691586886726511,
     "unit": "ops/s"
    },
    "latency": {
     "50_0": 7.158531856475747,
     "90_0": 8.199524299197947,
     "99_0": 9.835109067971652,
     "100_0": 11.523065859364579,
     "mean": 7.29739070906362,
     "unit": "ms"
    },
    "service_time": {
     "50_0": 5.816414999571862,
     "90_0": 6.362000401713885,
     "99_0": 7.889498631811882,
     "100_0": 9.06726500033983,
     "mean": 5.923106080263096,
     "unit": "ms"
    },
    "client_processing_time": {
     "50_0": 0.11221000204386655,
     "90_0": 0.1614230997802224,
     "99_0": 0.19802490751317248,
     "100_0": 0.22167700444697402,
     "mean": 0.12291825965803582,
     "unit": "ms"
    },
    "processing_time": {
     "50_0": 6.10333850090683,
     "90_0": 6.62670169986086,
     "99_0": 8.181753888675308,
     "100_0": 9.362119999423157,
     "mean": 6.205914179990941,
     "unit": "ms"
    },
    "error_rate": 0.0,
    "duration": 155716.57550700183
   },
   {
    "task": "distance_amount_agg",
    "operation": "distance_amount_agg",
    "throughput": {
     "min": 2.001421191872897,
     "mean": 2.0029101353751773,
     "median": 2.0023193522312357,
     "max": 2.007633536964232,
     "unit": "ops/s"
    },
    "latency": {
     "50_0": 475.74157750023005,
     "90_0": 478.2674728005077,
     "100_0": 480.5875999991258,
     "mean": 476.0624486994493,
     "unit": "ms"
    },
    "service_time": {
     "50_0": 474.94303199891874,
     "90_0": 476.5104514986888,
     "100_0": 480.3921829989122,
     "mean": 475.21011839991843,
     "unit": "ms"
    },
    "client_processing_time": {
     "50_0": 0.0865360016177874,
     "90_0": 0.11847729911096395,
     "100_0": 0.15938600336085074,
     "mean": 0.09472822006500792,
     "unit": "ms"
    },
    "processing_time": {
     "50_0": 475.17478199915786,
     "90_0": 476.76251660013804,
     "100_0": 480.67260399693623,
     "mean": 475.46332084035384,
     "unit": "ms"
    },
    "error_rate": 0.0,
    "duration": 29502.079165002215
   },
   {
    "task": "autohisto_agg",
    "operation": "autohisto_agg",
    "throughput": {
     "min": 1.5135101228040757,
     "mean": 1.5351695508237868,
     "median": 1.524535157441651,
     "max": 1.6324934770511952,
     "unit": "ops/s"
    },
    "latency": {
     "50_0": 6.799755165047827,
     "90_0": 7.627986400621012,
     "99_0": 8.210902525206622,
     "100_0": 8.414366668148432,
     "mean": 6.884569232861395,
     "unit": "ms"
    },
    "service_time": {
     "50_0": 5.227932500929455,
     "90_0": 5.908394897778636,
     "99_0": 6.53239051011042,
     "100_0": 6.9649719989683945,
     "mean": 5.378345139870362,
     "unit": "ms"
    },
    "client_processing_time": {
     "50_0": 0.07616899893037044,
     "90_0": 0.09230940268025735,
     "99_0": 0.1274097398345476,
     "100_0": 0.14272900079959072,
     "mean": 0.07895146987721091,
     "unit": "ms"
    },
    "processing_time": {
     "50_0": 5.378345500503201,
     "90_0": 6.068726100420463,
     "99_0": 6.69524816763442,
     "100_0": 7.152546000725124,
     "mean": 5.5305431001397665,
     "unit": "ms"
    },
    "error_rate": 0.0,
    "duration": 72669.2358299988
   },
   {
    "task": "date_histogram_agg",
    "operation": "date_histogram_agg",
    "throughput": {
     "min": 1.5137429732152148,
     "mean": 1.5357389250967455,
     "median": 1.5249296961508805,
     "max": 1.634724849056795,
     "unit": "ops/s"
    },
    "latency": {
     "50_0": 6.329280497084255,
     "90_0": 7.23789646399382,
     "99_0": 8.09865774950595,
     "100_0": 8.772691329795634,
     "mean": 6.434252371436742,
     "unit": "ms"
    },
    "service_time": {
     "50_0": 5.104964500787901,
     "90_0": 6.045715399886831,
     "99_0": 6.940263501819575,
     "100_0": 7.479862997570308,
     "mean": 5.303828279720619,
     "unit": "ms"
    },
    "client_processing_time": {
     "50_0": 0.08659849845571443,
     "90_0": 0.12673520250245932,
     "99_0": 0.17321737948805097,
     "100_0": 0.1779080012056511,
     "mean": 0.09399380011018366,
     "unit": "ms"
    },
    "processing_time": {
     "50_0": 5.288967999149463,
     "90_0": 6.2231229992903545,
     "99_0": 7.200747107672217,
     "100_0": 7.69120399854728,
     "mean": 5.491477389805368,
     "unit": "ms"
    },
    "error_rate": 0.0,
    "duration": 72669.14249199908
   },
   {
    "task": "desc_sort_tip_amount",
    "operation": "desc_sort_tip_amount",
    "throughput": {
     "min": 0.5045421175648557,
     "mean": 0.5120963268741409,
     "median": 0.5083190258627153,
     "max": 0.5494502947808566,
     "unit": "ops/s"
    },
    "latency": {
     "50_0": 8.533984000678174,
     "90_0": 8.93705959970248,
     "99_0": 10.648911761236391,