{
 "benchmark-version": "2.0.0",
 "benchmark-revision": null,
 "environment": "local",
 "test-run-id": "a93f1b59-d932-48ca-943b-089c7628e18c",
 "test-run-timestamp": "20251016T053659Z",
 "pipeline": "benchmark-only",
 "user-tags": {},
 "workload": "nyc_taxis_clean",
 "cluster-config-instance": [
  "external"
 ],
 "cluster": {
  "revision": "8ff7c6ee924a49f0f59f80a6e1c73073c8904214",
  "distribution-version": "3.1.0",
  "distribution-flavor": "oss",
  "cluster-config-revision": null
 },
 "results": {
  "op_metrics": [
   {
    "task": "index",
    "operation": "index",
    "throughput": {
     "min": 1446739.5396843909,
     "mean": 1581083.5622831446,
     "median": 1571511.0095558781,
     "max": 1800996.9884873375,
     "unit": "docs/s"
    },
    "latency": {
     "50_0": 326.56571500046994,
     "90_0": 462.72197000143933,
     "99_0": 2327.11178750251,
     "99_9": 4461.5012339188725,
     "99_99": 4951.678355825858,
     "100_0": 5069.7195480024675,
     "mean": 359.48305213646296,
     "unit": "ms"
    },
    "service_time": {
     "50_0": 326.56571500046994,
     "90_0": 462.72197000143933,
     "99_0": 2327.11178750251,
     "99_9": 4461.5012339188725,
     "99_99": 4951.678355825858,
     "100_0": 5069.7195480024675,
     "mean": 359.48305213646296,
     "unit": "ms"
    },
    "client_processing_time": {
     "50_0": 1.2890040015918203,
     "90_0": 1.410925997333834,
     "99_0": 5.491255802189701,
     "99_9": 35.744494501415815,
     "99_99": 47.28623715315089,
     "100_0": 76.30866299587069,
     "mean": 1.090372834934403,
     "unit": "ms"
    },
    "processing_time": {
     "50_0": 340.96049400250195,
     "90_0": 489.23195299721556,
     "99_0": 2331.3316238014527,
     "99_9": 4474.069743340448,
     "99_99": 4955.20582617978,
     "100_0": 5072.638549001567,
     "mean": 373.63755487033336,
     "unit": "ms"
    },
    "error_rate": 6.397543343356151e-05,
    "duration": 113710.7619519993
   },
   {
    "task": "match-all",
    "operation": "match-all",
    "throughput": {
     "min": 3.0266448726815707,
     "mean": 3.0680287093310015,
     "median": 3.0479939854152107,
     "max": 3.2392650166199166,
     "unit": "ops/s"
    },
    "latency": {
     "50_0": 6.44086883039563,
     "90_0": 9.024457464693114,
     "99_0": 14.339932067741763,
     "100_0": 15.574666998872999,
     "mean": 6.89790173611982,
     "unit": "ms"
    },
    "service_time": {
     "50_0": 5.371359000491793,
     "90_0": 8.221158301239486,
     "99_0": 12.994636128314607,
     "100_0": 14.951483000913868,
     "mean": 5.98042108984373,
     "unit": "ms"
    },
    "client_processing_time": {
     "50_0": 0.0656790016364539,
     "90_0": 0.0876675003382843,
     "99_0": 0.11224135832890175,
     "100_0": 0.12306799908401445,
     "mean": 0.06856655032606795,
     "unit": "ms"
    },
    "processing_time": {
     "50_0": 5.543362000025809,
     "90_0": 8.38382329857268,
     "99_0": 13.191896550742978,
     "100_0": 15.152348998526577,
     "mean": 6.155516220023856,
     "unit": "ms"
    },
    "error_rate": 0.0,
    "duration": 36335.74315300211
   },
   {
    "task": "range",
    "operation": "range",
    "throughput": {
     "min": 0.7062776116635453,
     "mean": 0.7167233027368934,
     "median": 0.7115019832596463,
     "max": 0.7682684275935343,
     "unit": "ops/s"
    },
    "latency": {
     "50_0": 7.894003356341273,
     "90_0": 9.186730757573969,
     "99_0": 13.026198035877322,
     "100_0": 14.50940585709759,
     "mean": 8.050103058521927,
     "unit": "ms"
    },
    "service_time": {
     "50_0": 6.487644501248724,
     "90_0": 7.2406159990350725,
     "99_0": 12.079527720416083,
     "100_0": 12.288191999687115,
     "mean": 6.709165340034815,
     "unit": "ms"
    },
    "client_processing_time": {
     "50_0": 0.1001485015876824,
     "90_0": 0.11455599924374837,
     "99_0": 0.14903058861818874,
     "100_0": 0.1692849982646294,
     "mean": 0.10327698961191345,
     "unit": "ms"
    },
    "processing_time": {
     "50_0": 6.740728500517434,
     "90_0": 7.495900499270648,
     "99_0": 12.3496657918804,
     "100_0": 12.543387998448452,
     "mean": 6.960744430034538,
     "unit": "ms"
    },
    "error_rate": 0.0,
    "duration": 155717.7660339985
   },
   {
    "task": "distance_amount_agg",
    "operation": "distance_amount_agg",
    "throughput": {
     "min": 2.001079058209458,
     "mean": 2.0023547232750913,
     "median": 2.0018150164898794,
     "max": 2.006114086805736,
     "unit": "ops/s"
    },
    "latency": {
     "50_0": 419.3707194990566,
     "90_0": 422.299375797229,
     "100_0": 440.2234809967922,
     "mean": 420.5620224186714,
     "unit": "ms"
    },
    "service_time": {
     "50_0": 418.4799765007483,
     "90_0": 421.83011649976834,
     "100_0": 439.05767599790124,
     "mean": 419.8087642599421,
     "unit": "ms"
    },
    "client_processing_time": {
     "50_0": 0.12609300028998405,
     "90_0": 0.16143499851750676,
     "100_0": 0.18891799845732749,
     "mean": 0.13216489998740144,
     "unit": "ms"
    },
    "processing_time": {
     "50_0": 418.78396549873287,
     "90_0": 422.1349737006676,
     "100_0": 439.36485899757827,
     "mean": 420.1244503599446,
     "unit": "ms"
    },
    "error_rate": 0.0,
    "duration": 29501.94945200201
   },
   {
    "task": "autohisto_agg",
    "operation": "autohisto_agg",
    "throughput": {
     "min": 1.5130374711894192,
     "mean": 1.5338468976433874,
     "median": 1.5236417565962652,
     "max": 1.6273236049317445,
     "unit": "ops/s"
    },
    "latency": {
     "50_0": 7.37621983353165,
     "90_0": 8.845110467882478,
     "99_0": 10.613666943245354,
     "100_0": 14.489874331047758,
     "mean": 7.6558303537240135,
     "unit": "ms"
    },
    "service_time": {
     "50_0": 6.040444999598549,
     "90_0": 7.272974201987381,
     "99_0": 9.15762405911666,
     "100_0": 12.732321996736573,
     "mean": 6.3902661198881106,
     "unit": "ms"
    },
    "client_processing_time": {
     "50_0": 0.11846949928440154,
     "90_0": 0.13196459731261712,
     "99_0": 0.178968343170709,
     "100_0": 0.18296200505574234,
     "mean": 0.1157931198758888,
     "unit": "ms"
    },
    "processing_time": {
     "50_0": 6.263827499424224,
     "90_0": 7.500107901432784,
     "99_0": 9.441488349439187,
     "100_0": 12.918699998408556,
     "mean": 6.605331870232476,
     "unit": "ms"
    },
    "error_rate": 0.0,
    "duration": 72669.4838149997
   },
   {
    "task": "date_histogram_agg",
    "operation": "date_histogram_agg",
    "throughput": {
     "min": 1.5136391000012965,
     "mean": 1.5355119958497312,
     "median": 1.5247656642326344,
     "max": 1.6337664744762779,
     "unit": "ops/s"
    },
    "latency": {
     "50_0": 7.202982500530197,
     "90_0": 7.924133297638036,
     "99_0": 8.212695839974913,
     "100_0": 8.375997331313556,
     "mean": 7.182330552423082,
     "unit": "ms"
    },
    "service_time": {
     "50_0": 5.6828524993761675,
     "90_0": 5.982361898713862,
     "99_0": 6.94115605969273,
     "100_0": 6.952547002583742,
     "mean": 5.756199659881531,
     "unit": "ms"
    },
    "client_processing_time": {
     "50_0": 0.1237854976352537,
     "90_0": 0.13716859757550992,
     "99_0": 0.18049246991722612,
     "100_0": 0.18123200425179675,
     "mean": 0.1258617803978268,
     "unit": "ms"
    },
    "processing_time": {
     "50_0": 5.9309844982635695,
     "90_0": 6.21593279975059,
     "99_0": 7.185466541341157,
     "100_0": 7.210765001218533,
     "mean": 6.000187830031791,
     "unit": "ms"
    },
    "error_rate": 0.0,
    "duration": 72669.81674400085
   },
   {
    "task": "desc_sort_tip_amount",
    "operation": "desc_sort_tip_amount",
    "throughput": {
     "min": 0.5044824947929714,
     "mean": 0.5119355989511379,
     "median": 0.5082119114743022,
     "max": 0.5487770772967155,
     "unit": "ops/s"
    },
    "latency": {
     "50_0": 8.192349499950069,
     "90_0": 8.631926598536666,
     "99_0": 9.231575399535359,