{
 "benchmark-version": "2.0.0",
 "benchmark-revision": null,
 "environment": "local",
 "test-run-id": "35fc2fda-2417-4875-8499-2f7637d76226",
 "test-run-timestamp": "20251016T051755Z",
 "pipeline": "benchmark-only",
 "user-tags": {},
 "workload": "nyc_taxis_clean",
 "cluster-config-instance": [
  "external"
 ],
 "cluster": {
  "revision": "8ff7c6ee924a49f0f59f80a6e1c73073c8904214",
  "distribution-version": "3.1.0",
  "distribution-flavor": "oss",
  "cluster-config-revision": null
 },
 "results": {
  "op_metrics": [
   {
    "task": "index",
    "operation": "index",
    "throughput": {
     "min": 1346646.1152209868,
     "mean": 1504100.453046182,
     "median": 1483494.0728581557,
     "max": 1708683.4550898082,
     "unit": "docs/s"
    },
    "latency": {
     "50_0": 340.45039899865515,
     "90_0": 504.1102595991106,
     "99_0": 2339.4809020569733,
     "99_9": 3354.8346005894623,
     "99_99": 3984.71202554271,
     "100_0": 4550.699187002465,
     "mean": 382.13079067947496,
     "unit": "ms"
    },
    "service_time": {
     "50_0": 340.45039899865515,
     "90_0": 504.1102595991106,
     "99_0": 2339.4809020569733,
     "99_9": 3354.8346005894623,
     "99_99": 3984.71202554271,
     "100_0": 4550.699187002465,
     "mean": 382.13079067947496,
     "unit": "ms"
    },
    "client_processing_time": {
     "50_0": 1.2926269992021844,
     "90_0": 1.4336073982121889,
     "99_0": 6.511701499257474,
     "99_9": 38.38426680822165,
     "99_99": 70.93493201948662,
     "100_0": 75.55483699979959,
     "mean": 1.1852757957749636,
     "unit": "ms"
    },
    "processing_time": {
     "50_0": 353.66226099722553,
     "90_0": 529.0304924012163,
     "99_0": 2357.918895339536,
     "99_9": 3381.1648693043235,
     "99_99": 3987.5670874258667,
     "100_0": 4553.673282000091,
     "mean": 394.70339345214757,
     "unit": "ms"
    },
    "error_rate": 6.369832473405949e-05,
    "duration": 122499.69577700176
   },
   {
    "task": "match-all",
    "operation": "match-all",
    "throughput": {
     "min": 3.026776382386959,
     "mean": 3.068328554789979,
     "median": 3.048253377117818,
     "max": 3.2401951416164883,
     "unit": "ops/s"
    },
    "latency": {
     "50_0": 6.8090828353888355,
     "90_0": 7.96275843131298,
     "99_0": 12.293131246151464,
     "100_0": 13.01433766639093,
     "mean": 7.055593606928596,
     "unit": "ms"
    },
    "service_time": {
     "50_0": 5.970988500848762,
     "90_0": 7.151782699293109,
     "99_0": 11.813715120661072,
     "100_0": 11.941337997996015,
     "mean": 6.20613033985137,
     "unit": "ms"
    },
    "client_processing_time": {
     "50_0": 0.06446700172091369,
     "90_0": 0.08492370216117708,
     "99_0": 0.11029213113943116,
     "100_0": 0.11238399747526273,
     "mean": 0.06749378029780928,
     "unit": "ms"
    },
    "processing_time": {
     "50_0": 6.123506002040813,
     "90_0": 7.334032502330957,
     "99_0": 11.970028380746955,
     "100_0": 12.154206000559498,
     "mean": 6.374923620023765,
     "unit": "ms"
    },
    "error_rate": 0.0,
    "duration": 36336.06456200141
   },
   {
    "task": "range",
    "operation": "range",
    "throughput": {
     "min": 0.7062755368838524,
     "mean": 0.716697264851534,
     "median": 0.711487992700482,
     "max": 0.7681678619657082,
     "unit": "ops/s"
    },
    "latency": {
     "50_0": 8.067067214142298,
     "90_0": 9.199807373443036,
     "99_0": 9.680612805241259,
     "100_0": 10.733062288636575,
     "mean": 8.140161360934144,
     "unit": "ms"
    },
    "service_time": {
     "50_0": 6.749071999365697,
     "90_0": 7.464159200026188,
     "99_0": 8.408987211441854,
     "100_0": 8.46781400105101,
     "mean": 6.8234379500790965,
     "unit": "ms"
    },
    "client_processing_time": {
     "50_0": 0.10450499939906877,
     "90_0": 0.14262319855333772,
     "99_0": 0.18635621974681277,
     "100_0": 0.19598099970608018,
     "mean": 0.11260568997386144,
     "unit": "ms"
    },
    "processing_time": {
     "50_0": 7.0245864990283735,
     "90_0": 7.737433801594307,
     "99_0": 8.70782021956984,
     "100_0": 8.738235002965666,
     "mean": 7.084688850227394,
     "unit": "ms"
    },
    "error_rate": 0.0,
    "duration": 155716.08683100203
   },
   {
    "task": "distance_amount_agg",
    "operation": "distance_amount_agg",
    "throughput": {
     "min": 1.9823057143083325,
     "mean": 1.9927457810298401,
     "median": 1.9940767861484412,
     "max": 1.9964518979451966,
     "unit": "ops/s"
    },
    "latency": {
     "50_0": 458.12086000114505,
     "90_0": 461.67117160148337,
     "100_0": 479.23539700059337,
     "mean": 459.215176120415,
     "unit": "ms"
    },
    "service_time": {
     "50_0": 457.5132680001843,
     "90_0": 460.7373849998112,
     "100_0": 478.50738700071815,
     "mean": 458.5715564596467,
     "unit": "ms"
    },
    "client_processing_time": {
     "50_0": 0.08467549923807383,
     "90_0": 0.11105250050604809,
     "100_0": 0.12478099961299449,
     "mean": 0.08974746036983561,
     "unit": "ms"
    },
    "processing_time": {
     "50_0": 457.7365120003378,
     "90_0": 460.96498260048975,
     "100_0": 478.7360659975093,
     "mean": 458.8168160198984,
     "unit": "ms"
    },
    "error_rate": 0.0,
    "duration": 29502.074651998555
   },
   {
    "task": "autohisto_agg",
    "operation": "autohisto_agg",
    "throughput": {
     "min": 1.5130013035471734,
     "mean": 1.5337746918040014,
     "median": 1.52357890502777,
     "max": 1.6270333816686182,
     "unit": "ops/s"
    },
    "latency": {
     "50_0": 7.8222911652119365,
     "90_0": 9.248086930892896,
     "99_0": 10.957910038741833,
     "100_0": 11.527790666150395,
     "mean": 7.9993782327801455,
     "unit": "ms"
    },
    "service_time": {
     "50_0": 6.209214499904192,
     "90_0": 7.726527899649227,
     "99_0": 9.871691019216087,
     "100_0": 9.986136999941664,
     "mean": 6.5970722299971385,
     "unit": "ms"
    },
    "client_processing_time": {
     "50_0": 0.08728500324650668,
     "90_0": 0.12318620247242508,
     "99_0": 0.1435004996528733,
     "100_0": 0.1495889991929289,
     "mean": 0.0920263898660778,
     "unit": "ms"
    },
    "processing_time": {
     "50_0": 6.384250000337488,
     "90_0": 7.911329197304441,
     "99_0": 10.112519991162117,
     "100_0": 10.226962996966904,
     "mean": 6.769308490111143,
     "unit": "ms"
    },
    "error_rate": 0.0,
    "duration": 72670.22462099703
   },
   {
    "task": "date_histogram_agg",
    "operation": "date_histogram_agg",
    "throughput": {
     "min": 1.5136963723425436,
     "mean": 1.5356215521374945,
     "median": 1.52484950758428,
     "max": 1.6342969145887185,
     "unit": "ops/s"
    },
    "latency": {
     "50_0": 6.960937667827238,
     "90_0": 7.696911101447768,
     "99_0": 8.471557476404996,
     "100_0": 8.540277667634655,
     "mean": 7.0434008345910115,
     "unit": "ms"
    },
    "service_time": {
     "50_0": 5.747306000557728,
     "90_0": 6.4095681973412875,
     "99_0": 7.179465059125507,
     "100_0": 7.492508997529512,
     "mean": 5.878752600146981,
     "unit": "ms"
    },
    "client_processing_time": {
     "50_0": 0.07807500151102431,
     "90_0": 0.10314530118193944,
     "99_0": 0.1609526415268193,
     "100_0": 0.17537100211484358,
     "mean": 0.08337601986568188,
     "unit": "ms"
    },
    "processing_time": {
     "50_0": 5.9106410008098464,
     "90_0": 6.572878500446678,
     "99_0": 7.3490684285934575,
     "100_0": 7.793918000970734,
     "mean": 6.046181929887098,
     "unit": "ms"
    },
    "error_rate": 0.0,
    "duration": 72668.7991789986
   },
   {
    "task": "desc_sort_tip_amount",
    "operation": "desc_sort_tip_amount",
    "throughput": {
     "min": 0.5044825891199239,
     "mean": 0.511934198580111,
     "median": 0.5082110568640648,
     "max": 0.5487671754299248,
     "unit": "ops/s"
    },
    "latency": {
     "50_0": 9.995603501010919,
     "90_0": 10.520852400077276,