{
 "benchmark-version": "2.0.0",
 "benchmark-revision": null,
 "environment": "local",
 "test-run-id": "e88cbbb2-9f97-4b23-ab01-51c14e77f1f9",
 "test-run-timestamp": "20251016T045851Z",
 "pipeline": "benchmark-only",
 "user-tags": {},
 "workload": "nyc_taxis_clean",
 "cluster-config-instance": [
  "external"
 ],
 "cluster": {
  "revision": "8ff7c6ee924a49f0f59f80a6e1c73073c8904214",
  "distribution-version": "3.1.0",
  "distribution-flavor": "oss",
  "cluster-config-revision": null
 },
 "results": {
  "op_metrics": [
   {
    "task": "index",
    "operation": "index",
    "throughput": {
     "min": 629599.6800311367,
     "mean": 1223623.5704563784,
     "median": 1256706.1653381865,
     "max": 1327407.5610990871,
     "unit": "docs/s"
    },
    "latency": {
     "50_0": 336.3027699997474,
     "90_0": 578.9446457994925,
     "99_0": 1655.7328034403306,
     "99_9": 5185.019216502071,
     "99_99": 5570.434709539079,
     "100_0": 5591.49345699916,
     "mean": 400.55910942584615,
     "unit": "ms"
    },
    "service_time": {
     "50_0": 336.3027699997474,
     "90_0": 578.9446457994925,
     "99_0": 1655.7328034403306,
     "99_9": 5185.019216502071,
     "99_99": 5570.434709539079,
     "100_0": 5591.49345699916,
     "mean": 400.55910942584615,
     "unit": "ms"
    },
    "client_processing_time": {
     "50_0": 1.2952380020578858,
     "90_0": 1.401070598512888,
     "99_0": 4.789188721042587,
     "99_9": 38.00681062438551,
     "99_99": 77.38464544261457,
     "100_0": 79.9816489998193,
     "mean": 1.1225302905343517,
     "unit": "ms"
    },
    "processing_time": {
     "50_0": 349.67572200184804,
     "90_0": 591.3208622005185,
     "99_0": 1659.7944777592784,
     "99_9": 5188.007695046647,
     "99_99": 5572.886631773056,
     "100_0": 5594.731946999673,
     "mean": 412.51126582364145,
     "unit": "ms"
    },
    "error_rate": 6.196938712276135e-05,
    "duration": 127299.22734299907
   },
   {
    "task": "match-all",
    "operation": "match-all",
    "throughput": {
     "min": 3.0201311496973595,
     "mean": 3.051069753002724,
     "median": 3.0361975227817575,
     "max": 3.1776233948255617,
     "unit": "ops/s"
    },
    "latency": {
     "50_0": 7.89690399869869,
     "90_0": 9.389302030103863,
     "99_0": 22.936822583251356,
     "100_0": 25.550249665684532,
     "mean": 8.716062445746502,
     "unit": "ms"
    },
    "service_time": {
     "50_0": 7.011978497757809,
     "90_0": 8.359892397857038,
     "99_0": 22.096808916867314,
     "100_0": 24.223518998041982,
     "mean": 7.854411609368981,
     "unit": "ms"
    },
    "client_processing_time": {
     "50_0": 0.06725049934175331,
     "90_0": 0.08063639652391434,
     "99_0": 0.10909510561759819,
     "100_0": 0.11573799929465167,
     "mean": 0.06939723050891189,
     "unit": "ms"
    },
    "processing_time": {
     "50_0": 7.179856498623849,
     "90_0": 8.5417057009181,
     "99_0": 22.35730078733469,
     "100_0": 24.445189999823924,
     "mean": 8.033105640060967,
     "unit": "ms"
    },
    "error_rate": 0.0,
    "duration": 36335.505216000456
   },
   {
    "task": "range",
    "operation": "range",
    "throughput": {
     "min": 0.7062575022748648,
     "mean": 0.7166655286217547,
     "median": 0.7114625249991243,
     "max": 0.7680582572597253,
     "unit": "ops/s"
    },
    "latency": {
     "50_0": 9.154140998361981,
     "90_0": 10.54997957071464,
     "99_0": 13.371465616583018,
     "100_0": 15.018816284282366,
     "mean": 9.373115508460614,
     "unit": "ms"
    },
    "service_time": {
     "50_0": 7.735401999525493,
     "90_0": 9.00332590135804,
     "99_0": 11.246655039503835,
     "100_0": 14.005689998157322,
     "mean": 8.004106300177227,
     "unit": "ms"
    },
    "client_processing_time": {
     "50_0": 0.10660850057320204,
     "90_0": 0.14533009889419193,
     "99_0": 0.1636903098551557,
     "100_0": 0.17381900033797137,
     "mean": 0.11495120957988547,
     "unit": "ms"
    },
    "processing_time": {
     "50_0": 7.998695500646136,
     "90_0": 9.300228301799507,
     "99_0": 11.530678788440142,
     "100_0": 14.271571999415755,
     "mean": 8.268716039783612,
     "unit": "ms"
    },
    "error_rate": 0.0,
    "duration": 155717.57002899903
   },
   {
    "task": "distance_amount_agg",
    "operation": "distance_amount_agg",
    "throughput": {
     "min": 1.9870982209479802,
     "mean": 1.9947102170704765,
     "median": 1.9956669579733093,
     "max": 1.9974072891081387,
     "unit": "ops/s"
    },
    "latency": {
     "50_0": 410.70518999913475,
     "90_0": 416.58412289907574,
     "100_0": 425.6401710008504,
     "mean": 411.9743965392263,
     "unit": "ms"
    },
    "service_time": {
     "50_0": 410.0770594995993,
     "90_0": 415.921245399295,
     "100_0": 424.5725040018442,
     "mean": 411.2541473400779,
     "unit": "ms"
    },
    "client_processing_time": {
     "50_0": 0.08612599776824936,
     "90_0": 0.12018120141874535,
     "100_0": 0.1650909980526194,
     "mean": 0.09406811972439755,
     "unit": "ms"
    },
    "processing_time": {
     "50_0": 410.31611500147847,
     "90_0": 416.21114579902496,
     "100_0": 424.7980629988888,
     "mean": 411.5067532200919,
     "unit": "ms"
    },
    "error_rate": 0.0,
    "duration": 29502.138709001883
   },
   {
    "task": "autohisto_agg",
    "operation": "autohisto_agg",
    "throughput": {
     "min": 1.5125184061659787,
     "mean": 1.5324662732494418,
     "median": 1.5226891281760178,
     "max": 1.6218354741902503,
     "unit": "ops/s"
    },
    "latency": {
     "50_0": 8.849292000377318,
     "90_0": 10.340197599725798,
     "99_0": 13.526636121314372,
     "100_0": 14.243143999919994,
     "mean": 9.150650042611232,
     "unit": "ms"
    },
    "service_time": {
     "50_0": 7.675961498534889,
     "90_0": 8.914066401484888,
     "99_0": 11.761388221239034,
     "100_0": 12.494802002038341,
     "mean": 7.981067249820626,
     "unit": "ms"
    },
    "client_processing_time": {
     "50_0": 0.11691699910443276,
     "90_0": 0.12911400117445737,
     "99_0": 0.14007914909598185,
     "100_0": 0.14247000217437744,
     "mean": 0.10816680016432656,
     "unit": "ms"
    },
    "processing_time": {
     "50_0": 7.857616499677533,
     "90_0": 9.099230300853378,
     "99_0": 11.956703742653193,
     "100_0": 12.70412800295162,
     "mean": 8.18209712026146,
     "unit": "ms"
    },
    "error_rate": 0.0,
    "duration": 72668.76500799845
   },
   {
    "task": "date_histogram_agg",
    "operation": "date_histogram_agg",
    "throughput": {
     "min": 1.513534855217941,
     "mean": 1.5352064946310415,
     "median": 1.5245695580263496,
     "max": 1.632533507845116,
     "unit": "ops/s"
    },
    "latency": {
     "50_0": 7.962439334733062,
     "90_0": 8.906943633701303,
     "99_0": 10.013456878405123,
     "100_0": 10.061360670079011,
     "mean": 8.06860862445319,
     "unit": "ms"
    },
    "service_time": {
     "50_0": 6.614442499994766,
     "90_0": 7.616036201216048,
     "99_0": 8.825846152758459,
     "100_0": 8.868629000062356,
     "mean": 6.847307159769116,
     "unit": "ms"
    },
    "client_processing_time": {
     "50_0": 0.12363300083961803,
     "90_0": 0.14217890020518098,
     "99_0": 0.17015395747876036,
     "100_0": 0.1849999971454963,
     "mean": 0.1220251901759184,
     "unit": "ms"
    },
    "processing_time": {
     "50_0": 6.833689998529735,
     "90_0": 7.8405023992672795,
     "99_0": 9.101127430840279,
     "100_0": 9.12483100182726,
     "mean": 7.082153299706988,
     "unit": "ms"
    },
    "error_rate": 0.0,
    "duration": 72669.20496400053
   },
   {
    "task": "desc_sort_tip_amount",
    "operation": "desc_sort_tip_amount",
    "throughput": {
     "min": 0.5044536511551545,
     "mean": 0.511852126933845,
     "median": 0.5081545078202946,
     "max": 0.5484031693774961,
     "unit": "ops/s"
    },
    "latency": {
     "50_0": 9.495702001004247,
     "90_0": 10.067477099437383,