{
 "benchmark-version": "2.0.0",
 "benchmark-revision": null,
 "environment": "local",
 "test-run-id": "f3a05b84-f8f5-49ef-8a9d-3f0fd320f4d5",
 "test-run-timestamp": "20251013T221859Z",
 "pipeline": "benchmark-only",
 "user-tags": {},
 "workload": "nyc_taxis",
 "cluster-config-instance": [
  "external"
 ],
 "cluster": {
  "revision": "8ff7c6ee924a49f0f59f80a6e1c73073c8904214",
  "distribution-version": "3.1.0",
  "distribution-flavor": "oss",
  "cluster-config-revision": null
 },
 "results": {
  "op_metrics": [
   {
    "task": "index",
    "operation": "index",
    "throughput": {
     "min": 626189.8098381516,
     "mean": 632199.4911400247,
     "median": 632533.8211178441,
     "max": 634782.5125098812,
     "unit": "docs/s"
    },
    "latency": {
     "50_0": 773.2504680025158,
     "90_0": 1375.50332799583,
     "99_0": 1851.9020218853245,
     "99_9": 2430.847397029178,
     "100_0": 2508.880571993359,
     "mean": 827.9101856414945,
     "unit": "ms"
    },
    "service_time": {
     "50_0": 773.2504680025158,
     "90_0": 1375.50332799583,
     "99_0": 1851.9020218853245,
     "99_9": 2430.847397029178,
     "100_0": 2508.880571993359,
     "mean": 827.9101856414945,
     "unit": "ms"
    },
    "client_processing_time": {
     "50_0": 1.3063779915682971,
     "90_0": 1.3900756006478332,
     "99_0": 1.8804389252909426,
     "99_9": 43.409927138012485,
     "100_0": 77.64290199702373,
     "mean": 1.1748189575330292,
     "unit": "ms"
    },
    "processing_time": {
     "50_0": 781.8577340003685,
     "90_0": 1379.9478765999083,
     "99_0": 1854.82108796219,
     "99_9": 2433.8099235657246,
     "100_0": 2511.9097880015033,
     "mean": 835.185753211191,
     "unit": "ms"
    },
    "error_rate": 0.0,
    "duration": 263694.70946599904
   }
  ],
  "correctness_metrics": [
   {
    "task": "index",
    "operation": "index",
    "recall@k": {},
    "recall@1": {},
    "error_rate": 0.0,
    "duration": 263694.70946599904
   }
  ],
  "profile_metrics": [],
  "total_time": 34725778,
  "total_time_per_shard": {
   "min": 80,
   "median": 1446813,
   "max": 1511378,
   "unit": "ms"
  },
  "indexing_throttle_time": 0,
  "indexing_throttle_time_per_shard": {
   "min": 0,
   "median": 0,
   "max": 0,
   "unit": "ms"
  },
  "merge_time": 5578780,
  "merge_time_per_shard": {
   "min": 0,
   "median": 231598,
   "max": 313699,
   "unit": "ms"
  },
  "merge_count": 624,
  "refresh_time": 615719,
  "refresh_time_per_shard": {
   "min": 10,
   "median": 25486,
   "max": 43180,
   "unit": "ms"
  },
  "refresh_count": 356,
  "flush_time": 508660,
  "flush_time_per_shard": {
   "min": 0,
   "median": 22242,
   "max": 31049,
   "unit": "ms"
  },
  "flush_count": 74,
  "merge_throttle_time": 1227269,
  "merge_throttle_time_per_shard": {
   "min": 0,
   "median": 47671,
   "max": 83964,
   "unit": "ms"
  },
  "ml_processing_time": [],
  "young_gc_time": 41638,
  "young_gc_count": 789,
  "old_gc_time": 0,
  "old_gc_count": 0,
  "memory_segments": 0,
  "memory_doc_values": 0,
  "memory_terms": 0,
  "memory_norms": 0,
  "memory_points": 0,
  "memory_stored_fields": 0,
  "store_size": 86724706272,
  "translog_size": 20813085286,
  "segment_count": 1053,
  "total_transform_search_times": [],
  "total_transform_index_times": [],
  "total_transform_processing_times": [],
  "total_transform_throughput": []
 },
 "workload-revision": "efdc1fe",
 "test_procedure": "append-no-conflicts",
 "workload-params": {
  "bulk_indexing_clients": 60,
  "bulk_size": 10000
 }
}