{
 "benchmark-version": "2.0.0",
 "benchmark-revision": null,
 "environment": "local",
 "test-run-id": "32583fdd-7ae4-4003-8cde-aa3afbc6e7ad",
 "test-run-timestamp": "20251013T221409Z",
 "pipeline": "benchmark-only",
 "user-tags": {},
 "workload": "nyc_taxis",
 "cluster-config-instance": [
  "external"
 ],
 "cluster": {
  "revision": "8ff7c6ee924a49f0f59f80a6e1c73073c8904214",
  "distribution-version": "3.1.0",
  "distribution-flavor": "oss",
  "cluster-config-revision": null
 },
 "results": {
  "op_metrics": [
   {
    "task": "index",
    "operation": "index",
    "throughput": {
     "min": 618989.8369496956,
     "mean": 624806.3558277788,
     "median": 625399.0919579403,
     "max": 627436.2026754306,
     "unit": "docs/s"
    },
    "latency": {
     "50_0": 903.0895409996447,
     "90_0": 1393.1458779989043,
     "99_0": 1890.524228302819,
     "99_9": 2086.683448720146,
     "100_0": 2212.5673520058626,
     "mean": 907.3724241114763,
     "unit": "ms"
    },
    "service_time": {
     "50_0": 903.0895409996447,
     "90_0": 1393.1458779989043,
     "99_0": 1890.524228302819,
     "99_9": 2086.683448720146,
     "100_0": 2212.5673520058626,
     "mean": 907.3724241114763,
     "unit": "ms"
    },
    "client_processing_time": {
     "50_0": 1.312968997808639,
     "90_0": 1.4020605012774467,
     "99_0": 4.258908352858261,
     "99_9": 80.56437904463087,
     "100_0": 90.55085300497012,
     "mean": 1.557227608021089,
     "unit": "ms"
    },
    "processing_time": {
     "50_0": 912.5514789993758,
     "90_0": 1399.1744144987024,
     "99_0": 1893.4659267953964,
     "99_9": 2103.271797413483,
     "100_0": 2249.332368002797,
     "mean": 914.606145300081,
     "unit": "ms"
    },
    "error_rate": 0.0,
    "duration": 266025.4043890018
   }
  ],
  "correctness_metrics": [
   {
    "task": "index",
    "operation": "index",
    "recall@k": {},
    "recall@1": {},
    "error_rate": 0.0,
    "duration": 266025.4043890018
   }
  ],
  "profile_metrics": [],
  "total_time": 34782280,
  "total_time_per_shard": {
   "min": 8,
   "median": 1448454,
   "max": 1541862,
   "unit": "ms"
  },
  "indexing_throttle_time": 0,
  "indexing_throttle_time_per_shard": {
   "min": 0,
   "median": 0,
   "max": 0,
   "unit": "ms"
  },
  "merge_time": 5958556,
  "merge_time_per_shard": {
   "min": 0,
   "median": 258585,
   "max": 326426,
   "unit": "ms"
  },
  "merge_count": 623,
  "refresh_time": 581316,
  "refresh_time_per_shard": {
   "min": 37,
   "median": 23764,
   "max": 42182,
   "unit": "ms"
  },
  "refresh_count": 360,
  "flush_time": 581151,
  "flush_time_per_shard": {
   "min": 0,
   "median": 23376,
   "max": 48348,
   "unit": "ms"
  },
  "flush_count": 73,
  "merge_throttle_time": 1289163,
  "merge_throttle_time_per_shard": {
   "min": 0,
   "median": 53118,
   "max": 97298,
   "unit": "ms"
  },
  "ml_processing_time": [],
  "young_gc_time": 42652,
  "young_gc_count": 789,
  "old_gc_time": 0,
  "old_gc_count": 0,
  "memory_segments": 0,
  "memory_doc_values": 0,
  "memory_terms": 0,
  "memory_norms": 0,
  "memory_points": 0,
  "memory_stored_fields": 0,
  "store_size": 86282644910,
  "translog_size": 19362098778,
  "segment_count": 1026,
  "total_transform_search_times": [],
  "total_transform_index_times": [],
  "total_transform_processing_times": [],
  "total_transform_throughput": []
 },
 "workload-revision": "efdc1fe",
 "test_procedure": "append-no-conflicts",
 "workload-params": {
  "bulk_indexing_clients": 60,
  "bulk_size": 10000
 }
}