{
 "benchmark-version": "2.0.0",
 "benchmark-revision": null,
 "environment": "local",
 "test-run-id": "9a6c26bc-0efe-4c5f-97f6-331411f02923",
 "test-run-timestamp": "20251013T220923Z",
 "pipeline": "benchmark-only",
 "user-tags": {},
 "workload": "nyc_taxis",
 "cluster-config-instance": [
  "external"
 ],
 "cluster": {
  "revision": "8ff7c6ee924a49f0f59f80a6e1c73073c8904214",
  "distribution-version": "3.1.0",
  "distribution-flavor": "oss",
  "cluster-config-revision": null
 },
 "results": {
  "op_metrics": [
   {
    "task": "index",
    "operation": "index",
    "throughput": {
     "min": 624888.5783007022,
     "mean": 627175.6700954838,
     "median": 627278.1967570749,
     "max": 628593.2199580023,
     "unit": "docs/s"
    },
    "latency": {
     "50_0": 850.2128590043867,
     "90_0": 1353.4571199998027,
     "99_0": 1771.2882045016158,
     "99_9": 1962.1958986499542,
     "100_0": 1974.0849349982454,
     "mean": 862.2842704027021,
     "unit": "ms"
    },
    "service_time": {
     "50_0": 850.2128590043867,
     "90_0": 1353.4571199998027,
     "99_0": 1771.2882045016158,
     "99_9": 1962.1958986499542,
     "100_0": 1974.0849349982454,
     "mean": 862.2842704027021,
     "unit": "ms"
    },
    "client_processing_time": {
     "50_0": 1.292451997869648,
     "90_0": 1.374391998979263,
     "99_0": 2.9435815049509984,
     "99_9": 40.489502047785294,
     "100_0": 43.84951799875125,
     "mean": 1.0330577645528642,
     "unit": "ms"
    },
    "processing_time": {
     "50_0": 863.9133129981929,
     "90_0": 1356.5724900036003,
     "99_0": 1779.1836240030534,
     "99_9": 1965.1345661040998,
     "100_0": 1979.6941859967774,
     "mean": 875.5865732752562,
     "unit": "ms"
    },
    "error_rate": 0.0,
    "duration": 262764.90209199983
   }
  ],
  "correctness_metrics": [
   {
    "task": "index",
    "operation": "index",
    "recall@k": {},
    "recall@1": {},
    "error_rate": 0.0,
    "duration": 262764.90209199983
   }
  ],
  "profile_metrics": [],
  "total_time": 34234851,
  "total_time_per_shard": {
   "min": 21,
   "median": 1418145,
   "max": 1511230,
   "unit": "ms"
  },
  "indexing_throttle_time": 0,
  "indexing_throttle_time_per_shard": {
   "min": 0,
   "median": 0,
   "max": 0,
   "unit": "ms"
  },
  "merge_time": 5101675,
  "merge_time_per_shard": {
   "min": 0,
   "median": 207081,
   "max": 292044,
   "unit": "ms"
  },
  "merge_count": 587,
  "refresh_time": 561285,
  "refresh_time_per_shard": {
   "min": 236,
   "median": 21885,
   "max": 33678,
   "unit": "ms"
  },
  "refresh_count": 353,
  "flush_time": 496310,
  "flush_time_per_shard": {
   "min": 0,
   "median": 19338,
   "max": 34692,
   "unit": "ms"
  },
  "flush_count": 72,
  "merge_throttle_time": 1125327,
  "merge_throttle_time_per_shard": {
   "min": 0,
   "median": 45061,
   "max": 77848,
   "unit": "ms"
  },
  "ml_processing_time": [],
  "young_gc_time": 42711,
  "young_gc_count": 785,
  "old_gc_time": 0,
  "old_gc_count": 0,
  "memory_segments": 0,
  "memory_doc_values": 0,
  "memory_terms": 0,
  "memory_norms": 0,
  "memory_points": 0,
  "memory_stored_fields": 0,
  "store_size": 83473559246,
  "translog_size": 19659717905,
  "segment_count": 1139,
  "total_transform_search_times": [],
  "total_transform_index_times": [],
  "total_transform_processing_times": [],
  "total_transform_throughput": []
 },
 "workload-revision": "efdc1fe",
 "test_procedure": "append-no-conflicts",
 "workload-params": {
  "bulk_indexing_clients": 60,
  "bulk_size": 10000
 }
}