{
  "test_run_id": "e19705f5-b9ce-4246-9507-7815e3dad842",
  "throughput": {
    "min": 358552.1228480514,
    "mean": 369652.7943100484,
    "median": 371196.83402741235,
    "max": 376677.9367653725,
    "unit": "docs/s"
  },
  "latency": {
    "50_0": 1630.9819260004588,
    "90_0": 2491.0294930004966,
    "99_0": 3203.175059200112,
    "99_9": 3738.57691631969,
    "100_0": 4505.296246999933,
    "mean": 1650.7203332036192,
    "unit": "ms"
  },
  "service_time": {
    "50_0": 1630.9819260004588,
    "90_0": 2491.0294930004966,
    "99_0": 3203.175059200112,
    "99_9": 3738.57691631969,
    "100_0": 4505.296246999933,
    "mean": 1650.7203332036192,
    "unit": "ms"
  },
  "error_rate": 0.0
}
