{
 "benchmark-version": "2.0.0",
 "benchmark-revision": null,
 "environment": "local",
 "test-run-id": "bf6f278f-2b5b-4710-ad89-71eea11b6d1e",
 "test-run-timestamp": "20251009T195956Z",
 "pipeline": "benchmark-only",
 "user-tags": {},
 "workload": "nyc_taxis",
 "cluster-config-instance": [
  "external"
 ],
 "cluster": {
  "revision": "8ff7c6ee924a49f0f59f80a6e1c73073c8904214",
  "distribution-version": "3.1.0",
  "distribution-flavor": "oss",
  "cluster-config-revision": null
 },
 "results": {
  "op_metrics": [
   {
    "task": "index",
    "operation": "index",
    "throughput": {
     "min": 354595.2891172433,
     "mean": 360936.5911418659,
     "median": 360960.85213680996,
     "max": 365278.3630051056,
     "unit": "docs/s"
    },
    "latency": {
     "50_0": 1465.9541110004284,
     "90_0": 2695.4650689995105,
     "99_0": 3570.1010178995625,
     "99_9": 4443.874497689387,
     "100_0": 4630.896702999962,
     "mean": 1629.675359494528,
     "unit": "ms"
    },
    "service_time": {
     "50_0": 1465.9541110004284,
     "90_0": 2695.4650689995105,
     "99_0": 3570.1010178995625,
     "99_9": 4443.874497689387,
     "100_0": 4630.896702999962,
     "mean": 1629.675359494528,
     "unit": "ms"
    },
    "client_processing_time": {
     "50_0": 1.3237559996923665,
     "90_0": 1.4658279997092905,
     "99_0": 7.688322099966316,
     "99_9": 55.870704530162406,
     "100_0": 79.86559699929785,
     "mean": 1.5203968402022654,
     "unit": "ms"
    },
    "processing_time": {
     "50_0": 1475.6527549998282,
     "90_0": 2701.1824439996417,
     "99_0": 3573.0652624999516,
     "99_9": 4463.624625560154,
     "100_0": 4635.230708000563,
     "mean": 1638.353444095374,
     "unit": "ms"
    },
    "error_rate": 0.0,
    "duration": 462373.90552099986
   }
  ],
  "correctness_metrics": [
   {
    "task": "index",
    "operation": "index",
    "recall@k": {},
    "recall@1": {},
    "error_rate": 0.0,
    "duration": 462373.90552099986
   }
  ],
  "profile_metrics": [],
  "total_time": 19804104,
  "total_time_per_shard": {
   "min": 12,
   "median": 4623625.0,
   "max": 10556842,
   "unit": "ms"
  },
  "indexing_throttle_time": 76176,
  "indexing_throttle_time_per_shard": {
   "min": 0,
   "median": 14957.5,
   "max": 46261,
   "unit": "ms"
  },
  "merge_time": 4570349,
  "merge_time_per_shard": {
   "min": 0,
   "median": 1094112.5,
   "max": 2382124,
   "unit": "ms"
  },
  "merge_count": 879,
  "refresh_time": 84986,
  "refresh_time_per_shard": {
   "min": 9,
   "median": 20964.5,
   "max": 43048,
   "unit": "ms"
  },
  "refresh_count": 198,
  "flush_time": 291347,
  "flush_time_per_shard": {
   "min": 27,
   "median": 71392.5,
   "max": 148535,
   "unit": "ms"
  },
  "flush_count": 98,
  "merge_throttle_time": 66117,
  "merge_throttle_time_per_shard": {
   "min": 0,
   "median": 14000.0,
   "max": 38117,
   "unit": "ms"
  },
  "ml_processing_time": [],
  "young_gc_time": 17683,
  "young_gc_count": 712,
  "old_gc_time": 0,
  "old_gc_count": 0,
  "memory_segments": 0,
  "memory_doc_values": 0,
  "memory_terms": 0,
  "memory_norms": 0,
  "memory_points": 0,
  "memory_stored_fields": 0,
  "store_size": 67486835743,
  "translog_size": 336894121,
  "segment_count": 147,
  "total_transform_search_times": [],
  "total_transform_index_times": [],
  "total_transform_processing_times": [],
  "total_transform_throughput": []
 },
 "workload-revision": "efdc1fe",
 "test_procedure": "append-no-conflicts",
 "workload-params": {
  "bulk_indexing_clients": 60,
  "bulk_size": 10000
 }
}