{
  "test_run_id": "bf6f278f-2b5b-4710-ad89-71eea11b6d1e",
  "throughput": {
    "min": 354595.2891172433,
    "mean": 360936.5911418659,
    "median": 360960.85213680996,
    "max": 365278.3630051056,
    "unit": "docs/s"
  },
  "latency": {
    "50_0": 1465.9541110004284,
    "90_0": 2695.4650689995105,
    "99_0": 3570.1010178995625,
    "99_9": 4443.874497689387,
    "100_0": 4630.896702999962,
    "mean": 1629.675359494528,
    "unit": "ms"
  },
  "service_time": {
    "50_0": 1465.9541110004284,
    "90_0": 2695.4650689995105,
    "99_0": 3570.1010178995625,
    "99_9": 4443.874497689387,
    "100_0": 4630.896702999962,
    "mean": 1629.675359494528,
    "unit": "ms"
  },
  "error_rate": 0.0
}
