{
  "test_run_id": "3f80e934-f90e-4e84-b7a1-215fd79ef5c3",
  "throughput": {
    "min": 370716.7126515198,
    "mean": 384374.34858720895,
    "median": 383825.9794056682,
    "max": 397618.08247211814,
    "unit": "docs/s"
  },
  "latency": {
    "50_0": 1456.1124369993195,
    "90_0": 2730.8869475999018,
    "99_0": 3441.1864576599874,
    "99_9": 3581.8726540860853,
    "100_0": 3795.683672999985,
    "mean": 1640.5516786172682,
    "unit": "ms"
  },
  "service_time": {
    "50_0": 1456.1124369993195,
    "90_0": 2730.8869475999018,
    "99_0": 3441.1864576599874,
    "99_9": 3581.8726540860853,
    "100_0": 3795.683672999985,
    "mean": 1640.5516786172682,
    "unit": "ms"
  },
  "error_rate": 0.0
}
