{
  "test_run_id": "a2e09393-647e-4ac7-8c3e-fb9f72818682",
  "throughput": {
    "min": 363357.4356717737,
    "mean": 375809.65076748625,
    "median": 375681.12497220194,
    "max": 388807.6701930071,
    "unit": "docs/s"
  },
  "latency": {
    "50_0": 1544.083742499879,
    "90_0": 2649.1360612999415,
    "99_0": 3379.0258975995575,
    "99_9": 3757.1131995036153,
    "100_0": 3934.10042800042,
    "mean": 1663.4493319925948,
    "unit": "ms"
  },
  "service_time": {
    "50_0": 1544.083742499879,
    "90_0": 2649.1360612999415,
    "99_0": 3379.0258975995575,
    "99_9": 3757.1131995036153,
    "100_0": 3934.10042800042,
    "mean": 1663.4493319925948,
    "unit": "ms"
  },
  "error_rate": 0.0
}
