{
 "benchmark-version": "2.0.0",
 "benchmark-revision": null,
 "environment": "local",
 "test-run-id": "fd45a49d-5dde-43b9-8765-71c2d5992a16",
 "test-run-timestamp": "20251015T193744Z",
 "pipeline": "benchmark-only",
 "user-tags": {},
 "workload": "nyc_taxis",
 "cluster-config-instance": [
  "external"
 ],
 "cluster": {
  "revision": "8ff7c6ee924a49f0f59f80a6e1c73073c8904214",
  "distribution-version": "3.1.0",
  "distribution-flavor": "oss",
  "cluster-config-revision": null
 },
 "results": {
  "op_metrics": [
   {
    "task": "index",
    "operation": "index",
    "throughput": {
     "min": 588281.8603859077,
     "mean": 592498.5229467059,
     "median": 591794.9762530345,
     "max": 596444.3840381122,
     "unit": "docs/s"
    },
    "latency": {
     "50_0": 909.5021160001124,
     "90_0": 1442.0011137003714,
     "99_0": 2099.645668360399,
     "99_9": 2606.356530743969,
     "100_0": 2781.746722999742,
     "mean": 965.5273169100883,
     "unit": "ms"
    },
    "service_time": {
     "50_0": 909.5021160001124,
     "90_0": 1442.0011137003714,
     "99_0": 2099.645668360399,
     "99_9": 2606.356530743969,
     "100_0": 2781.746722999742,
     "mean": 965.5273169100883,
     "unit": "ms"
    },
    "client_processing_time": {
     "50_0": 1.2797354993381305,
     "90_0": 1.4137547002974318,
     "99_0": 5.531178139353884,
     "99_9": 41.746322157843906,
     "100_0": 48.87928900006955,
     "mean": 1.1928106032211387,
     "unit": "ms"
    },
    "processing_time": {
     "50_0": 926.6031035003834,
     "90_0": 1470.1558936002587,
     "99_0": 2104.136329930143,
     "99_9": 2608.337909062142,
     "100_0": 2784.6712820000903,
     "mean": 981.5411184775375,
     "unit": "ms"
    },
    "error_rate": 0.0,
    "duration": 280086.60783899995
   }
  ],
  "correctness_metrics": [
   {
    "task": "index",
    "operation": "index",
    "recall@k": {},
    "recall@1": {},
    "error_rate": 0.0,
    "duration": 280086.60783899995
   }
  ],
  "profile_metrics": [],
  "total_time": 39239504,
  "total_time_per_shard": {
   "min": 6,
   "median": 2456249,
   "max": 2557455,
   "unit": "ms"
  },
  "indexing_throttle_time": 0,
  "indexing_throttle_time_per_shard": {
   "min": 0,
   "median": 0,
   "max": 0,
   "unit": "ms"
  },
  "merge_time": 6026717,
  "merge_time_per_shard": {
   "min": 0,
   "median": 381102,
   "max": 503792,
   "unit": "ms"
  },
  "merge_count": 1313,
  "refresh_time": 416324,
  "refresh_time_per_shard": {
   "min": 16,
   "median": 25191,
   "max": 41133,
   "unit": "ms"
  },
  "refresh_count": 397,
  "flush_time": 1417251,
  "flush_time_per_shard": {
   "min": 0,
   "median": 89075,
   "max": 104548,
   "unit": "ms"
  },
  "flush_count": 164,
  "merge_throttle_time": 2077866,
  "merge_throttle_time_per_shard": {
   "min": 0,
   "median": 125394,
   "max": 221726,
   "unit": "ms"
  },
  "ml_processing_time": [],
  "young_gc_time": 63048,
  "young_gc_count": 1408,
  "old_gc_time": 0,
  "old_gc_count": 0,
  "memory_segments": 0,
  "memory_doc_values": 0,
  "memory_terms": 0,
  "memory_norms": 0,
  "memory_points": 0,
  "memory_stored_fields": 0,
  "store_size": 105898605659,
  "translog_size": 13160917824,
  "segment_count": 1561,
  "total_transform_search_times": [],
  "total_transform_index_times": [],
  "total_transform_processing_times": [],
  "total_transform_throughput": []
 },
 "workload-revision": "31bbb62",
 "test_procedure": "append-no-conflicts",
 "workload-params": {
  "bulk_indexing_clients": 60,
  "bulk_size": 10000,
  "number_of_shards": 16
 }
}