{
  "test_run_id": "4d826d93-030c-4245-8ce7-d9bd32b16785",
  "throughput": {
    "min": 641938.1012261308,
    "mean": 644383.7541153572,
    "median": 644124.2879336205,
    "max": 647177.0520275169,
    "unit": "docs/s"
  },
  "latency": {
    "50_0": 811.8353380000372,
    "90_0": 1463.7922869997055,
    "99_0": 1935.3937894998578,
    "100_0": 2139.9374150000767,
    "mean": 864.2386053717819,
    "unit": "ms"
  },
  "service_time": {
    "50_0": 811.8353380000372,
    "90_0": 1463.7922869997055,
    "99_0": 1935.3937894998578,
    "100_0": 2139.9374150000767,
    "mean": 864.2386053717819,
    "unit": "ms"
  },
  "error_rate": 0.0
}
