{
  "test_run_id": "4bd73a0d-0a4a-4e2d-bc34-609404f2436f",
  "throughput": {
    "min": 632767.8871750907,
    "mean": 635634.3176864156,
    "median": 635800.3214681393,
    "max": 638072.718165502,
    "unit": "docs/s"
  },
  "latency": {
    "50_0": 820.9272299995973,
    "90_0": 1418.1265525997333,
    "99_0": 1980.288411680176,
    "99_9": 2258.0177680239944,
    "100_0": 2369.807765999667,
    "mean": 870.393141314928,
    "unit": "ms"
  },
  "service_time": {
    "50_0": 820.9272299995973,
    "90_0": 1418.1265525997333,
    "99_0": 1980.288411680176,
    "99_9": 2258.0177680239944,
    "100_0": 2369.807765999667,
    "mean": 870.393141314928,
    "unit": "ms"
  },
  "error_rate": 0.0
}
