{
 "benchmark-version": "2.0.0",
 "benchmark-revision": null,
 "environment": "local",
 "test-run-id": "d482234d-c893-4e06-bb49-2b84a49aa760",
 "test-run-timestamp": "20251009T194227Z",
 "pipeline": "benchmark-only",
 "user-tags": {},
 "workload": "nyc_taxis",
 "cluster-config-instance": [
  "external"
 ],
 "cluster": {
  "revision": "8ff7c6ee924a49f0f59f80a6e1c73073c8904214",
  "distribution-version": "3.1.0",
  "distribution-flavor": "oss",
  "cluster-config-revision": null
 },
 "results": {
  "op_metrics": [
   {
    "task": "index",
    "operation": "index",
    "throughput": {
     "min": 634426.5811959127,
     "mean": 642717.3961392647,
     "median": 643287.8120703597,
     "max": 645847.081976947,
     "unit": "docs/s"
    },
    "latency": {
     "50_0": 809.6684139995887,
     "90_0": 1413.1149458001346,
     "99_0": 2070.7996029401443,
     "100_0": 2533.0494469999394,
     "mean": 885.1232639204177,
     "unit": "ms"
    },
    "service_time": {
     "50_0": 809.6684139995887,
     "90_0": 1413.1149458001346,
     "99_0": 2070.7996029401443,
     "100_0": 2533.0494469999394,
     "mean": 885.1232639204177,
     "unit": "ms"
    },
    "client_processing_time": {
     "50_0": 1.3376140004766057,
     "90_0": 1.4285859998381056,
     "99_0": 37.649340380030516,
     "100_0": 68.48016599997209,
     "mean": 1.8360428492054188,
     "unit": "ms"
    },
    "processing_time": {
     "50_0": 820.3608730000269,
     "90_0": 1415.924172800169,
     "99_0": 2073.886423860133,
     "100_0": 2535.2758690000883,
     "mean": 892.045991230363,
     "unit": "ms"
    },
    "error_rate": 0.0,
    "duration": 259374.7476069998
   }
  ],
  "correctness_metrics": [
   {
    "task": "index",
    "operation": "index",
    "recall@k": {},
    "recall@1": {},
    "error_rate": 0.0,
    "duration": 259374.7476069998
   }
  ],
  "profile_metrics": [],
  "total_time": 34577721,
  "total_time_per_shard": {
   "min": 2,
   "median": 1434138,
   "max": 1522173,
   "unit": "ms"
  },
  "indexing_throttle_time": 0,
  "indexing_throttle_time_per_shard": {
   "min": 0,
   "median": 0,
   "max": 0,
   "unit": "ms"
  },
  "merge_time": 5477594,
  "merge_time_per_shard": {
   "min": 0,
   "median": 224907,
   "max": 310282,
   "unit": "ms"
  },
  "merge_count": 626,
  "refresh_time": 547061,
  "refresh_time_per_shard": {
   "min": 34,
   "median": 21654,
   "max": 37520,
   "unit": "ms"
  },
  "refresh_count": 371,
  "flush_time": 500361,
  "flush_time_per_shard": {
   "min": 0,
   "median": 16892,
   "max": 35868,
   "unit": "ms"
  },
  "flush_count": 72,
  "merge_throttle_time": 1233226,
  "merge_throttle_time_per_shard": {
   "min": 0,
   "median": 47776,
   "max": 98285,
   "unit": "ms"
  },
  "ml_processing_time": [],
  "young_gc_time": 43216,
  "young_gc_count": 798,
  "old_gc_time": 0,
  "old_gc_count": 0,
  "memory_segments": 0,
  "memory_doc_values": 0,
  "memory_terms": 0,
  "memory_norms": 0,
  "memory_points": 0,
  "memory_stored_fields": 0,
  "store_size": 82911176564,
  "translog_size": 19633877826,
  "segment_count": 974,
  "total_transform_search_times": [],
  "total_transform_index_times": [],
  "total_transform_processing_times": [],
  "total_transform_throughput": []
 },
 "workload-revision": "efdc1fe",
 "test_procedure": "append-no-conflicts",
 "workload-params": {
  "bulk_indexing_clients": 60,
  "bulk_size": 10000
 }
}