{
  "test_run_id": "a353dbef-a278-4275-ad95-4ccef78ee87b",
  "throughput": {
    "min": 603298.9524238424,
    "mean": 609553.3716229232,
    "median": 609729.4685074525,
    "max": 611653.6250182876,
    "unit": "docs/s"
  },
  "latency": {
    "50_0": 846.8270929997743,
    "90_0": 1446.2361514001714,
    "99_0": 1915.7459138801448,
    "99_9": 2505.4789081920953,
    "100_0": 2864.2726369998854,
    "mean": 895.8629051581349,
    "unit": "ms"
  },
  "service_time": {
    "50_0": 846.8270929997743,
    "90_0": 1446.2361514001714,
    "99_0": 1915.7459138801448,
    "99_9": 2505.4789081920953,
    "100_0": 2864.2726369998854,
    "mean": 895.8629051581349,
    "unit": "ms"
  },
  "error_rate": 0.0
}
