{
  "test_run_id": "d482234d-c893-4e06-bb49-2b84a49aa760",
  "throughput": {
    "min": 634426.5811959127,
    "mean": 642717.3961392647,
    "median": 643287.8120703597,
    "max": 645847.081976947,
    "unit": "docs/s"
  },
  "latency": {
    "50_0": 809.6684139995887,
    "90_0": 1413.1149458001346,
    "99_0": 2070.7996029401443,
    "100_0": 2533.0494469999394,
    "mean": 885.1232639204177,
    "unit": "ms"
  },
  "service_time": {
    "50_0": 809.6684139995887,
    "90_0": 1413.1149458001346,
    "99_0": 2070.7996029401443,
    "100_0": 2533.0494469999394,
    "mean": 885.1232639204177,
    "unit": "ms"
  },
  "error_rate": 0.0
}
