{
  "test_run_id": "7e0bbc68-8f30-47d8-8185-5bd275719f5e",
  "throughput": {
    "min": 588111.3432145912,
    "mean": 595534.847682412,
    "median": 596198.1599760305,
    "max": 597517.959590942,
    "unit": "docs/s"
  },
  "latency": {
    "50_0": 869.5806819996506,
    "90_0": 1661.2635997997133,
    "99_0": 2120.5466568403876,
    "99_9": 2454.1362061828822,
    "100_0": 2555.082971999582,
    "mean": 974.4173069367414,
    "unit": "ms"
  },
  "service_time": {
    "50_0": 869.5806819996506,
    "90_0": 1661.2635997997133,
    "99_0": 2120.5466568403876,
    "99_9": 2454.1362061828822,
    "100_0": 2555.082971999582,
    "mean": 974.4173069367414,
    "unit": "ms"
  },
  "error_rate": 0.0
}
