{
  "test_run_id": "c0f50303-dd11-4109-965f-90cc75a71062",
  "throughput": {
    "min": 567340.4777173958,
    "mean": 569347.7955340082,
    "median": 569052.886447774,
    "max": 573308.7396047238,
    "unit": "docs/s"
  },
  "latency": {
    "50_0": 917.5263920005818,
    "90_0": 1710.7623830998818,
    "99_0": 2211.1124626502165,
    "99_9": 2990.845064514759,
    "100_0": 3187.2293019996505,
    "mean": 1015.8877803380465,
    "unit": "ms"
  },
  "service_time": {
    "50_0": 917.5263920005818,
    "90_0": 1710.7623830998818,
    "99_0": 2211.1124626502165,
    "99_9": 2990.845064514759,
    "100_0": 3187.2293019996505,
    "mean": 1015.8877803380465,
    "unit": "ms"
  },
  "error_rate": 0.0
}
