{
  "test_run_id": "bd37b791-b0be-4949-82d1-96d55bc5d981",
  "throughput": {
    "min": 582075.7154718168,
    "mean": 589969.7684760849,
    "median": 590739.2704336004,
    "max": 592519.9054451803,
    "unit": "docs/s"
  },
  "latency": {
    "50_0": 880.9372794999035,
    "90_0": 1603.896842699851,
    "99_0": 2062.7596730703494,
    "99_9": 2427.343828400235,
    "100_0": 2525.7323340001676,
    "mean": 967.9226667911853,
    "unit": "ms"
  },
  "service_time": {
    "50_0": 880.9372794999035,
    "90_0": 1603.896842699851,
    "99_0": 2062.7596730703494,
    "99_9": 2427.343828400235,
    "100_0": 2525.7323340001676,
    "mean": 967.9226667911853,
    "unit": "ms"
  },
  "error_rate": 0.0
}
