{
 "benchmark-version": "2.0.0",
 "benchmark-revision": null,
 "environment": "local",
 "test-run-id": "c0f50303-dd11-4109-965f-90cc75a71062",
 "test-run-timestamp": "20251009T175951Z",
 "pipeline": "benchmark-only",
 "user-tags": {},
 "workload": "nyc_taxis",
 "cluster-config-instance": [
  "external"
 ],
 "cluster": {
  "revision": "8ff7c6ee924a49f0f59f80a6e1c73073c8904214",
  "distribution-version": "3.1.0",
  "distribution-flavor": "oss",
  "cluster-config-revision": null
 },
 "results": {
  "op_metrics": [
   {
    "task": "index",
    "operation": "index",
    "throughput": {
     "min": 567340.4777173958,
     "mean": 569347.7955340082,
     "median": 569052.886447774,
     "max": 573308.7396047238,
     "unit": "docs/s"
    },
    "latency": {
     "50_0": 917.5263920005818,
     "90_0": 1710.7623830998818,
     "99_0": 2211.1124626502165,
     "99_9": 2990.845064514759,
     "100_0": 3187.2293019996505,
     "mean": 1015.8877803380465,
     "unit": "ms"
    },
    "service_time": {
     "50_0": 917.5263920005818,
     "90_0": 1710.7623830998818,
     "99_0": 2211.1124626502165,
     "99_9": 2990.845064514759,
     "100_0": 3187.2293019996505,
     "mean": 1015.8877803380465,
     "unit": "ms"
    },
    "client_processing_time": {
     "50_0": 1.3388324996412848,
     "90_0": 1.4266939002482104,
     "99_0": 35.14424643987693,
     "99_9": 40.28052030508303,
     "100_0": 72.30139499915822,
     "mean": 1.8244822142795032,
     "unit": "ms"
    },
    "processing_time": {
     "50_0": 924.982169499799,
     "90_0": 1714.2676533993836,
     "99_0": 2227.0968609000815,
     "99_9": 2993.7835086630844,
     "100_0": 3190.192616000786,
     "mean": 1021.0118767249731,
     "unit": "ms"
    },
    "error_rate": 0.0,
    "duration": 288392.03156799974
   }
  ],
  "correctness_metrics": [
   {
    "task": "index",
    "operation": "index",
    "recall@k": {},
    "recall@1": {},
    "error_rate": 0.0,
    "duration": 288392.03156799974
   }
  ],
  "profile_metrics": [],
  "total_time": 37686857,
  "total_time_per_shard": {
   "min": 3,
   "median": 1581190.0,
   "max": 1641962,
   "unit": "ms"
  },
  "indexing_throttle_time": 0,
  "indexing_throttle_time_per_shard": {
   "min": 0,
   "median": 0.0,
   "max": 0,
   "unit": "ms"
  },
  "merge_time": 5716740,
  "merge_time_per_shard": {
   "min": 0,
   "median": 233785.5,
   "max": 308478,
   "unit": "ms"
  },
  "merge_count": 669,
  "refresh_time": 789511,
  "refresh_time_per_shard": {
   "min": 7,
   "median": 31231.5,
   "max": 52656,
   "unit": "ms"
  },
  "refresh_count": 428,
  "flush_time": 546565,
  "flush_time_per_shard": {
   "min": 433,
   "median": 22291.0,
   "max": 34774,
   "unit": "ms"
  },
  "flush_count": 75,
  "merge_throttle_time": 990589,
  "merge_throttle_time_per_shard": {
   "min": 0,
   "median": 40421.5,
   "max": 64370,
   "unit": "ms"
  },
  "ml_processing_time": [],
  "young_gc_time": 58647,
  "young_gc_count": 1059,
  "old_gc_time": 0,
  "old_gc_count": 0,
  "memory_segments": 0,
  "memory_doc_values": 0,
  "memory_terms": 0,
  "memory_norms": 0,
  "memory_points": 0,
  "memory_stored_fields": 0,
  "store_size": 83883286313,
  "translog_size": 21677289369,
  "segment_count": 1011,
  "total_transform_search_times": [],
  "total_transform_index_times": [],
  "total_transform_processing_times": [],
  "total_transform_throughput": []
 },
 "workload-revision": "efdc1fe",
 "test_procedure": "append-no-conflicts",
 "workload-params": {
  "bulk_indexing_clients": 60,
  "bulk_size": 10000
 }
}