{
  "test_run_id": "bd3d2ec2-5c0e-4d6a-8ca7-889f398be87f",
  "throughput": {
    "min": 585874.4420647077,
    "mean": 590181.7666862498,
    "median": 590715.0391719535,
    "max": 592900.1358660618,
    "unit": "docs/s"
  },
  "latency": {
    "50_0": 851.3514500000383,
    "90_0": 1587.0080930003496,
    "99_0": 2253.808451359574,
    "99_9": 2648.454701625354,
    "100_0": 3122.3719810004695,
    "mean": 959.5867721698716,
    "unit": "ms"
  },
  "service_time": {
    "50_0": 851.3514500000383,
    "90_0": 1587.0080930003496,
    "99_0": 2253.808451359574,
    "99_9": 2648.454701625354,
    "100_0": 3122.3719810004695,
    "mean": 959.5867721698716,
    "unit": "ms"
  },
  "error_rate": 0.0
}
