{
 "benchmark-version": "2.0.0",
 "benchmark-revision": null,
 "environment": "local",
 "test-run-id": "d84c5d27-d51f-4933-85db-45445780ae0a",
 "test-run-timestamp": "20251017T181403Z",
 "pipeline": "benchmark-only",
 "user-tags": {},
 "workload": "nyc_taxis_clean",
 "cluster-config-instance": [
  "external"
 ],
 "cluster": {
  "revision": "8ff7c6ee924a49f0f59f80a6e1c73073c8904214",
  "distribution-version": "3.1.0",
  "distribution-flavor": "oss",
  "cluster-config-revision": null
 },
 "results": {
  "op_metrics": [
   {
    "task": "index",
    "operation": "index",
    "throughput": {
     "min": 6641.472294405827,
     "mean": 858257.7462579821,
     "median": 974972.2964360105,
     "max": 1058916.6119401355,
     "unit": "docs/s"
    },
    "latency": {
     "50_0": 71.5975314960815,
     "90_0": 73.25330571911763,
     "99_0": 83.08720732107756,
     "99_9": 91.31830277739242,
     "99_99": 207.12024045257027,
     "100_0": 222.3098420072347,
     "mean": 71.97683595154272,
     "unit": "ms"
    },
    "service_time": {
     "50_0": 71.5975314960815,
     "90_0": 73.25330571911763,
     "99_0": 83.08720732107756,
     "99_9": 91.31830277739242,
     "99_99": 207.12024045257027,
     "100_0": 222.3098420072347,
     "mean": 71.97683595154272,
     "unit": "ms"
    },
    "client_processing_time": {
     "50_0": 0.2261689951410517,
     "90_0": 0.24201621126849207,
     "99_0": 0.2626372000668197,
     "99_9": 0.46810321428347784,
     "99_99": 1.0649821903753678,
     "100_0": 1.3711919891647995,
     "mean": 0.22827989502552937,
     "unit": "ms"
    },
    "processing_time": {
     "50_0": 90.2137459925143,
     "90_0": 115.51188330340665,
     "99_0": 121.94319159112634,
     "99_9": 140.89922437512732,
     "99_99": 269.69388203661646,
     "100_0": 288.94870201474987,
     "mean": 98.8838696942649,
     "unit": "ms"
    },
    "error_rate": 1.0,
    "duration": 153310.12317200657
   }
  ],
  "correctness_metrics": [
   {
    "task": "index",
    "operation": "index",
    "recall@k": {},
    "recall@1": {},
    "error_rate": 1.0,
    "duration": 153310.12317200657
   }
  ],
  "profile_metrics": [],
  "total_time": 2,
  "total_time_per_shard": {
   "min": 2,
   "median": 2,
   "max": 2,
   "unit": "ms"
  },
  "indexing_throttle_time": 0,
  "indexing_throttle_time_per_shard": {
   "min": 0,
   "median": 0,
   "max": 0,
   "unit": "ms"
  },
  "merge_time": 0,
  "merge_time_per_shard": {
   "min": 0,
   "median": 0,
   "max": 0,
   "unit": "ms"
  },
  "merge_count": 0,
  "refresh_time": 8,
  "refresh_time_per_shard": {
   "min": 8,
   "median": 8,
   "max": 8,
   "unit": "ms"
  },
  "refresh_count": 3,
  "flush_time": 0,
  "flush_time_per_shard": {
   "min": 0,
   "median": 0,
   "max": 0,
   "unit": "ms"
  },
  "flush_count": 0,
  "merge_throttle_time": 0,
  "merge_throttle_time_per_shard": {
   "min": 0,
   "median": 0,
   "max": 0,
   "unit": "ms"
  },
  "ml_processing_time": [],
  "young_gc_time": 511,
  "young_gc_count": 63,
  "old_gc_time": 0,
  "old_gc_count": 0,
  "memory_segments": 0,
  "memory_doc_values": 0,
  "memory_terms": 0,
  "memory_norms": 0,
  "memory_points": 0,
  "memory_stored_fields": 0,
  "store_size": 37697,
  "translog_size": 4162,
  "segment_count": 1,
  "total_transform_search_times": [],
  "total_transform_index_times": [],
  "total_transform_processing_times": [],
  "total_transform_throughput": []
 },
 "test_procedure": "append-no-conflicts",
 "workload-params": {
  "index_warmup_time_period": 5,
  "update_warmup_time_period": 5,
  "warmup_iterations": 10,
  "bulk_indexing_clients": 16,
  "bulk_size": 10000
 }
}