{
 "benchmark-version": "2.0.0",
 "benchmark-revision": null,
 "environment": "local",
 "test-run-id": "15d44e9e-fe7a-4826-a3ba-ce8fc4de382a",
 "test-run-timestamp": "20251017T180509Z",
 "pipeline": "benchmark-only",
 "user-tags": {},
 "workload": "nyc_taxis_clean",
 "cluster-config-instance": [
  "external"
 ],
 "cluster": {
  "revision": "8ff7c6ee924a49f0f59f80a6e1c73073c8904214",
  "distribution-version": "3.1.0",
  "distribution-flavor": "oss",
  "cluster-config-revision": null
 },
 "results": {
  "op_metrics": [
   {
    "task": "index",
    "operation": "index",
    "throughput": {
     "min": 365540.93772406224,
     "mean": 386835.6754548569,
     "median": 381958.29948177014,
     "max": 503849.48291239893,
     "unit": "docs/s"
    },
    "latency": {
     "50_0": 345.35274050722364,
     "90_0": 530.6642347946765,
     "99_0": 1985.689091300883,
     "99_9": 2658.9289517413445,
     "99_99": 2944.0789695140256,
     "100_0": 3303.216011991026,
     "mean": 416.82917913067075,
     "unit": "ms"
    },
    "service_time": {
     "50_0": 345.35274050722364,
     "90_0": 530.6642347946765,
     "99_0": 1985.689091300883,
     "99_9": 2658.9289517413445,
     "99_99": 2944.0789695140256,
     "100_0": 3303.216011991026,
     "mean": 416.82917913067075,
     "unit": "ms"
    },
    "client_processing_time": {
     "50_0": 0.9096605062950402,
     "90_0": 1.2479734927183017,
     "99_0": 1.3617552295909263,
     "99_9": 4.060737110354243,
     "99_99": 7.0762188534804595,
     "100_0": 8.159334014635533,
     "mean": 0.963310985749175,
     "unit": "ms"
    },
    "processing_time": {
     "50_0": 347.5180084933527,
     "90_0": 533.0957610829503,
     "99_0": 1990.5130493457546,
     "99_9": 2661.5439843032823,
     "99_99": 2946.682532162853,
     "100_0": 3305.784700001823,
     "mean": 419.0890672681145,
     "unit": "ms"
    },
    "error_rate": 0.0,
    "duration": 452691.9767000072
   }
  ],
  "correctness_metrics": [
   {
    "task": "index",
    "operation": "index",
    "recall@k": {},
    "recall@1": {},
    "error_rate": 0.0,
    "duration": 452691.9767000072
   }
  ],
  "profile_metrics": [],
  "total_time": 5967003,
  "total_time_per_shard": {
   "min": 988067,
   "median": 991921.5,
   "max": 1005346,
   "unit": "ms"
  },
  "indexing_throttle_time": 0,
  "indexing_throttle_time_per_shard": {
   "min": 0,
   "median": 0.0,
   "max": 0,
   "unit": "ms"
  },
  "merge_time": 2840763,
  "merge_time_per_shard": {
   "min": 411334,
   "median": 442850.5,
   "max": 618681,
   "unit": "ms"
  },
  "merge_count": 174,
  "refresh_time": 138665,
  "refresh_time_per_shard": {
   "min": 19891,
   "median": 22416.5,
   "max": 27282,
   "unit": "ms"
  },
  "refresh_count": 257,
  "flush_time": 455473,
  "flush_time_per_shard": {
   "min": 66744,
   "median": 73350.5,
   "max": 86741,
   "unit": "ms"
  },
  "flush_count": 173,
  "merge_throttle_time": 1682796,
  "merge_throttle_time_per_shard": {
   "min": 248491,
   "median": 266316.0,
   "max": 331087,
   "unit": "ms"
  },
  "ml_processing_time": [],
  "young_gc_time": 3417,
  "young_gc_count": 162,
  "old_gc_time": 0,
  "old_gc_count": 0,
  "memory_segments": 0,
  "memory_doc_values": 0,
  "memory_terms": 0,
  "memory_norms": 0,
  "memory_points": 0,
  "memory_stored_fields": 0,
  "store_size": 53473255289,
  "translog_size": 1797422597,
  "segment_count": 375,
  "total_transform_search_times": [],
  "total_transform_index_times": [],
  "total_transform_processing_times": [],
  "total_transform_throughput": []
 },
 "test_procedure": "append-no-conflicts",
 "workload-params": {
  "index_warmup_time_period": 5,
  "update_warmup_time_period": 5,
  "warmup_iterations": 10,
  "bulk_indexing_clients": 16,
  "bulk_size": 10000
 }
}