{
 "benchmark-version": "2.0.0",
 "benchmark-revision": null,
 "environment": "local",
 "test-run-id": "2268a12e-84ce-41ef-b722-3d6fce3c9cb9",
 "test-run-timestamp": "20251017T181657Z",
 "pipeline": "benchmark-only",
 "user-tags": {},
 "workload": "nyc_taxis_clean",
 "cluster-config-instance": [
  "external"
 ],
 "cluster": {
  "revision": "8ff7c6ee924a49f0f59f80a6e1c73073c8904214",
  "distribution-version": "3.1.0",
  "distribution-flavor": "oss",
  "cluster-config-revision": null
 },
 "results": {
  "op_metrics": [
   {
    "task": "index",
    "operation": "index",
    "throughput": {
     "min": 364139.06645965955,
     "mean": 385299.76018670306,
     "median": 378466.3417545102,
     "max": 494563.76050489396,
     "unit": "docs/s"
    },
    "latency": {
     "50_0": 343.3415424951818,
     "90_0": 523.1368842039955,
     "99_0": 2045.8846921843367,
     "99_9": 2695.3380426773006,
     "99_99": 3152.323439000433,
     "100_0": 3299.6829449839424,
     "mean": 415.1406687633135,
     "unit": "ms"
    },
    "service_time": {
     "50_0": 343.3415424951818,
     "90_0": 523.1368842039955,
     "99_0": 2045.8846921843367,
     "99_9": 2695.3380426773006,
     "99_99": 3152.323439000433,
     "100_0": 3299.6829449839424,
     "mean": 415.1406687633135,
     "unit": "ms"
    },
    "client_processing_time": {
     "50_0": 0.9016794938361272,
     "90_0": 1.248944687540643,
     "99_0": 1.3850870906026107,
     "99_9": 4.06606625573478,
     "99_99": 5.495462932523205,
     "100_0": 7.131759019102901,
     "mean": 0.9506463568116443,
     "unit": "ms"
    },
    "processing_time": {
     "50_0": 345.56892300315667,
     "90_0": 525.6042034918208,
     "99_0": 2048.4243394969967,
     "99_9": 2697.9181385947236,
     "99_99": 3154.916171294122,
     "100_0": 3302.216208016034,
     "mean": 417.3879834481779,
     "unit": "ms"
    },
    "error_rate": 0.0,
    "duration": 453964.6035369951
   }
  ],
  "correctness_metrics": [
   {
    "task": "index",
    "operation": "index",
    "recall@k": {},
    "recall@1": {},
    "error_rate": 0.0,
    "duration": 453964.6035369951
   }
  ],
  "profile_metrics": [],
  "total_time": 5958220,
  "total_time_per_shard": {
   "min": 1,
   "median": 990921,
   "max": 1000653,
   "unit": "ms"
  },
  "indexing_throttle_time": 0,
  "indexing_throttle_time_per_shard": {
   "min": 0,
   "median": 0,
   "max": 0,
   "unit": "ms"
  },
  "merge_time": 2798027,
  "merge_time_per_shard": {
   "min": 0,
   "median": 455199,
   "max": 496848,
   "unit": "ms"
  },
  "merge_count": 168,
  "refresh_time": 186139,
  "refresh_time_per_shard": {
   "min": 38,
   "median": 25548,
   "max": 48314,
   "unit": "ms"
  },
  "refresh_count": 256,
  "flush_time": 492231,
  "flush_time_per_shard": {
   "min": 0,
   "median": 80449,
   "max": 92802,
   "unit": "ms"
  },
  "flush_count": 169,
  "merge_throttle_time": 1686981,
  "merge_throttle_time_per_shard": {
   "min": 0,
   "median": 281487,
   "max": 317229,
   "unit": "ms"
  },
  "ml_processing_time": [],
  "young_gc_time": 3453,
  "young_gc_count": 161,
  "old_gc_time": 0,
  "old_gc_count": 0,
  "memory_segments": 0,
  "memory_doc_values": 0,
  "memory_terms": 0,
  "memory_norms": 0,
  "memory_points": 0,
  "memory_stored_fields": 0,
  "store_size": 53773947178,
  "translog_size": 2348883869,
  "segment_count": 304,
  "total_transform_search_times": [],
  "total_transform_index_times": [],
  "total_transform_processing_times": [],
  "total_transform_throughput": []
 },
 "test_procedure": "append-no-conflicts",
 "workload-params": {
  "index_warmup_time_period": 5,
  "update_warmup_time_period": 5,
  "warmup_iterations": 10,
  "bulk_indexing_clients": 16,
  "bulk_size": 10000
 }
}