{
 "benchmark-version": "2.0.0",
 "benchmark-revision": null,
 "environment": "local",
 "test-run-id": "21e9c784-0c91-45f8-8be0-318218f97017",
 "test-run-timestamp": "20251016T043155Z",
 "pipeline": "benchmark-only",
 "user-tags": {},
 "workload": "nyc_taxis_clean",
 "cluster-config-instance": [
  "external"
 ],
 "cluster": {
  "revision": "8ff7c6ee924a49f0f59f80a6e1c73073c8904214",
  "distribution-version": "3.1.0",
  "distribution-flavor": "oss",
  "cluster-config-revision": null
 },
 "results": {
  "op_metrics": [
   {
    "task": "index",
    "operation": "index",
    "throughput": {
     "min": 1468016.021083808,
     "mean": 1616877.0082264028,
     "median": 1593569.4135507692,
     "max": 1915350.4861948348,
     "unit": "docs/s"
    },
    "latency": {
     "50_0": 336.30888950210647,
     "90_0": 516.8688590019883,
     "99_0": 2118.7456057496097,
     "99_9": 2931.2750907244904,
     "99_99": 3440.173575318978,
     "100_0": 3509.3499979993794,
     "mean": 369.19855561660296,
     "unit": "ms"
    },
    "service_time": {
     "50_0": 336.30888950210647,
     "90_0": 516.8688590019883,
     "99_0": 2118.7456057496097,
     "99_9": 2931.2750907244904,
     "99_99": 3440.173575318978,
     "100_0": 3509.3499979993794,
     "mean": 369.19855561660296,
     "unit": "ms"
    },
    "client_processing_time": {
     "50_0": 1.2931130004290026,
     "90_0": 1.4412844993785257,
     "99_0": 5.910539100659663,
     "99_9": 39.18592050173204,
     "99_99": 73.95087960736156,
     "100_0": 125.11475999781396,
     "mean": 1.1820735717387751,
     "unit": "ms"
    },
    "processing_time": {
     "50_0": 347.0455705009954,
     "90_0": 536.3001039986557,
     "99_0": 2121.6207228007993,
     "99_9": 2950.129420802554,
     "99_99": 3443.1549713475883,
     "100_0": 3546.923104000598,
     "mean": 381.37370325568196,
     "unit": "ms"
    },
    "error_rate": 6.424257998201208e-05,
    "duration": 112816.29344599787
   },
   {
    "task": "match-all",
    "operation": "match-all",
    "throughput": {
     "min": 3.026814657204548,
     "mean": 3.068309659998502,
     "median": 3.0482762934448773,
     "max": 3.2406238102319076,
     "unit": "ops/s"
    },
    "latency": {
     "50_0": 5.471079168273718,
     "90_0": 7.302242668811232,
     "99_0": 8.953532523191832,
     "100_0": 10.239165334496647,
     "mean": 5.716891747979389,
     "unit": "ms"
    },
    "service_time": {
     "50_0": 4.43159799760906,
     "90_0": 6.333906300642411,
     "99_0": 7.94001655802277,
     "100_0": 9.545060001983074,
     "mean": 4.777984349639155,
     "unit": "ms"
    },
    "client_processing_time": {
     "50_0": 0.0880464976944495,
     "90_0": 0.1353206014755415,
     "99_0": 0.15434625129273627,
     "100_0": 0.15536100181634538,
     "mean": 0.09557768044032855,
     "unit": "ms"
    },
    "processing_time": {
     "50_0": 4.694994999226765,
     "90_0": 6.554979700013064,
     "99_0": 8.246725991921274,
     "100_0": 9.751228000823176,
     "mean": 5.0004586697832565,
     "unit": "ms"
    },
    "error_rate": 0.0,
    "duration": 36336.01058799832
   },
   {
    "task": "range",
    "operation": "range",
    "throughput": {
     "min": 0.7063458656290389,
     "mean": 0.7169048079200867,
     "median": 0.7116267381531923,
     "max": 0.7690673121825424,
     "unit": "ops/s"
    },
    "latency": {
     "50_0": 6.89534949924564,
     "90_0": 7.9199208706995705,
     "99_0": 10.097893118909278,
     "100_0": 11.656999427941628,
     "mean": 7.0250364993626135,
     "unit": "ms"
    },
    "service_time": {
     "50_0": 5.5104674993344815,
     "90_0": 6.269831197278109,
     "99_0": 7.547808700292095,
     "100_0": 10.451449001266155,
     "mean": 5.67145191016607,
     "unit": "ms"
    },
    "client_processing_time": {
     "50_0": 0.10963649947370868,
     "90_0": 0.15749810117995366,
     "99_0": 0.17809016986575446,
     "100_0": 0.18345300122746266,
     "mean": 0.12269201986782718,
     "unit": "ms"
    },
    "processing_time": {
     "50_0": 5.77763049841451,
     "90_0": 6.573849200503901,
     "99_0": 7.895365667063758,
     "100_0": 10.732673003076343,
     "mean": 5.951061179985118,
     "unit": "ms"
    },
    "error_rate": 0.0,
    "duration": 155717.32147700095
   },
   {
    "task": "distance_amount_agg",
    "operation": "distance_amount_agg",
    "throughput": {
     "min": 2.0003872500081017,
     "mean": 2.000782952015689,
     "median": 2.0006559962340056,
     "max": 2.0019189849556285,
     "unit": "ops/s"
    },
    "latency": {
     "50_0": 419.3934610011638,
     "90_0": 422.6486075029243,
     "100_0": 433.06152900186135,
     "mean": 419.89486400125315,
     "unit": "ms"
    },
    "service_time": {
     "50_0": 418.8609650009312,
     "90_0": 421.7468197992275,
     "100_0": 432.1754519987735,
     "mean": 419.1555581598368,
     "unit": "ms"
    },
    "client_processing_time": {
     "50_0": 0.1105049996112939,
     "90_0": 0.13719739981752355,
     "100_0": 0.16393700207117945,
     "mean": 0.11156706008478068,
     "unit": "ms"
    },
    "processing_time": {
     "50_0": 419.1478750017268,
     "90_0": 422.04826710003545,
     "100_0": 432.43564599833917,
     "mean": 419.43385281985684,
     "unit": "ms"
    },
    "error_rate": 0.0,
    "duration": 29502.097259999573
   },
   {
    "task": "autohisto_agg",
    "operation": "autohisto_agg",
    "throughput": {
     "min": 1.5132694048014992,
     "mean": 1.5344716953972362,
     "median": 1.5240641379695214,
     "max": 1.6296623151067309,
     "unit": "ops/s"
    },
    "latency": {
     "50_0": 6.401420665497426,
     "90_0": 7.296044764734689,
     "99_0": 8.738014667615063,
     "100_0": 9.100123999814969,
     "mean": 6.4871201525238575,
     "unit": "ms"
    },
    "service_time": {
     "50_0": 5.241359500359977,
     "90_0": 6.00035189963819,
     "99_0": 7.629705620165624,
     "100_0": 7.886770999903092,
     "mean": 5.407460819988046,
     "unit": "ms"
    },
    "client_processing_time": {
     "50_0": 0.08311500096169766,
     "90_0": 0.1154249992396217,
     "99_0": 0.1378409903554712,
     "100_0": 0.14783900041948073,
     "mean": 0.08865458992659114,
     "unit": "ms"
    },
    "processing_time": {
     "50_0": 5.398436000177753,
     "90_0": 6.172087700542761,
     "99_0": 7.854671281893389,
     "100_0": 8.101406998321181,
     "mean": 5.574931289920642,
     "unit": "ms"
    },
    "error_rate": 0.0,
    "duration": 72669.1380250013
   },
   {
    "task": "date_histogram_agg",
    "operation": "date_histogram_agg",
    "throughput": {
     "min": 1.51373306941259,
     "mean": 1.5357028890615354,
     "median": 1.5249063204554887,
     "max": 1.6345876648109254,
     "unit": "ops/s"
    },
    "latency": {
     "50_0": 6.3460494984610705,
     "90_0": 6.923418732549181,
     "99_0": 7.489139194440213,
     "100_0": 7.572318332677241,
     "mean": 6.28323675293359,
     "unit": "ms"
    },
    "service_time": {
     "50_0": 4.923703998429119,
     "90_0": 5.370638001113549,
     "99_0": 5.8747969909381945,
     "100_0": 5.962906001514057,
     "mean": 5.010983240244968,
     "unit": "ms"
    },
    "client_processing_time": {
     "50_0": 0.08160850120475516,
     "90_0": 0.11165000069013331,
     "99_0": 0.1260149156223634,
     "100_0": 0.13798600048176013,
     "mean": 0.08490566968248459,
     "unit": "ms"
    },
    "processing_time": {
     "50_0": 5.09037600022566,
     "90_0": 5.57568169933802,
     "99_0": 6.090814012859483,
     "100_0": 6.178627998451702,
     "mean": 5.180320770014077,
     "unit": "ms"
    },
    "error_rate": 0.0,
    "duration": 72669.88720000154
   },
   {
    "task": "desc_sort_tip_amount",
    "operation": "desc_sort_tip_amount",
    "throughput": {
     "min": 0.5045490117740326,
     "mean": 0.5121167361650983,
     "median": 0.5083329683331036,
     "max": 0.5495609661561613,
     "unit": "ops/s"
    },
    "latency": {
     "50_0": 7.537315499575925,
     "90_0": 8.054302399250446,
     "99_0": 8.411251660872951,