{
 "benchmark-version": "2.0.0",
 "benchmark-revision": null,
 "environment": "local",
 "test-run-id": "109b29cf-3138-4ccc-bfde-07fd8c559e60",
 "test-run-timestamp": "20251016T033501Z",
 "pipeline": "benchmark-only",
 "user-tags": {},
 "workload": "nyc_taxis_clean",
 "cluster-config-instance": [
  "external"
 ],
 "cluster": {
  "revision": "8ff7c6ee924a49f0f59f80a6e1c73073c8904214",
  "distribution-version": "3.1.0",
  "distribution-flavor": "oss",
  "cluster-config-revision": null
 },
 "results": {
  "op_metrics": [
   {
    "task": "index",
    "operation": "index",
    "throughput": {
     "min": 752333.3426196667,
     "mean": 1300705.5047921254,
     "median": 1332497.780170113,
     "max": 1397451.9223422066,
     "unit": "docs/s"
    },
    "latency": {
     "50_0": 337.5906679993932,
     "90_0": 541.6338694016304,
     "99_0": 1772.873702759899,
     "99_9": 5081.491069804253,
     "99_99": 5273.093622833496,
     "100_0": 5344.958372999827,
     "mean": 386.2776999497537,
     "unit": "ms"
    },
    "service_time": {
     "50_0": 337.5906679993932,
     "90_0": 541.6338694016304,
     "99_0": 1772.873702759899,
     "99_9": 5081.491069804253,
     "99_99": 5273.093622833496,
     "100_0": 5344.958372999827,
     "mean": 386.2776999497537,
     "unit": "ms"
    },
    "client_processing_time": {
     "50_0": 1.2915655024698935,
     "90_0": 1.4196554006048245,
     "99_0": 5.511219963336781,
     "99_9": 40.40581625750953,
     "99_99": 47.563153256839946,
     "100_0": 85.22548299879418,
     "mean": 1.1424170220841936,
     "unit": "ms"
    },
    "processing_time": {
     "50_0": 351.35187299965764,
     "90_0": 564.0380932007247,
     "99_0": 1777.5646343212802,
     "99_9": 5084.411412714803,
     "99_99": 5317.4810847402405,
     "100_0": 5383.605071998318,
     "mean": 399.3227040871887,
     "unit": "ms"
    },
    "error_rate": 6.218132073125233e-05,
    "duration": 122369.18949000028
   },
   {
    "task": "match-all",
    "operation": "match-all",
    "throughput": {
     "min": 3.020316466183682,
     "mean": 3.0515967354449858,
     "median": 3.036493253907166,
     "max": 3.1796850799243117,
     "unit": "ops/s"
    },
    "latency": {
     "50_0": 7.17207050001889,
     "90_0": 8.37450956714747,
     "99_0": 19.80392904260955,
     "100_0": 24.461618999339407,
     "mean": 7.761403537078877,
     "unit": "ms"
    },
    "service_time": {
     "50_0": 6.112694001785712,
     "90_0": 7.3244400999101344,
     "99_0": 18.85813239990969,
     "100_0": 23.481669999455335,
     "mean": 6.779570290200354,
     "unit": "ms"
    },
    "client_processing_time": {
     "50_0": 0.07884649858169723,
     "90_0": 0.11214689511689357,
     "99_0": 0.12078254381776787,
     "100_0": 0.12212300134706311,
     "mean": 0.08446571966487681,
     "unit": "ms"
    },
    "processing_time": {
     "50_0": 6.3027314990904415,
     "90_0": 7.59047929859662,
     "99_0": 19.08861772230014,
     "100_0": 23.730798999167746,
     "mean": 6.984067929879529,
     "unit": "ms"
    },
    "error_rate": 0.0,
    "duration": 36335.432369000046
   },
   {
    "task": "range",
    "operation": "range",
    "throughput": {
     "min": 0.7062982368691171,
     "mean": 0.7167633987920278,
     "median": 0.7115389862927046,
     "max": 0.7684846522415093,
     "unit": "ops/s"
    },
    "latency": {
     "50_0": 8.488782930726302,
     "90_0": 9.84417332801968,
     "99_0": 12.802104727998087,
     "100_0": 13.088428288028808,
     "mean": 8.72532460016373,
     "unit": "ms"
    },
    "service_time": {
     "50_0": 7.093555999745149,
     "90_0": 8.12724870047532,
     "99_0": 10.490084919802038,
     "100_0": 12.083086003258359,
     "mean": 7.376835140094045,
     "unit": "ms"
    },
    "client_processing_time": {
     "50_0": 0.14597450172004756,
     "90_0": 0.1643780000449624,
     "99_0": 0.17835275048128102,
     "100_0": 0.19010899995919317,
     "mean": 0.13746913991781184,
     "unit": "ms"
    },
    "processing_time": {
     "50_0": 7.437373998982366,
     "90_0": 8.404518600946176,
     "99_0": 10.855012471583912,
     "100_0": 12.356889001239324,
     "mean": 7.687910140193708,
     "unit": "ms"
    },
    "error_rate": 0.0,
    "duration": 155716.47535100055
   },
   {
    "task": "distance_amount_agg",
    "operation": "distance_amount_agg",
    "throughput": {
     "min": 1.6747060329694334,
     "mean": 1.7164253916214762,
     "median": 1.723119213893905,
     "max": 1.7320663622699093,
     "unit": "ops/s"
    },
    "latency": {
     "50_0": 3257.5421254987305,
     "90_0": 4698.877495100896,
     "100_0": 5041.799767001066,
     "mean": 3264.646298839725,
     "unit": "ms"
    },
    "service_time": {
     "50_0": 570.8509695014072,
     "90_0": 576.6379667991714,
     "100_0": 589.5150320029643,
     "mean": 572.4181107601908,
     "unit": "ms"
    },
    "client_processing_time": {
     "50_0": 0.0922759991226485,
     "90_0": 0.1070295005774824,
     "100_0": 0.13850300092599355,
     "mean": 0.09383869990415405,
     "unit": "ms"
    },
    "processing_time": {
     "50_0": 571.0932184992998,
     "90_0": 576.9300870011648,
     "100_0": 589.7419869979785,
     "mean": 572.6723363796191,
     "unit": "ms"
    },
    "error_rate": 0.0,
    "duration": 33973.09993299859
   },
   {
    "task": "autohisto_agg",
    "operation": "autohisto_agg",
    "throughput": {
     "min": 1.5128222083196385,
     "mean": 1.5332924696535726,
     "median": 1.5232642255564888,
     "max": 1.6251612838231067,
     "unit": "ops/s"
    },
    "latency": {
     "50_0": 8.177387000614544,
     "90_0": 9.439679565548431,
     "99_0": 12.269447533617498,
     "100_0": 12.805849666619906,
     "mean": 8.391540773300221,
     "unit": "ms"
    },
    "service_time": {
     "50_0": 6.943483000213746,
     "90_0": 7.868490001783357,
     "99_0": 11.236483829416105,
     "100_0": 11.93204099763534,
     "mean": 7.178190150152659,
     "unit": "ms"
    },
    "client_processing_time": {
     "50_0": 0.07869000182836317,
     "90_0": 0.09633860099711457,
     "99_0": 0.11166443360707491,
     "100_0": 0.11527099923114292,
     "mean": 0.08121628983644769,
     "unit": "ms"
    },
    "processing_time": {
     "50_0": 7.08275649958523,
     "90_0": 8.033606099706958,
     "99_0": 11.394108178137689,
     "100_0": 12.127121997764334,
     "mean": 7.3325596800714266,
     "unit": "ms"
    },
    "error_rate": 0.0,
    "duration": 72668.37315199882
   },
   {
    "task": "date_histogram_agg",
    "operation": "date_histogram_agg",
    "throughput": {
     "min": 1.5135683023833777,
     "mean": 1.5352755400515714,
     "median": 1.524605701100962,
     "max": 1.63290764709119,
     "unit": "ops/s"
    },
    "latency": {
     "50_0": 7.23985833246843,
     "90_0": 8.049052764908993,
     "99_0": 9.011337364900102,
     "100_0": 9.295305666455533,
     "mean": 7.335228802039637,
     "unit": "ms"
    },
    "service_time": {
     "50_0": 5.989839501125971,
     "90_0": 6.784229699042044,
     "99_0": 7.773722799174722,
     "100_0": 8.162772999639856,
     "mean": 6.11749381012487,
     "unit": "ms"
    },
    "client_processing_time": {
     "50_0": 0.0861549979163101,
     "90_0": 0.11732840212062004,
     "99_0": 0.16092576854134683,
     "100_0": 0.17011000090860762,
     "mean": 0.09303427974373335,
     "unit": "ms"
    },
    "processing_time": {
     "50_0": 6.178880999868852,
     "90_0": 6.983740198120358,
     "99_0": 8.095916217644119,
     "100_0": 8.367395999812288,
     "mean": 6.302996360027464,
     "unit": "ms"
    },
    "error_rate": 0.0,
    "duration": 72669.06734700024
   },
   {
    "task": "desc_sort_tip_amount",
    "operation": "desc_sort_tip_amount",
    "throughput": {
     "min": 0.5044707659801763,
     "mean": 0.5119027491464411,
     "median": 0.5081909176896107,
     "max": 0.5486349737329751,
     "unit": "ops/s"
    },
    "latency": {
     "50_0": 9.30556700041052,
     "90_0": 10.122310398946865,
     "99_0": 18.343460228679763,