{
 "benchmark-version": "2.0.0",
 "benchmark-revision": null,
 "environment": "local",
 "test-run-id": "3e1e778f-6e88-4c4a-a9da-cad364ba6562",
 "test-run-timestamp": "20251016T041303Z",
 "pipeline": "benchmark-only",
 "user-tags": {},
 "workload": "nyc_taxis_clean",
 "cluster-config-instance": [
  "external"
 ],
 "cluster": {
  "revision": "8ff7c6ee924a49f0f59f80a6e1c73073c8904214",
  "distribution-version": "3.1.0",
  "distribution-flavor": "oss",
  "cluster-config-revision": null
 },
 "results": {
  "op_metrics": [
   {
    "task": "index",
    "operation": "index",
    "throughput": {
     "min": 1452787.0619135168,
     "mean": 1593609.41673379,
     "median": 1529781.833823441,
     "max": 1893609.9730575588,
     "unit": "docs/s"
    },
    "latency": {
     "50_0": 328.58283650057274,
     "90_0": 521.4945123992948,
     "99_0": 1415.141338811991,
     "99_9": 3568.774143727876,
     "99_99": 3885.718513798234,
     "100_0": 3918.44277799828,
     "mean": 363.7740965646059,
     "unit": "ms"
    },
    "service_time": {
     "50_0": 328.58283650057274,
     "90_0": 521.4945123992948,
     "99_0": 1415.141338811991,
     "99_9": 3568.774143727876,
     "99_99": 3885.718513798234,
     "100_0": 3918.44277799828,
     "mean": 363.7740965646059,
     "unit": "ms"
    },
    "client_processing_time": {
     "50_0": 1.28533899805916,
     "90_0": 1.418796298094094,
     "99_0": 5.535362767768684,
     "99_9": 39.15862888722453,
     "99_99": 44.52859903147196,
     "100_0": 80.92721600041841,
     "mean": 1.106384503975693,
     "unit": "ms"
    },
    "processing_time": {
     "50_0": 342.1812395008601,
     "90_0": 543.6897347979539,
     "99_0": 1418.8729352007797,
     "99_9": 3571.8273703491373,
     "99_99": 3887.581814806269,
     "100_0": 3921.273255000415,
     "mean": 377.3681063117334,
     "unit": "ms"
    },
    "error_rate": 6.42756138321121e-05,
    "duration": 113713.35395099959
   },
   {
    "task": "match-all",
    "operation": "match-all",
    "throughput": {
     "min": 3.026833013429093,
     "mean": 3.0683853790221036,
     "median": 3.048260241084547,
     "max": 3.240437385145512,
     "unit": "ops/s"
    },
    "latency": {
     "50_0": 5.5207243294717046,
     "90_0": 7.088336465676548,
     "99_0": 7.838932893573661,
     "100_0": 8.832123330648756,
     "mean": 5.765503354705288,
     "unit": "ms"
    },
    "service_time": {
     "50_0": 4.556152998702601,
     "90_0": 6.10066469926096,
     "99_0": 7.040012352845228,
     "100_0": 7.728295000561047,
     "mean": 4.805426079692552,
     "unit": "ms"
    },
    "client_processing_time": {
     "50_0": 0.06822500108683016,
     "90_0": 0.08639380102977161,
     "99_0": 0.11036042880732586,
     "100_0": 0.1481219987908844,
     "mean": 0.07130958059860859,
     "unit": "ms"
    },
    "processing_time": {
     "50_0": 4.757694499858189,
     "90_0": 6.301723296928685,
     "99_0": 7.279704452266746,
     "100_0": 8.006012998521328,
     "mean": 4.984586459722777,
     "unit": "ms"
    },
    "error_rate": 0.0,
    "duration": 36335.48156499819
   },
   {
    "task": "range",
    "operation": "range",
    "throughput": {
     "min": 0.7063365614746924,
     "mean": 0.7168718938528744,
     "median": 0.7116033744034898,
     "max": 0.7689484667703224,
     "unit": "ops/s"
    },
    "latency": {
     "50_0": 6.938816499314271,
     "90_0": 7.938946326976294,
     "99_0": 8.51028431345185,
     "100_0": 8.763911286223447,
     "mean": 7.005223128908256,
     "unit": "ms"
    },
    "service_time": {
     "50_0": 5.718311998862191,
     "90_0": 6.338772098024492,
     "99_0": 6.7869830689960535,
     "100_0": 7.2757529997034,
     "mean": 5.745733779840521,
     "unit": "ms"
    },
    "client_processing_time": {
     "50_0": 0.10293700142938178,
     "90_0": 0.11628449938143604,
     "99_0": 0.13415230961982172,
     "100_0": 0.15536899809376337,
     "mean": 0.10512660010135733,
     "unit": "ms"
    },
    "processing_time": {
     "50_0": 5.968864001260954,
     "90_0": 6.595888499941793,
     "99_0": 7.05640401967685,
     "100_0": 7.545366999693215,
     "mean": 5.998539860083838,
     "unit": "ms"
    },
    "error_rate": 0.0,
    "duration": 155716.65134499926
   },
   {
    "task": "distance_amount_agg",
    "operation": "distance_amount_agg",
    "throughput": {
     "min": 2.0004138631590607,
     "mean": 2.000874711841521,
     "median": 2.0007096931431922,
     "max": 2.0021462472806846,
     "unit": "ops/s"
    },
    "latency": {
     "50_0": 411.3747535011498,
     "90_0": 415.02656740049133,
     "100_0": 429.3899620024604,
     "mean": 412.72364292119164,
     "unit": "ms"
    },
    "service_time": {
     "50_0": 410.5748180008959,
     "90_0": 413.56257630177424,
     "100_0": 428.6524950002786,
     "mean": 412.0047425197845,
     "unit": "ms"
    },
    "client_processing_time": {
     "50_0": 0.08249300117313396,
     "90_0": 0.1019053004711168,
     "100_0": 0.11791599899879657,
     "mean": 0.08594394028477836,
     "unit": "ms"
    },
    "processing_time": {
     "50_0": 410.81108750222484,
     "90_0": 413.79213689906464,
     "100_0": 428.93274599919096,
     "mean": 412.24029820055875,
     "unit": "ms"
    },
    "error_rate": 0.0,
    "duration": 29502.780071001325
   },
   {
    "task": "autohisto_agg",
    "operation": "autohisto_agg",
    "throughput": {
     "min": 1.5133404599959919,
     "mean": 1.5347148365640402,
     "median": 1.5242271626699904,
     "max": 1.6306435615095838,
     "unit": "ops/s"
    },
    "latency": {
     "50_0": 6.528629168315092,
     "90_0": 7.581126402874362,
     "99_0": 8.927495192801876,
     "100_0": 10.075386333483038,
     "mean": 6.657887624678551,
     "unit": "ms"
    },
    "service_time": {
     "50_0": 5.418927999926382,
     "90_0": 6.3158342982205795,
     "99_0": 7.61983568023425,
     "100_0": 8.433088998572202,
     "mean": 5.611576179871918,
     "unit": "ms"
    },
    "client_processing_time": {
     "50_0": 0.07766300223011058,
     "90_0": 0.10854859938262965,
     "99_0": 0.13231446890131357,
     "100_0": 0.16879300164873712,
     "mean": 0.0838627800840186,
     "unit": "ms"
    },
    "processing_time": {
     "50_0": 5.569288499827962,
     "90_0": 6.538955300129601,
     "99_0": 7.8167722108264615,
     "100_0": 8.622256998933153,
     "mean": 5.771382639941294,
     "unit": "ms"
    },
    "error_rate": 0.0,
    "duration": 72668.80646299978
   },
   {
    "task": "date_histogram_agg",
    "operation": "date_histogram_agg",
    "throughput": {
     "min": 1.5137063608661925,
     "mean": 1.5356867726555594,
     "median": 1.524907551551562,
     "max": 1.6343790126498352,
     "unit": "ops/s"
    },
    "latency": {
     "50_0": 6.418166334697162,
     "90_0": 7.254397734141094,
     "99_0": 7.630978644847349,
     "100_0": 8.090534334769472,
     "mean": 6.4199718748932355,
     "unit": "ms"
    },
    "service_time": {
     "50_0": 5.018814999857568,
     "90_0": 5.501268698208151,
     "99_0": 6.313611787227274,
     "100_0": 6.434371000068495,
     "mean": 5.108848460295121,
     "unit": "ms"
    },
    "client_processing_time": {
     "50_0": 0.0752079995436361,
     "90_0": 0.09947940161509905,
     "99_0": 0.11219401945709255,
     "100_0": 0.1205119988298975,
     "mean": 0.07814121971023269,
     "unit": "ms"
    },
    "processing_time": {
     "50_0": 5.1733795007748995,
     "90_0": 5.6758673996228035,
     "99_0": 6.529441166931065,
     "100_0": 6.6018269972119015,
     "mean": 5.269304190005641,
     "unit": "ms"
    },
    "error_rate": 0.0,
    "duration": 72669.7355010001
   },
   {
    "task": "desc_sort_tip_amount",
    "operation": "desc_sort_tip_amount",
    "throughput": {
     "min": 0.5045488721775322,
     "mean": 0.5121148960237655,
     "median": 0.5083308962039149,
     "max": 0.5495413156235693,
     "unit": "ops/s"
    },
    "latency": {
     "50_0": 7.168833499235916,
     "90_0": 7.700117699278053,
     "99_0": 8.349035378487317,