{
 "benchmark-version": "2.0.0",
 "benchmark-revision": null,
 "environment": "local",
 "test-run-id": "a719e1ef-b329-4d68-8ab5-2afbe6e97d00",
 "test-run-timestamp": "20251016T035409Z",
 "pipeline": "benchmark-only",
 "user-tags": {},
 "workload": "nyc_taxis_clean",
 "cluster-config-instance": [
  "external"
 ],
 "cluster": {
  "revision": "8ff7c6ee924a49f0f59f80a6e1c73073c8904214",
  "distribution-version": "3.1.0",
  "distribution-flavor": "oss",
  "cluster-config-revision": null
 },
 "results": {
  "op_metrics": [
   {
    "task": "index",
    "operation": "index",
    "throughput": {
     "min": 1374875.7111975485,
     "mean": 1518248.422102432,
     "median": 1485887.1288817595,
     "max": 1797238.016992181,
     "unit": "docs/s"
    },
    "latency": {
     "50_0": 349.258264497621,
     "90_0": 555.2210425998055,
     "99_0": 2218.6787790710896,
     "99_9": 3394.488113538947,
     "99_99": 3879.374360520268,
     "100_0": 3961.5814899989346,
     "mean": 391.42110280717344,
     "unit": "ms"
    },
    "service_time": {
     "50_0": 349.258264497621,
     "90_0": 555.2210425998055,
     "99_0": 2218.6787790710896,
     "99_9": 3394.488113538947,
     "99_99": 3879.374360520268,
     "100_0": 3961.5814899989346,
     "mean": 391.42110280717344,
     "unit": "ms"
    },
    "client_processing_time": {
     "50_0": 1.2926055005664239,
     "90_0": 1.4528686995618045,
     "99_0": 6.3848464594775605,
     "99_9": 40.53832068111596,
     "99_99": 51.29930335313475,
     "100_0": 53.5133319972374,
     "mean": 1.2014362662351132,
     "unit": "ms"
    },
    "processing_time": {
     "50_0": 362.14202849987487,
     "90_0": 572.431121801128,
     "99_0": 2223.1678544788156,
     "99_9": 3402.2229645040197,
     "99_99": 3898.2971276241815,
     "100_0": 3999.191916998825,
     "mean": 404.2106175474913,
     "unit": "ms"
    },
    "error_rate": 6.39386189258312e-05,
    "duration": 119816.60445500165
   },
   {
    "task": "match-all",
    "operation": "match-all",
    "throughput": {
     "min": 3.0262499513888073,
     "mean": 3.0670300885261743,
     "median": 3.047273200565252,
     "max": 3.235945411310709,
     "unit": "ops/s"
    },
    "latency": {
     "50_0": 6.577606831342564,
     "90_0": 7.930991167813773,
     "99_0": 11.246052600909032,
     "100_0": 12.603369330463465,
     "mean": 6.843889755764394,
     "unit": "ms"
    },
    "service_time": {
     "50_0": 5.530954500500229,
     "90_0": 7.141056301043136,
     "99_0": 10.473487348172064,
     "100_0": 11.86862999747973,
     "mean": 5.892476509907283,
     "unit": "ms"
    },
    "client_processing_time": {
     "50_0": 0.06713000038871542,
     "90_0": 0.08531750208931044,
     "99_0": 0.10225918795185887,
     "100_0": 0.15148099919315428,
     "mean": 0.07039619005809072,
     "unit": "ms"
    },
    "processing_time": {
     "50_0": 5.700566498489934,
     "90_0": 7.333103097698768,
     "99_0": 10.693567259040726,
     "100_0": 12.04167600008077,
     "mean": 6.071207739732927,
     "unit": "ms"
    },
    "error_rate": 0.0,
    "duration": 36335.81892000075
   },
   {
    "task": "range",
    "operation": "range",
    "throughput": {
     "min": 0.7062801654216229,
     "mean": 0.7167329527553526,
     "median": 0.7115142819072853,
     "max": 0.7683526149482297,
     "unit": "ops/s"
    },
    "latency": {
     "50_0": 8.055599857470952,
     "90_0": 9.172495400707703,
     "99_0": 10.024021243953046,
     "100_0": 13.24771157305804,
     "mean": 8.075198359838396,
     "unit": "ms"
    },
    "service_time": {
     "50_0": 6.195259500600514,
     "90_0": 7.032546800110142,
     "99_0": 8.333386181439002,
     "100_0": 12.193216000014218,
     "mean": 6.350871779723093,
     "unit": "ms"
    },
    "client_processing_time": {
     "50_0": 0.10998399920936208,
     "90_0": 0.1451246967917541,
     "99_0": 0.17395573893736596,
     "100_0": 0.1999669984797947,
     "mean": 0.1162846400984563,
     "unit": "ms"
    },
    "processing_time": {
     "50_0": 6.444373500926304,
     "90_0": 7.304836699768204,
     "99_0": 8.607811828478608,
     "100_0": 12.460578000172973,
     "mean": 6.621459840025636,
     "unit": "ms"
    },
    "error_rate": 0.0,
    "duration": 155718.30038500048
   },
   {
    "task": "distance_amount_agg",
    "operation": "distance_amount_agg",
    "throughput": {
     "min": 1.9866034763514697,
     "mean": 1.9946101758968782,
     "median": 1.9956586231001123,
     "max": 1.997313980421821,
     "unit": "ops/s"
    },
    "latency": {
     "50_0": 435.22683099945425,
     "90_0": 438.38095759892894,
     "100_0": 456.8219129978388,
     "mean": 436.3871424992976,
     "unit": "ms"
    },
    "service_time": {
     "50_0": 434.4053189997794,
     "90_0": 438.00380380016577,
     "100_0": 456.3847219978925,
     "mean": 435.59136043972103,
     "unit": "ms"
    },
    "client_processing_time": {
     "50_0": 0.09610949928173795,
     "90_0": 0.12479669821914285,
     "100_0": 0.1375600004394073,
     "mean": 0.10132359988347162,
     "unit": "ms"
    },
    "processing_time": {
     "50_0": 434.6886254988931,
     "90_0": 438.29511419862683,
     "100_0": 456.6417360001651,
     "mean": 435.86046561962576,
     "unit": "ms"
    },
    "error_rate": 0.0,
    "duration": 29502.95625199942
   },
   {
    "task": "autohisto_agg",
    "operation": "autohisto_agg",
    "throughput": {
     "min": 1.5131635131362207,
     "mean": 1.5341904881431228,
     "median": 1.5238589445978872,
     "max": 1.6285134601791507,
     "unit": "ops/s"
    },
    "latency": {
     "50_0": 6.876522498714621,
     "90_0": 8.310289633300274,
     "99_0": 10.336952702818973,
     "100_0": 12.326757332630223,
     "mean": 7.177152042786474,
     "unit": "ms"
    },
    "service_time": {
     "50_0": 5.658874499204103,
     "90_0": 7.223843997417137,
     "99_0": 9.065265891804312,
     "100_0": 11.154452000482706,
     "mean": 6.024722900074266,
     "unit": "ms"
    },
    "client_processing_time": {
     "50_0": 0.07962900235725101,
     "90_0": 0.10765680272015743,
     "99_0": 0.1338580322772032,
     "100_0": 0.1383159979013726,
     "mean": 0.08370249001018237,
     "unit": "ms"
    },
    "processing_time": {
     "50_0": 5.825776999699883,
     "90_0": 7.391271901360599,
     "99_0": 9.243182262762286,
     "100_0": 11.356758997862926,
     "mean": 6.185400429931178,
     "unit": "ms"
    },
    "error_rate": 0.0,
    "duration": 72669.27682200185
   },
   {
    "task": "date_histogram_agg",
    "operation": "date_histogram_agg",
    "throughput": {
     "min": 1.5137136380873506,
     "mean": 1.5356538563480806,
     "median": 1.5248668550445343,
     "max": 1.6343020089924256,
     "unit": "ops/s"
    },
    "latency": {
     "50_0": 6.479177334767883,
     "90_0": 7.158713965691277,
     "99_0": 7.607432736840567,
     "100_0": 8.107191668386804,
     "mean": 6.522091873775935,
     "unit": "ms"
    },
    "service_time": {
     "50_0": 5.199984998398577,
     "90_0": 5.891536598574021,
     "99_0": 6.109906897909243,
     "100_0": 6.444615999498637,
     "mean": 5.32020418002503,
     "unit": "ms"
    },
    "client_processing_time": {
     "50_0": 0.07935500070743728,
     "90_0": 0.09522669715806845,
     "99_0": 0.12087012164556656,
     "100_0": 0.12325799980317242,
     "mean": 0.08222083986765938,
     "unit": "ms"
    },
    "processing_time": {
     "50_0": 5.369325999708963,
     "90_0": 6.057947600493208,
     "99_0": 6.3048603773131635,
     "100_0": 6.5987300004053395,
     "mean": 5.488637169692083,
     "unit": "ms"
    },
    "error_rate": 0.0,
    "duration": 72669.78053999992
   },
   {
    "task": "desc_sort_tip_amount",
    "operation": "desc_sort_tip_amount",
    "throughput": {
     "min": 0.5044975958288755,
     "mean": 0.5119737459641746,
     "median": 0.5082369170251627,
     "max": 0.5489187777471126,
     "unit": "ops/s"
    },
    "latency": {
     "50_0": 8.65896849973069,
     "90_0": 9.109886200531037,