{
  "test_run_id": "cecb1354-7a6e-4afb-a89e-526ac50e0426",
  "throughput": {
    "min": 540300.2307354397,
    "mean": 547688.4936942728,
    "median": 547243.0410247415,
    "max": 559235.7037582591,
    "unit": "docs/s"
  },
  "latency": {
    "50_0": 897.0109290003165,
    "90_0": 2248.101505600244,
    "99_0": 3100.243895759795,
    "99_9": 3896.893362704112,
    "100_0": 4596.588864000296,
    "mean": 1149.4657728087711,
    "unit": "ms"
  },
  "service_time": {
    "50_0": 897.0109290003165,
    "90_0": 2248.101505600244,
    "99_0": 3100.243895759795,
    "99_9": 3896.893362704112,
    "100_0": 4596.588864000296,
    "mean": 1149.4657728087711,
    "unit": "ms"
  },
  "error_rate": 0.0
}
