{
 "benchmark-version": "2.0.0",
 "benchmark-revision": null,
 "environment": "local",
 "test-run-id": "3a8f3674-bd60-4071-9bad-b4f6fd7b5249",
 "test-run-timestamp": "20251005T201935Z",
 "pipeline": "benchmark-only",
 "user-tags": {},
 "workload": "nyc_taxis",
 "cluster-config-instance": [
  "external"
 ],
 "cluster": {
  "revision": "8ff7c6ee924a49f0f59f80a6e1c73073c8904214",
  "distribution-version": "3.1.0",
  "distribution-flavor": "oss",
  "cluster-config-revision": null
 },
 "results": {
  "op_metrics": [
   {
    "task": "index",
    "operation": "index",
    "throughput": {
     "min": 523902.2208216607,
     "mean": 531000.5552234252,
     "median": 530870.3860194457,
     "max": 536339.7694773455,
     "unit": "docs/s"
    },
    "latency": {
     "50_0": 796.1578245000283,
     "90_0": 2272.207579900032,
     "99_0": 3146.4448146399723,
     "99_9": 3848.4847124549688,
     "100_0": 4655.228450000095,
     "mean": 1092.8437006698675,
     "unit": "ms"
    },
    "service_time": {
     "50_0": 796.1578245000283,
     "90_0": 2272.207579900032,
     "99_0": 3146.4448146399723,
     "99_9": 3848.4847124549688,
     "100_0": 4655.228450000095,
     "mean": 1092.8437006698675,
     "unit": "ms"
    },
    "client_processing_time": {
     "50_0": 1.337956000156737,
     "90_0": 1.4140718000589914,
     "99_0": 11.080321410099781,
     "99_9": 38.28301377200051,
     "100_0": 70.44867400009025,
     "mean": 1.5763752337493755,
     "unit": "ms"
    },
    "processing_time": {
     "50_0": 802.3660809999456,
     "90_0": 2275.1771089999465,
     "99_0": 3149.4784767699325,
     "99_9": 3851.4438216611056,
     "100_0": 4658.254180000085,
     "mean": 1096.9553386025993,
     "unit": "ms"
    },
    "error_rate": 0.0,
    "duration": 312217.047631
   }
  ],
  "correctness_metrics": [
   {
    "task": "index",
    "operation": "index",
    "recall@k": {},
    "recall@1": {},
    "error_rate": 0.0,
    "duration": 312217.047631
   }
  ],
  "profile_metrics": [],
  "total_time": 35214150,
  "total_time_per_shard": {
   "min": 0,
   "median": 1404262,
   "max": 1934970,
   "unit": "ms"
  },
  "indexing_throttle_time": 0,
  "indexing_throttle_time_per_shard": {
   "min": 0,
   "median": 0,
   "max": 0,
   "unit": "ms"
  },
  "merge_time": 6867880,
  "merge_time_per_shard": {
   "min": 0,
   "median": 270218,
   "max": 416363,
   "unit": "ms"
  },
  "merge_count": 648,
  "refresh_time": 955065,
  "refresh_time_per_shard": {
   "min": 0,
   "median": 35260,
   "max": 61057,
   "unit": "ms"
  },
  "refresh_count": 414,
  "flush_time": 538935,
  "flush_time_per_shard": {
   "min": 0,
   "median": 20459,
   "max": 36289,
   "unit": "ms"
  },
  "flush_count": 74,
  "merge_throttle_time": 698011,
  "merge_throttle_time_per_shard": {
   "min": 0,
   "median": 27407,
   "max": 71465,
   "unit": "ms"
  },
  "ml_processing_time": [],
  "young_gc_time": 43691,
  "young_gc_count": 1051,
  "old_gc_time": 0,
  "old_gc_count": 0,
  "memory_segments": 0,
  "memory_doc_values": 0,
  "memory_terms": 0,
  "memory_norms": 0,
  "memory_points": 0,
  "memory_stored_fields": 0,
  "store_size": 83669082384,
  "translog_size": 22215385423,
  "segment_count": 982,
  "total_transform_search_times": [],
  "total_transform_index_times": [],
  "total_transform_processing_times": [],
  "total_transform_throughput": []
 },
 "workload-revision": "32d8806",
 "test_procedure": "append-no-conflicts",
 "workload-params": {
  "bulk_indexing_clients": 60,
  "bulk_size": 10000
 }
}