{
 "benchmark-version": "2.0.0",
 "benchmark-revision": null,
 "environment": "local",
 "test-run-id": "d2ee9500-b01b-4141-a46d-3aa4f82cbd30",
 "test-run-timestamp": "20251005T202517Z",
 "pipeline": "benchmark-only",
 "user-tags": {},
 "workload": "nyc_taxis",
 "cluster-config-instance": [
  "external"
 ],
 "cluster": {
  "revision": "8ff7c6ee924a49f0f59f80a6e1c73073c8904214",
  "distribution-version": "3.1.0",
  "distribution-flavor": "oss",
  "cluster-config-revision": null
 },
 "results": {
  "op_metrics": [
   {
    "task": "index",
    "operation": "index",
    "throughput": {
     "min": 543599.5686830656,
     "mean": 549680.6871301593,
     "median": 549699.2516144798,
     "max": 554945.7391127805,
     "unit": "docs/s"
    },
    "latency": {
     "50_0": 839.007656999911,
     "90_0": 2151.427700500245,
     "99_0": 3210.694142290011,
     "99_9": 4352.187187721213,
     "100_0": 4916.16572599969,
     "mean": 1073.780823215842,
     "unit": "ms"
    },
    "service_time": {
     "50_0": 839.007656999911,
     "90_0": 2151.427700500245,
     "99_0": 3210.694142290011,
     "99_9": 4352.187187721213,
     "100_0": 4916.16572599969,
     "mean": 1073.780823215842,
     "unit": "ms"
    },
    "client_processing_time": {
     "50_0": 1.3347824999527802,
     "90_0": 1.4259534998927847,
     "99_0": 5.3067661898921665,
     "99_9": 42.05456237919439,
     "100_0": 69.95539400031703,
     "mean": 1.5563909945319547,
     "unit": "ms"
    },
    "processing_time": {
     "50_0": 843.7097025000639,
     "90_0": 2158.9478723998586,
     "99_0": 3213.6503492597085,
     "99_9": 4355.112620704821,
     "100_0": 4919.210264000412,
     "mean": 1078.6230382893048,
     "unit": "ms"
    },
    "error_rate": 0.0,
    "duration": 302181.1533849998
   }
  ],
  "correctness_metrics": [
   {
    "task": "index",
    "operation": "index",
    "recall@k": {},
    "recall@1": {},
    "error_rate": 0.0,
    "duration": 302181.1533849998
   }
  ],
  "profile_metrics": [],
  "total_time": 37569918,
  "total_time_per_shard": {
   "min": 0,
   "median": 1518652,
   "max": 2058446,
   "unit": "ms"
  },
  "indexing_throttle_time": 0,
  "indexing_throttle_time_per_shard": {
   "min": 0,
   "median": 0,
   "max": 0,
   "unit": "ms"
  },
  "merge_time": 6900135,
  "merge_time_per_shard": {
   "min": 0,
   "median": 276565,
   "max": 386906,
   "unit": "ms"
  },
  "merge_count": 643,
  "refresh_time": 801518,
  "refresh_time_per_shard": {
   "min": 0,
   "median": 28464,
   "max": 66680,
   "unit": "ms"
  },
  "refresh_count": 413,
  "flush_time": 443350,
  "flush_time_per_shard": {
   "min": 0,
   "median": 16531,
   "max": 31125,
   "unit": "ms"
  },
  "flush_count": 75,
  "merge_throttle_time": 872017,
  "merge_throttle_time_per_shard": {
   "min": 0,
   "median": 33535,
   "max": 62667,
   "unit": "ms"
  },
  "ml_processing_time": [],
  "young_gc_time": 39354,
  "young_gc_count": 919,
  "old_gc_time": 0,
  "old_gc_count": 0,
  "memory_segments": 0,
  "memory_doc_values": 0,
  "memory_terms": 0,
  "memory_norms": 0,
  "memory_points": 0,
  "memory_stored_fields": 0,
  "store_size": 83245094343,
  "translog_size": 21334164912,
  "segment_count": 1057,
  "total_transform_search_times": [],
  "total_transform_index_times": [],
  "total_transform_processing_times": [],
  "total_transform_throughput": []
 },
 "workload-revision": "32d8806",
 "test_procedure": "append-no-conflicts",
 "workload-params": {
  "bulk_indexing_clients": 60,
  "bulk_size": 10000
 }
}