{
  "test_run_id": "3a8f3674-bd60-4071-9bad-b4f6fd7b5249",
  "throughput": {
    "min": 523902.2208216607,
    "mean": 531000.5552234252,
    "median": 530870.3860194457,
    "max": 536339.7694773455,
    "unit": "docs/s"
  },
  "latency": {
    "50_0": 796.1578245000283,
    "90_0": 2272.207579900032,
    "99_0": 3146.4448146399723,
    "99_9": 3848.4847124549688,
    "100_0": 4655.228450000095,
    "mean": 1092.8437006698675,
    "unit": "ms"
  },
  "service_time": {
    "50_0": 796.1578245000283,
    "90_0": 2272.207579900032,
    "99_0": 3146.4448146399723,
    "99_9": 3848.4847124549688,
    "100_0": 4655.228450000095,
    "mean": 1092.8437006698675,
    "unit": "ms"
  },
  "error_rate": 0.0
}
