{
  "test_run_id": "d2ee9500-b01b-4141-a46d-3aa4f82cbd30",
  "throughput": {
    "min": 543599.5686830656,
    "mean": 549680.6871301593,
    "median": 549699.2516144798,
    "max": 554945.7391127805,
    "unit": "docs/s"
  },
  "latency": {
    "50_0": 839.007656999911,
    "90_0": 2151.427700500245,
    "99_0": 3210.694142290011,
    "99_9": 4352.187187721213,
    "100_0": 4916.16572599969,
    "mean": 1073.780823215842,
    "unit": "ms"
  },
  "service_time": {
    "50_0": 839.007656999911,
    "90_0": 2151.427700500245,
    "99_0": 3210.694142290011,
    "99_9": 4352.187187721213,
    "100_0": 4916.16572599969,
    "mean": 1073.780823215842,
    "unit": "ms"
  },
  "error_rate": 0.0
}
