{
  "test_run_id": "92f21584-fd76-47ea-86b9-e721af052e8c",
  "throughput": {
    "min": 545428.6239250014,
    "mean": 555186.5844602715,
    "median": 554185.7124035703,
    "max": 563525.1305910803,
    "unit": "docs/s"
  },
  "latency": {
    "50_0": 914.5626339998216,
    "90_0": 2105.722794500025,
    "99_0": 3131.247891899941,
    "99_9": 3735.1501165800883,
    "100_0": 3880.3524760000982,
    "mean": 1114.4790303617679,
    "unit": "ms"
  },
  "service_time": {
    "50_0": 914.5626339998216,
    "90_0": 2105.722794500025,
    "99_0": 3131.247891899941,
    "99_9": 3735.1501165800883,
    "100_0": 3880.3524760000982,
    "mean": 1114.4790303617679,
    "unit": "ms"
  },
  "error_rate": 0.0
}
