{
 "benchmark-version": "2.0.0",
 "benchmark-revision": null,
 "environment": "local",
 "test-run-id": "cecb1354-7a6e-4afb-a89e-526ac50e0426",
 "test-run-timestamp": "20251005T203049Z",
 "pipeline": "benchmark-only",
 "user-tags": {},
 "workload": "nyc_taxis",
 "cluster-config-instance": [
  "external"
 ],
 "cluster": {
  "revision": "8ff7c6ee924a49f0f59f80a6e1c73073c8904214",
  "distribution-version": "3.1.0",
  "distribution-flavor": "oss",
  "cluster-config-revision": null
 },
 "results": {
  "op_metrics": [
   {
    "task": "index",
    "operation": "index",
    "throughput": {
     "min": 540300.2307354397,
     "mean": 547688.4936942728,
     "median": 547243.0410247415,
     "max": 559235.7037582591,
     "unit": "docs/s"
    },
    "latency": {
     "50_0": 897.0109290003165,
     "90_0": 2248.101505600244,
     "99_0": 3100.243895759795,
     "99_9": 3896.893362704112,
     "100_0": 4596.588864000296,
     "mean": 1149.4657728087711,
     "unit": "ms"
    },
    "service_time": {
     "50_0": 897.0109290003165,
     "90_0": 2248.101505600244,
     "99_0": 3100.243895759795,
     "99_9": 3896.893362704112,
     "100_0": 4596.588864000296,
     "mean": 1149.4657728087711,
     "unit": "ms"
    },
    "client_processing_time": {
     "50_0": 1.328564999766968,
     "90_0": 1.4179511998918317,
     "99_0": 34.2861399197136,
     "99_9": 41.35911164019862,
     "100_0": 80.41197500006092,
     "mean": 1.7402141707852132,
     "unit": "ms"
    },
    "processing_time": {
     "50_0": 901.4160659999106,
     "90_0": 2252.162032200158,
     "99_0": 3103.2895976801774,
     "99_9": 3900.7965342398293,
     "100_0": 4599.632074000056,
     "mean": 1154.9260111153944,
     "unit": "ms"
    },
    "error_rate": 0.0,
    "duration": 304736.85538200015
   }
  ],
  "correctness_metrics": [
   {
    "task": "index",
    "operation": "index",
    "recall@k": {},
    "recall@1": {},
    "error_rate": 0.0,
    "duration": 304736.85538200015
   }
  ],
  "profile_metrics": [],
  "total_time": 39781431,
  "total_time_per_shard": {
   "min": 0,
   "median": 1622722,
   "max": 2098054,
   "unit": "ms"
  },
  "indexing_throttle_time": 0,
  "indexing_throttle_time_per_shard": {
   "min": 0,
   "median": 0,
   "max": 0,
   "unit": "ms"
  },
  "merge_time": 7509105,
  "merge_time_per_shard": {
   "min": 0,
   "median": 311955,
   "max": 415587,
   "unit": "ms"
  },
  "merge_count": 663,
  "refresh_time": 867815,
  "refresh_time_per_shard": {
   "min": 0,
   "median": 33055,
   "max": 55084,
   "unit": "ms"
  },
  "refresh_count": 429,
  "flush_time": 414387,
  "flush_time_per_shard": {
   "min": 0,
   "median": 14865,
   "max": 32838,
   "unit": "ms"
  },
  "flush_count": 75,
  "merge_throttle_time": 878757,
  "merge_throttle_time_per_shard": {
   "min": 0,
   "median": 30991,
   "max": 95634,
   "unit": "ms"
  },
  "ml_processing_time": [],
  "young_gc_time": 39268,
  "young_gc_count": 917,
  "old_gc_time": 0,
  "old_gc_count": 0,
  "memory_segments": 0,
  "memory_doc_values": 0,
  "memory_terms": 0,
  "memory_norms": 0,
  "memory_points": 0,
  "memory_stored_fields": 0,
  "store_size": 82052347757,
  "translog_size": 22880499216,
  "segment_count": 1031,
  "total_transform_search_times": [],
  "total_transform_index_times": [],
  "total_transform_processing_times": [],
  "total_transform_throughput": []
 },
 "workload-revision": "32d8806",
 "test_procedure": "append-no-conflicts",
 "workload-params": {
  "bulk_indexing_clients": 60,
  "bulk_size": 10000
 }
}