{
  "test_run_id": "e85397d2-1603-463e-8112-d27c19019d2d",
  "throughput": {
    "min": 506421.426640936,
    "mean": 512830.2164494684,
    "median": 512462.23570786754,
    "max": 517406.5362603642,
    "unit": "docs/s"
  },
  "latency": {
    "50_0": 1101.4120500040008,
    "90_0": 2037.2163870051736,
    "99_0": 2706.7507091036514,
    "99_9": 3221.662495456454,
    "100_0": 3497.2404040017864,
    "mean": 1158.290686079647,
    "unit": "ms"
  },
  "service_time": {
    "50_0": 1101.4120500040008,
    "90_0": 2037.2163870051736,
    "99_0": 2706.7507091036514,
    "99_9": 3221.662495456454,
    "100_0": 3497.2404040017864,
    "mean": 1158.290686079647,
    "unit": "ms"
  },
  "error_rate": 0.0
}
