{
  "test_run_id": "c8ab3287-f1cd-417e-810d-5d609e1bc61d",
  "throughput": {
    "min": 524503.5268525481,
    "mean": 529571.4306336778,
    "median": 529036.8505157534,
    "max": 533975.5355732365,
    "unit": "docs/s"
  },
  "latency": {
    "50_0": 951.4004124994244,
    "90_0": 1983.1399848018916,
    "99_0": 2946.9764575722706,
    "99_9": 3809.3150093151785,
    "100_0": 3916.2634070016793,
    "mean": 1098.6235083844522,
    "unit": "ms"
  },
  "service_time": {
    "50_0": 951.4004124994244,
    "90_0": 1983.1399848018916,
    "99_0": 2946.9764575722706,
    "99_9": 3809.3150093151785,
    "100_0": 3916.2634070016793,
    "mean": 1098.6235083844522,
    "unit": "ms"
  },
  "error_rate": 0.0
}
