{
  "test_run_id": "c8067a67-3afb-432c-8a56-f2c2e6f6a3d5",
  "throughput": {
    "min": 526350.8520651517,
    "mean": 533333.0514814369,
    "median": 533269.5253754471,
    "max": 539131.0076392539,
    "unit": "docs/s"
  },
  "latency": {
    "50_0": 1032.547009002883,
    "90_0": 2030.186355998012,
    "99_0": 2736.874000799068,
    "99_9": 3328.2802120111987,
    "100_0": 3560.8184630000324,
    "mean": 1130.606537273311,
    "unit": "ms"
  },
  "service_time": {
    "50_0": 1032.547009002883,
    "90_0": 2030.186355998012,
    "99_0": 2736.874000799068,
    "99_9": 3328.2802120111987,
    "100_0": 3560.8184630000324,
    "mean": 1130.606537273311,
    "unit": "ms"
  },
  "error_rate": 0.0
}
