{
  "test_run_id": "1646b1bd-eceb-4a2b-b15e-03449893c4c8",
  "throughput": {
    "min": 514257.8827496512,
    "mean": 517003.6242488521,
    "median": 516337.200301097,
    "max": 521088.8879628817,
    "unit": "docs/s"
  },
  "latency": {
    "50_0": 910.1098829996772,
    "90_0": 2050.739842501571,
    "99_0": 3034.1178846996636,
    "99_9": 3621.4669623177215,
    "100_0": 4879.577166997478,
    "mean": 1095.5820997487217,
    "unit": "ms"
  },
  "service_time": {
    "50_0": 910.1098829996772,
    "90_0": 2050.739842501571,
    "99_0": 3034.1178846996636,
    "99_9": 3621.4669623177215,
    "100_0": 4879.577166997478,
    "mean": 1095.5820997487217,
    "unit": "ms"
  },
  "error_rate": 0.0
}
