{
  "test_run_id": "836cc264-24f0-48ee-9a52-dcba7b28acba",
  "throughput": {
    "min": 498853.5528220384,
    "mean": 504190.15463313,
    "median": 503273.7460592603,
    "max": 508935.0133848968,
    "unit": "docs/s"
  },
  "latency": {
    "50_0": 1096.6711595028755,
    "90_0": 2182.9147986951284,
    "99_0": 3018.8161645966443,
    "99_9": 4789.5293883193435,
    "100_0": 5021.937427009107,
    "mean": 1223.9062353852885,
    "unit": "ms"
  },
  "service_time": {
    "50_0": 1096.6711595028755,
    "90_0": 2182.9147986951284,
    "99_0": 3018.8161645966443,
    "99_9": 4789.5293883193435,
    "100_0": 5021.937427009107,
    "mean": 1223.9062353852885,
    "unit": "ms"
  },
  "error_rate": 0.0
}
