{
 "benchmark-version": "2.0.0",
 "benchmark-revision": null,
 "environment": "local",
 "test-run-id": "40d98e87-2aa6-4a3d-9d10-b180bbaa1247",
 "test-run-timestamp": "20251006T143109Z",
 "pipeline": "benchmark-only",
 "user-tags": {},
 "workload": "nyc_taxis",
 "cluster-config-instance": [
  "external"
 ],
 "cluster": {
  "revision": "8ff7c6ee924a49f0f59f80a6e1c73073c8904214",
  "distribution-version": "3.1.0",
  "distribution-flavor": "oss",
  "cluster-config-revision": null
 },
 "results": {
  "op_metrics": [
   {
    "task": "index",
    "operation": "index",
    "throughput": {
     "min": 499360.6964898339,
     "mean": 506604.9655951777,
     "median": 505256.0137190703,
     "max": 513430.99939529836,
     "unit": "docs/s"
    },
    "latency": {
     "50_0": 1175.2647219982464,
     "90_0": 2147.1561970043695,
     "99_0": 2867.660730230852,
     "99_9": 3574.2034534522154,
     "100_0": 3740.274990996113,
     "mean": 1223.3147124829302,
     "unit": "ms"
    },
    "service_time": {
     "50_0": 1175.2647219982464,
     "90_0": 2147.1561970043695,
     "99_0": 2867.660730230852,
     "99_9": 3574.2034534522154,
     "100_0": 3740.274990996113,
     "mean": 1223.3147124829302,
     "unit": "ms"
    },
    "client_processing_time": {
     "50_0": 1.3589459849754348,
     "90_0": 1.4599491987610236,
     "99_0": 6.433067314792414,
     "99_9": 37.87883361580321,
     "100_0": 73.98348400602117,
     "mean": 1.589097801817895,
     "unit": "ms"
    },
    "processing_time": {
     "50_0": 1178.721784002846,
     "90_0": 2151.397615397582,
     "99_0": 2871.18026095675,
     "99_9": 3577.1737668735495,
     "100_0": 3743.423043997609,
     "mean": 1227.488735787416,
     "unit": "ms"
    },
    "error_rate": 0.0,
    "duration": 329343.2778280112
   }
  ],
  "correctness_metrics": [
   {
    "task": "index",
    "operation": "index",
    "recall@k": {},
    "recall@1": {},
    "error_rate": 0.0,
    "duration": 329343.2778280112
   }
  ],
  "profile_metrics": [],
  "total_time": 37702948,
  "total_time_per_shard": {
   "min": 0,
   "median": 1592871.5,
   "max": 2072459,
   "unit": "ms"
  },
  "indexing_throttle_time": 0,
  "indexing_throttle_time_per_shard": {
   "min": 0,
   "median": 0.0,
   "max": 0,
   "unit": "ms"
  },
  "merge_time": 7843418,
  "merge_time_per_shard": {
   "min": 0,
   "median": 314212.0,
   "max": 406291,
   "unit": "ms"
  },
  "merge_count": 899,
  "refresh_time": 1076755,
  "refresh_time_per_shard": {
   "min": 0,
   "median": 41917.5,
   "max": 77032,
   "unit": "ms"
  },
  "refresh_count": 555,
  "flush_time": 524399,
  "flush_time_per_shard": {
   "min": 0,
   "median": 20582.5,
   "max": 33386,
   "unit": "ms"
  },
  "flush_count": 76,
  "merge_throttle_time": 634744,
  "merge_throttle_time_per_shard": {
   "min": 0,
   "median": 24648.0,
   "max": 39071,
   "unit": "ms"
  },
  "ml_processing_time": [],
  "young_gc_time": 109801,
  "young_gc_count": 2991,
  "old_gc_time": 0,
  "old_gc_count": 0,
  "memory_segments": 0,
  "memory_doc_values": 0,
  "memory_terms": 0,
  "memory_norms": 0,
  "memory_points": 0,
  "memory_stored_fields": 0,
  "store_size": 80904367799,
  "translog_size": 21129936325,
  "segment_count": 932,
  "total_transform_search_times": [],
  "total_transform_index_times": [],
  "total_transform_processing_times": [],
  "total_transform_throughput": []
 },
 "workload-revision": "32d8806",
 "test_procedure": "append-no-conflicts",
 "workload-params": {
  "bulk_indexing_clients": 60,
  "bulk_size": 10000
 }
}