{
  "test_run_id": "a75f6e32-be0e-4533-8a97-07ff73db064b",
  "throughput": {
    "min": 498943.1430433392,
    "mean": 502320.47129606927,
    "median": 502347.4454982907,
    "max": 505491.3993811719,
    "unit": "docs/s"
  },
  "latency": {
    "50_0": 960.2950820008118,
    "90_0": 2138.2993269980943,
    "99_0": 2938.1221262992794,
    "99_9": 3506.5550961308163,
    "100_0": 4185.340385000018,
    "mean": 1141.49670147318,
    "unit": "ms"
  },
  "service_time": {
    "50_0": 960.2950820008118,
    "90_0": 2138.2993269980943,
    "99_0": 2938.1221262992794,
    "99_9": 3506.5550961308163,
    "100_0": 4185.340385000018,
    "mean": 1141.49670147318,
    "unit": "ms"
  },
  "error_rate": 0.0
}
