{
 "benchmark-version": "2.0.0",
 "benchmark-revision": null,
 "environment": "local",
 "test-run-id": "70d70106-3789-442e-9504-047891e73215",
 "test-run-timestamp": "20251006T020924Z",
 "pipeline": "benchmark-only",
 "user-tags": {},
 "workload": "nyc_taxis",
 "cluster-config-instance": [
  "external"
 ],
 "cluster": {
  "revision": "8ff7c6ee924a49f0f59f80a6e1c73073c8904214",
  "distribution-version": "3.1.0",
  "distribution-flavor": "oss",
  "cluster-config-revision": null
 },
 "results": {
  "op_metrics": [
   {
    "task": "index",
    "operation": "index",
    "throughput": {
     "min": 513115.84410155605,
     "mean": 518657.35280232184,
     "median": 518920.4990601457,
     "max": 523556.21550019796,
     "unit": "docs/s"
    },
    "latency": {
     "50_0": 960.4247264996957,
     "90_0": 2168.579784001122,
     "99_0": 2990.120674728605,
     "99_9": 3647.2351930860714,
     "100_0": 3685.523996999109,
     "mean": 1157.6481306933113,
     "unit": "ms"
    },
    "service_time": {
     "50_0": 960.4247264996957,
     "90_0": 2168.579784001122,
     "99_0": 2990.120674728605,
     "99_9": 3647.2351930860714,
     "100_0": 3685.523996999109,
     "mean": 1157.6481306933113,
     "unit": "ms"
    },
    "client_processing_time": {
     "50_0": 1.3294465006765677,
     "90_0": 1.4069206994463457,
     "99_0": 34.88120034729946,
     "99_9": 49.051573349366734,
     "100_0": 102.6480510008696,
     "mean": 1.6752856878525049,
     "unit": "ms"
    },
    "processing_time": {
     "50_0": 965.8259454990912,
     "90_0": 2172.1274949009967,
     "99_0": 2995.9644155597925,
     "99_9": 3651.892094974575,
     "100_0": 3688.4525929999654,
     "mean": 1163.3767467620166,
     "unit": "ms"
    },
    "error_rate": 0.0,
    "duration": 319821.1841000011
   }
  ],
  "correctness_metrics": [
   {
    "task": "index",
    "operation": "index",
    "recall@k": {},
    "recall@1": {},
    "error_rate": 0.0,
    "duration": 319821.1841000011
   }
  ],
  "profile_metrics": [],
  "total_time": 35970116,
  "total_time_per_shard": {
   "min": 0,
   "median": 1424991.0,
   "max": 2267212,
   "unit": "ms"
  },
  "indexing_throttle_time": 0,
  "indexing_throttle_time_per_shard": {
   "min": 0,
   "median": 0.0,
   "max": 0,
   "unit": "ms"
  },
  "merge_time": 7597160,
  "merge_time_per_shard": {
   "min": 0,
   "median": 294775.0,
   "max": 439417,
   "unit": "ms"
  },
  "merge_count": 838,
  "refresh_time": 962577,
  "refresh_time_per_shard": {
   "min": 0,
   "median": 37988.5,
   "max": 65864,
   "unit": "ms"
  },
  "refresh_count": 520,
  "flush_time": 489109,
  "flush_time_per_shard": {
   "min": 0,
   "median": 18189.0,
   "max": 34191,
   "unit": "ms"
  },
  "flush_count": 75,
  "merge_throttle_time": 767012,
  "merge_throttle_time_per_shard": {
   "min": 0,
   "median": 27406.5,
   "max": 54508,
   "unit": "ms"
  },
  "ml_processing_time": [],
  "young_gc_time": 82115,
  "young_gc_count": 2393,
  "old_gc_time": 0,
  "old_gc_count": 0,
  "memory_segments": 0,
  "memory_doc_values": 0,
  "memory_terms": 0,
  "memory_norms": 0,
  "memory_points": 0,
  "memory_stored_fields": 0,
  "store_size": 84902382970,
  "translog_size": 22593233914,
  "segment_count": 1098,
  "total_transform_search_times": [],
  "total_transform_index_times": [],
  "total_transform_processing_times": [],
  "total_transform_throughput": []
 },
 "workload-revision": "32d8806",
 "test_procedure": "append-no-conflicts",
 "workload-params": {
  "bulk_indexing_clients": 60,
  "bulk_size": 10000
 }
}