{
 "benchmark-version": "2.0.0",
 "benchmark-revision": null,
 "environment": "local",
 "test-run-id": "836cc264-24f0-48ee-9a52-dcba7b28acba",
 "test-run-timestamp": "20251006T142512Z",
 "pipeline": "benchmark-only",
 "user-tags": {},
 "workload": "nyc_taxis",
 "cluster-config-instance": [
  "external"
 ],
 "cluster": {
  "revision": "8ff7c6ee924a49f0f59f80a6e1c73073c8904214",
  "distribution-version": "3.1.0",
  "distribution-flavor": "oss",
  "cluster-config-revision": null
 },
 "results": {
  "op_metrics": [
   {
    "task": "index",
    "operation": "index",
    "throughput": {
     "min": 498853.5528220384,
     "mean": 504190.15463313,
     "median": 503273.7460592603,
     "max": 508935.0133848968,
     "unit": "docs/s"
    },
    "latency": {
     "50_0": 1096.6711595028755,
     "90_0": 2182.9147986951284,
     "99_0": 3018.8161645966443,
     "99_9": 4789.5293883193435,
     "100_0": 5021.937427009107,
     "mean": 1223.9062353852885,
     "unit": "ms"
    },
    "service_time": {
     "50_0": 1096.6711595028755,
     "90_0": 2182.9147986951284,
     "99_0": 3018.8161645966443,
     "99_9": 4789.5293883193435,
     "100_0": 5021.937427009107,
     "mean": 1223.9062353852885,
     "unit": "ms"
    },
    "client_processing_time": {
     "50_0": 1.3618765005958267,
     "90_0": 1.4539791925926693,
     "99_0": 5.0252938581979745,
     "99_9": 8.05236235726643,
     "100_0": 35.48583699739538,
     "mean": 1.4560557092621518,
     "unit": "ms"
    },
    "processing_time": {
     "50_0": 1099.7152244963218,
     "90_0": 2186.0216389977722,
     "99_0": 3021.900516227322,
     "99_9": 4796.0520376290415,
     "100_0": 5024.976421991596,
     "mean": 1227.2009259856923,
     "unit": "ms"
    },
    "error_rate": 0.0,
    "duration": 328968.04794199124
   }
  ],
  "correctness_metrics": [
   {
    "task": "index",
    "operation": "index",
    "recall@k": {},
    "recall@1": {},
    "error_rate": 0.0,
    "duration": 328968.04794199124
   }
  ],
  "profile_metrics": [],
  "total_time": 38315556,
  "total_time_per_shard": {
   "min": 0,
   "median": 1602121.0,
   "max": 2047197,
   "unit": "ms"
  },
  "indexing_throttle_time": 0,
  "indexing_throttle_time_per_shard": {
   "min": 0,
   "median": 0.0,
   "max": 0,
   "unit": "ms"
  },
  "merge_time": 8221377,
  "merge_time_per_shard": {
   "min": 0,
   "median": 310054.5,
   "max": 456884,
   "unit": "ms"
  },
  "merge_count": 928,
  "refresh_time": 993196,
  "refresh_time_per_shard": {
   "min": 0,
   "median": 39895.0,
   "max": 56925,
   "unit": "ms"
  },
  "refresh_count": 558,
  "flush_time": 527694,
  "flush_time_per_shard": {
   "min": 0,
   "median": 20414.5,
   "max": 30565,
   "unit": "ms"
  },
  "flush_count": 77,
  "merge_throttle_time": 799699,
  "merge_throttle_time_per_shard": {
   "min": 0,
   "median": 28324.0,
   "max": 62518,
   "unit": "ms"
  },
  "ml_processing_time": [],
  "young_gc_time": 105336,
  "young_gc_count": 2966,
  "old_gc_time": 0,
  "old_gc_count": 0,
  "memory_segments": 0,
  "memory_doc_values": 0,
  "memory_terms": 0,
  "memory_norms": 0,
  "memory_points": 0,
  "memory_stored_fields": 0,
  "store_size": 77865839514,
  "translog_size": 21194705921,
  "segment_count": 1070,
  "total_transform_search_times": [],
  "total_transform_index_times": [],
  "total_transform_processing_times": [],
  "total_transform_throughput": []
 },
 "workload-revision": "32d8806",
 "test_procedure": "append-no-conflicts",
 "workload-params": {
  "bulk_indexing_clients": 60,
  "bulk_size": 10000
 }
}