{
  "test_run_id": "70d70106-3789-442e-9504-047891e73215",
  "throughput": {
    "min": 513115.84410155605,
    "mean": 518657.35280232184,
    "median": 518920.4990601457,
    "max": 523556.21550019796,
    "unit": "docs/s"
  },
  "latency": {
    "50_0": 960.4247264996957,
    "90_0": 2168.579784001122,
    "99_0": 2990.120674728605,
    "99_9": 3647.2351930860714,
    "100_0": 3685.523996999109,
    "mean": 1157.6481306933113,
    "unit": "ms"
  },
  "service_time": {
    "50_0": 960.4247264996957,
    "90_0": 2168.579784001122,
    "99_0": 2990.120674728605,
    "99_9": 3647.2351930860714,
    "100_0": 3685.523996999109,
    "mean": 1157.6481306933113,
    "unit": "ms"
  },
  "error_rate": 0.0
}
