{
  "test_run_id": "fdabc0c3-b79d-470d-89c8-c6f8e33a5142",
  "throughput": {
    "min": 522822.04639290087,
    "mean": 530997.3695246106,
    "median": 530848.7980331518,
    "max": 537890.2889626226,
    "unit": "docs/s"
  },
  "latency": {
    "50_0": 1075.5388969992055,
    "90_0": 2073.221732001548,
    "99_0": 2842.529679059296,
    "99_9": 3629.817002135037,
    "100_0": 4424.09668700202,
    "mean": 1151.0994716033656,
    "unit": "ms"
  },
  "service_time": {
    "50_0": 1075.5388969992055,
    "90_0": 2073.221732001548,
    "99_0": 2842.529679059296,
    "99_9": 3629.817002135037,
    "100_0": 4424.09668700202,
    "mean": 1151.0994716033656,
    "unit": "ms"
  },
  "error_rate": 0.0
}
