{
 "benchmark-version": "2.0.0",
 "benchmark-revision": null,
 "environment": "local",
 "test-run-id": "171b924a-0db1-4876-a8e4-988fa5102ba6",
 "test-run-timestamp": "20251006T021513Z",
 "pipeline": "benchmark-only",
 "user-tags": {},
 "workload": "nyc_taxis",
 "cluster-config-instance": [
  "external"
 ],
 "cluster": {
  "revision": "8ff7c6ee924a49f0f59f80a6e1c73073c8904214",
  "distribution-version": "3.1.0",
  "distribution-flavor": "oss",
  "cluster-config-revision": null
 },
 "results": {
  "op_metrics": [
   {
    "task": "index",
    "operation": "index",
    "throughput": {
     "min": 516387.8573225604,
     "mean": 522795.82907484274,
     "median": 523104.3113437935,
     "max": 527875.256590274,
     "unit": "docs/s"
    },
    "latency": {
     "50_0": 1032.7516190009192,
     "90_0": 2048.3793871986563,
     "99_0": 2722.9486896790313,
     "99_9": 3294.8005013357038,
     "100_0": 4081.7989410024893,
     "mean": 1142.5788950373567,
     "unit": "ms"
    },
    "service_time": {
     "50_0": 1032.7516190009192,
     "90_0": 2048.3793871986563,
     "99_0": 2722.9486896790313,
     "99_9": 3294.8005013357038,
     "100_0": 4081.7989410024893,
     "mean": 1142.5788950373567,
     "unit": "ms"
    },
    "client_processing_time": {
     "50_0": 1.3308469970070291,
     "90_0": 1.421432400093181,
     "99_0": 8.560899720468985,
     "99_9": 38.882112521649255,
     "100_0": 69.93845000033616,
     "mean": 1.5593532478395717,
     "unit": "ms"
    },
    "processing_time": {
     "50_0": 1036.888614999043,
     "90_0": 2051.4445603999775,
     "99_0": 2725.896320442551,
     "99_9": 3297.835866686423,
     "100_0": 4084.9461869984225,
     "mean": 1147.0224503097488,
     "unit": "ms"
    },
    "error_rate": 0.0,
    "duration": 317933.36077499774
   }
  ],
  "correctness_metrics": [
   {
    "task": "index",
    "operation": "index",
    "recall@k": {},
    "recall@1": {},
    "error_rate": 0.0,
    "duration": 317933.36077499774
   }
  ],
  "profile_metrics": [],
  "total_time": 37411332,
  "total_time_per_shard": {
   "min": 0,
   "median": 1483008.0,
   "max": 2373371,
   "unit": "ms"
  },
  "indexing_throttle_time": 0,
  "indexing_throttle_time_per_shard": {
   "min": 0,
   "median": 0.0,
   "max": 0,
   "unit": "ms"
  },
  "merge_time": 7848122,
  "merge_time_per_shard": {
   "min": 0,
   "median": 308508.5,
   "max": 470414,
   "unit": "ms"
  },
  "merge_count": 845,
  "refresh_time": 1000483,
  "refresh_time_per_shard": {
   "min": 0,
   "median": 38017.0,
   "max": 64381,
   "unit": "ms"
  },
  "refresh_count": 518,
  "flush_time": 484176,
  "flush_time_per_shard": {
   "min": 0,
   "median": 16802.0,
   "max": 46890,
   "unit": "ms"
  },
  "flush_count": 76,
  "merge_throttle_time": 822065,
  "merge_throttle_time_per_shard": {
   "min": 0,
   "median": 31027.5,
   "max": 60276,
   "unit": "ms"
  },
  "ml_processing_time": [],
  "young_gc_time": 81659,
  "young_gc_count": 2387,
  "old_gc_time": 0,
  "old_gc_count": 0,
  "memory_segments": 0,
  "memory_doc_values": 0,
  "memory_terms": 0,
  "memory_norms": 0,
  "memory_points": 0,
  "memory_stored_fields": 0,
  "store_size": 82790038845,
  "translog_size": 21831394311,
  "segment_count": 1021,
  "total_transform_search_times": [],
  "total_transform_index_times": [],
  "total_transform_processing_times": [],
  "total_transform_throughput": []
 },
 "workload-revision": "32d8806",
 "test_procedure": "append-no-conflicts",
 "workload-params": {
  "bulk_indexing_clients": 60,
  "bulk_size": 10000
 }
}