{
  "test_run_id": "5c468cfc-9f58-412c-85b1-f6af5f7d6afc",
  "throughput": {
    "min": 522790.1883966132,
    "mean": 529799.7319362516,
    "median": 529703.9120171221,
    "max": 534806.6639378469,
    "unit": "docs/s"
  },
  "latency": {
    "50_0": 888.8832280008501,
    "90_0": 2149.0623866011447,
    "99_0": 2966.2986949411775,
    "99_9": 3549.121808371954,
    "100_0": 3725.092171000142,
    "mean": 1100.7500031467728,
    "unit": "ms"
  },
  "service_time": {
    "50_0": 888.8832280008501,
    "90_0": 2149.0623866011447,
    "99_0": 2966.2986949411775,
    "99_9": 3549.121808371954,
    "100_0": 3725.092171000142,
    "mean": 1100.7500031467728,
    "unit": "ms"
  },
  "error_rate": 0.0
}
