{
  "test_run_id": "171b924a-0db1-4876-a8e4-988fa5102ba6",
  "throughput": {
    "min": 516387.8573225604,
    "mean": 522795.82907484274,
    "median": 523104.3113437935,
    "max": 527875.256590274,
    "unit": "docs/s"
  },
  "latency": {
    "50_0": 1032.7516190009192,
    "90_0": 2048.3793871986563,
    "99_0": 2722.9486896790313,
    "99_9": 3294.8005013357038,
    "100_0": 4081.7989410024893,
    "mean": 1142.5788950373567,
    "unit": "ms"
  },
  "service_time": {
    "50_0": 1032.7516190009192,
    "90_0": 2048.3793871986563,
    "99_0": 2722.9486896790313,
    "99_9": 3294.8005013357038,
    "100_0": 4081.7989410024893,
    "mean": 1142.5788950373567,
    "unit": "ms"
  },
  "error_rate": 0.0
}
