{
 "benchmark-version": "2.0.0",
 "benchmark-revision": null,
 "environment": "local",
 "test-run-id": "c8ab3287-f1cd-417e-810d-5d609e1bc61d",
 "test-run-timestamp": "20251006T014427Z",
 "pipeline": "benchmark-only",
 "user-tags": {},
 "workload": "nyc_taxis",
 "cluster-config-instance": [
  "external"
 ],
 "cluster": {
  "revision": "8ff7c6ee924a49f0f59f80a6e1c73073c8904214",
  "distribution-version": "3.1.0",
  "distribution-flavor": "oss",
  "cluster-config-revision": null
 },
 "results": {
  "op_metrics": [
   {
    "task": "index",
    "operation": "index",
    "throughput": {
     "min": 524503.5268525481,
     "mean": 529571.4306336778,
     "median": 529036.8505157534,
     "max": 533975.5355732365,
     "unit": "docs/s"
    },
    "latency": {
     "50_0": 951.4004124994244,
     "90_0": 1983.1399848018916,
     "99_0": 2946.9764575722706,
     "99_9": 3809.3150093151785,
     "100_0": 3916.2634070016793,
     "mean": 1098.6235083844522,
     "unit": "ms"
    },
    "service_time": {
     "50_0": 951.4004124994244,
     "90_0": 1983.1399848018916,
     "99_0": 2946.9764575722706,
     "99_9": 3809.3150093151785,
     "100_0": 3916.2634070016793,
     "mean": 1098.6235083844522,
     "unit": "ms"
    },
    "client_processing_time": {
     "50_0": 1.3250709998828825,
     "90_0": 1.4009649963554693,
     "99_0": 3.63468437921247,
     "99_9": 49.68767913997748,
     "100_0": 77.29110299987951,
     "mean": 1.5205695127891279,
     "unit": "ms"
    },
    "processing_time": {
     "50_0": 955.3297390011721,
     "90_0": 1989.7202594995179,
     "99_0": 2950.0256657092154,
     "99_9": 3812.3064916326844,
     "100_0": 3919.4683239984442,
     "mean": 1103.2706307819374,
     "unit": "ms"
    },
    "error_rate": 0.0,
    "duration": 313552.9379799991
   }
  ],
  "correctness_metrics": [
   {
    "task": "index",
    "operation": "index",
    "recall@k": {},
    "recall@1": {},
    "error_rate": 0.0,
    "duration": 313552.9379799991
   }
  ],
  "profile_metrics": [],
  "total_time": 35612761,
  "total_time_per_shard": {
   "min": 0,
   "median": 1271045.5,
   "max": 2305360,
   "unit": "ms"
  },
  "indexing_throttle_time": 0,
  "indexing_throttle_time_per_shard": {
   "min": 0,
   "median": 0.0,
   "max": 0,
   "unit": "ms"
  },
  "merge_time": 7371627,
  "merge_time_per_shard": {
   "min": 0,
   "median": 303973.0,
   "max": 387238,
   "unit": "ms"
  },
  "merge_count": 825,
  "refresh_time": 1030868,
  "refresh_time_per_shard": {
   "min": 0,
   "median": 39871.5,
   "max": 84171,
   "unit": "ms"
  },
  "refresh_count": 515,
  "flush_time": 460851,
  "flush_time_per_shard": {
   "min": 0,
   "median": 17782.5,
   "max": 29829,
   "unit": "ms"
  },
  "flush_count": 75,
  "merge_throttle_time": 815245,
  "merge_throttle_time_per_shard": {
   "min": 0,
   "median": 25350.5,
   "max": 60710,
   "unit": "ms"
  },
  "ml_processing_time": [],
  "young_gc_time": 68056,
  "young_gc_count": 1944,
  "old_gc_time": 0,
  "old_gc_count": 0,
  "memory_segments": 0,
  "memory_doc_values": 0,
  "memory_terms": 0,
  "memory_norms": 0,
  "memory_points": 0,
  "memory_stored_fields": 0,
  "store_size": 82796211119,
  "translog_size": 22372814041,
  "segment_count": 974,
  "total_transform_search_times": [],
  "total_transform_index_times": [],
  "total_transform_processing_times": [],
  "total_transform_throughput": []
 },
 "workload-revision": "32d8806",
 "test_procedure": "append-no-conflicts",
 "workload-params": {
  "bulk_indexing_clients": 60,
  "bulk_size": 10000
 }
}