{
 "benchmark-version": "2.0.0",
 "benchmark-revision": null,
 "environment": "local",
 "test-run-id": "c8067a67-3afb-432c-8a56-f2c2e6f6a3d5",
 "test-run-timestamp": "20251006T015553Z",
 "pipeline": "benchmark-only",
 "user-tags": {},
 "workload": "nyc_taxis",
 "cluster-config-instance": [
  "external"
 ],
 "cluster": {
  "revision": "8ff7c6ee924a49f0f59f80a6e1c73073c8904214",
  "distribution-version": "3.1.0",
  "distribution-flavor": "oss",
  "cluster-config-revision": null
 },
 "results": {
  "op_metrics": [
   {
    "task": "index",
    "operation": "index",
    "throughput": {
     "min": 526350.8520651517,
     "mean": 533333.0514814369,
     "median": 533269.5253754471,
     "max": 539131.0076392539,
     "unit": "docs/s"
    },
    "latency": {
     "50_0": 1032.547009002883,
     "90_0": 2030.186355998012,
     "99_0": 2736.874000799068,
     "99_9": 3328.2802120111987,
     "100_0": 3560.8184630000324,
     "mean": 1130.606537273311,
     "unit": "ms"
    },
    "service_time": {
     "50_0": 1032.547009002883,
     "90_0": 2030.186355998012,
     "99_0": 2736.874000799068,
     "99_9": 3328.2802120111987,
     "100_0": 3560.8184630000324,
     "mean": 1130.606537273311,
     "unit": "ms"
    },
    "client_processing_time": {
     "50_0": 1.3330049987416714,
     "90_0": 1.4087619965721387,
     "99_0": 25.9412696021139,
     "99_9": 39.486007268788185,
     "100_0": 61.40947799940477,
     "mean": 1.590840801200447,
     "unit": "ms"
    },
    "processing_time": {
     "50_0": 1037.7889230003348,
     "90_0": 2032.201089998125,
     "99_0": 2739.916935501239,
     "99_9": 3331.4670100312687,
     "100_0": 3563.968274000217,
     "mean": 1134.9577995281702,
     "unit": "ms"
    },
    "error_rate": 0.0,
    "duration": 312971.7990289973
   }
  ],
  "correctness_metrics": [
   {
    "task": "index",
    "operation": "index",
    "recall@k": {},
    "recall@1": {},
    "error_rate": 0.0,
    "duration": 312971.7990289973
   }
  ],
  "profile_metrics": [],
  "total_time": 35597615,
  "total_time_per_shard": {
   "min": 0,
   "median": 1311098.5,
   "max": 2180908,
   "unit": "ms"
  },
  "indexing_throttle_time": 0,
  "indexing_throttle_time_per_shard": {
   "min": 0,
   "median": 0.0,
   "max": 0,
   "unit": "ms"
  },
  "merge_time": 7405894,
  "merge_time_per_shard": {
   "min": 0,
   "median": 280069.5,
   "max": 404405,
   "unit": "ms"
  },
  "merge_count": 831,
  "refresh_time": 1012335,
  "refresh_time_per_shard": {
   "min": 0,
   "median": 36715.5,
   "max": 64169,
   "unit": "ms"
  },
  "refresh_count": 535,
  "flush_time": 432639,
  "flush_time_per_shard": {
   "min": 0,
   "median": 16673.0,
   "max": 29549,
   "unit": "ms"
  },
  "flush_count": 76,
  "merge_throttle_time": 797597,
  "merge_throttle_time_per_shard": {
   "min": 0,
   "median": 30357.0,
   "max": 54892,
   "unit": "ms"
  },
  "ml_processing_time": [],
  "young_gc_time": 67177,
  "young_gc_count": 1959,
  "old_gc_time": 0,
  "old_gc_count": 0,
  "memory_segments": 0,
  "memory_doc_values": 0,
  "memory_terms": 0,
  "memory_norms": 0,
  "memory_points": 0,
  "memory_stored_fields": 0,
  "store_size": 85142741318,
  "translog_size": 22602386956,
  "segment_count": 1005,
  "total_transform_search_times": [],
  "total_transform_index_times": [],
  "total_transform_processing_times": [],
  "total_transform_throughput": []
 },
 "workload-revision": "32d8806",
 "test_procedure": "append-no-conflicts",
 "workload-params": {
  "bulk_indexing_clients": 60,
  "bulk_size": 10000
 }
}