{
 "benchmark-version": "2.0.0",
 "benchmark-revision": null,
 "environment": "local",
 "test-run-id": "1646b1bd-eceb-4a2b-b15e-03449893c4c8",
 "test-run-timestamp": "20251006T013844Z",
 "pipeline": "benchmark-only",
 "user-tags": {},
 "workload": "nyc_taxis",
 "cluster-config-instance": [
  "external"
 ],
 "cluster": {
  "revision": "8ff7c6ee924a49f0f59f80a6e1c73073c8904214",
  "distribution-version": "3.1.0",
  "distribution-flavor": "oss",
  "cluster-config-revision": null
 },
 "results": {
  "op_metrics": [
   {
    "task": "index",
    "operation": "index",
    "throughput": {
     "min": 514257.8827496512,
     "mean": 517003.6242488521,
     "median": 516337.200301097,
     "max": 521088.8879628817,
     "unit": "docs/s"
    },
    "latency": {
     "50_0": 910.1098829996772,
     "90_0": 2050.739842501571,
     "99_0": 3034.1178846996636,
     "99_9": 3621.4669623177215,
     "100_0": 4879.577166997478,
     "mean": 1095.5820997487217,
     "unit": "ms"
    },
    "service_time": {
     "50_0": 910.1098829996772,
     "90_0": 2050.739842501571,
     "99_0": 3034.1178846996636,
     "99_9": 3621.4669623177215,
     "100_0": 4879.577166997478,
     "mean": 1095.5820997487217,
     "unit": "ms"
    },
    "client_processing_time": {
     "50_0": 1.3319975023478037,
     "90_0": 1.4147254987619817,
     "99_0": 32.159711251733945,
     "99_9": 42.32711628257741,
     "100_0": 72.83170600203448,
     "mean": 1.6580866712253646,
     "unit": "ms"
    },
    "processing_time": {
     "50_0": 915.9985175010661,
     "90_0": 2054.592112001046,
     "99_0": 3037.170024151602,
     "99_9": 3624.433004235565,
     "100_0": 4882.5885400001425,
     "mean": 1100.5038519086202,
     "unit": "ms"
    },
    "error_rate": 0.0,
    "duration": 318751.61822700105
   }
  ],
  "correctness_metrics": [
   {
    "task": "index",
    "operation": "index",
    "recall@k": {},
    "recall@1": {},
    "error_rate": 0.0,
    "duration": 318751.61822700105
   }
  ],
  "profile_metrics": [],
  "total_time": 35216313,
  "total_time_per_shard": {
   "min": 0,
   "median": 1263683.0,
   "max": 2318767,
   "unit": "ms"
  },
  "indexing_throttle_time": 0,
  "indexing_throttle_time_per_shard": {
   "min": 0,
   "median": 0.0,
   "max": 0,
   "unit": "ms"
  },
  "merge_time": 7561770,
  "merge_time_per_shard": {
   "min": 0,
   "median": 292109.0,
   "max": 454745,
   "unit": "ms"
  },
  "merge_count": 803,
  "refresh_time": 1075131,
  "refresh_time_per_shard": {
   "min": 0,
   "median": 42282.5,
   "max": 65973,
   "unit": "ms"
  },
  "refresh_count": 525,
  "flush_time": 495335,
  "flush_time_per_shard": {
   "min": 0,
   "median": 17032.0,
   "max": 30651,
   "unit": "ms"
  },
  "flush_count": 76,
  "merge_throttle_time": 867178,
  "merge_throttle_time_per_shard": {
   "min": 0,
   "median": 35254.5,
   "max": 69281,
   "unit": "ms"
  },
  "ml_processing_time": [],
  "young_gc_time": 72618,
  "young_gc_count": 1999,
  "old_gc_time": 0,
  "old_gc_count": 0,
  "memory_segments": 0,
  "memory_doc_values": 0,
  "memory_terms": 0,
  "memory_norms": 0,
  "memory_points": 0,
  "memory_stored_fields": 0,
  "store_size": 81394768496,
  "translog_size": 23559779027,
  "segment_count": 979,
  "total_transform_search_times": [],
  "total_transform_index_times": [],
  "total_transform_processing_times": [],
  "total_transform_throughput": []
 },
 "workload-revision": "32d8806",
 "test_procedure": "append-no-conflicts",
 "workload-params": {
  "bulk_indexing_clients": 60,
  "bulk_size": 10000
 }
}