{
  "test_run_id": "40d98e87-2aa6-4a3d-9d10-b180bbaa1247",
  "throughput": {
    "min": 499360.6964898339,
    "mean": 506604.9655951777,
    "median": 505256.0137190703,
    "max": 513430.99939529836,
    "unit": "docs/s"
  },
  "latency": {
    "50_0": 1175.2647219982464,
    "90_0": 2147.1561970043695,
    "99_0": 2867.660730230852,
    "99_9": 3574.2034534522154,
    "100_0": 3740.274990996113,
    "mean": 1223.3147124829302,
    "unit": "ms"
  },
  "service_time": {
    "50_0": 1175.2647219982464,
    "90_0": 2147.1561970043695,
    "99_0": 2867.660730230852,
    "99_9": 3574.2034534522154,
    "100_0": 3740.274990996113,
    "mean": 1223.3147124829302,
    "unit": "ms"
  },
  "error_rate": 0.0
}
