{
  "test_run_id": "a26695a0-c014-4fe4-a232-ffded03e16a1",
  "throughput": {
    "min": 476887.9824024895,
    "mean": 480198.5152917969,
    "median": 480114.9644150824,
    "max": 483674.5512315986,
    "unit": "docs/s"
  },
  "latency": {
    "50_0": 997.7223979949486,
    "90_0": 2223.0295019980986,
    "99_0": 3260.9736540034646,
    "99_9": 4241.155664309416,
    "100_0": 4758.552918006899,
    "mean": 1195.6317190093084,
    "unit": "ms"
  },
  "service_time": {
    "50_0": 997.7223979949486,
    "90_0": 2223.0295019980986,
    "99_0": 3260.9736540034646,
    "99_9": 4241.155664309416,
    "100_0": 4758.552918006899,
    "mean": 1195.6317190093084,
    "unit": "ms"
  },
  "error_rate": 0.0
}
