{
  "test_run_id": "2ee095ef-5292-441f-9548-6e06054703b5",
  "throughput": {
    "min": 503513.3038859988,
    "mean": 509164.13922186126,
    "median": 508553.4399487457,
    "max": 516136.3136769028,
    "unit": "docs/s"
  },
  "latency": {
    "50_0": 1072.3727380100172,
    "90_0": 2021.416262397543,
    "99_0": 2971.1176505463663,
    "99_9": 3776.8633296004937,
    "100_0": 3869.243473003735,
    "mean": 1180.8383381257265,
    "unit": "ms"
  },
  "service_time": {
    "50_0": 1072.3727380100172,
    "90_0": 2021.416262397543,
    "99_0": 2971.1176505463663,
    "99_9": 3776.8633296004937,
    "100_0": 3869.243473003735,
    "mean": 1180.8383381257265,
    "unit": "ms"
  },
  "error_rate": 0.0
}
