{
  "test_run_id": "a9a12140-f8cd-4ed1-a5dd-278d372e362d",
  "throughput": {
    "min": 500164.3833766872,
    "mean": 506395.75295705243,
    "median": 505425.72698747384,
    "max": 512477.14202307456,
    "unit": "docs/s"
  },
  "latency": {
    "50_0": 1092.1559359994717,
    "90_0": 2088.4672077037976,
    "99_0": 2841.132191844526,
    "99_9": 3273.4382209924647,
    "100_0": 3836.2185119913192,
    "mean": 1188.3386513321268,
    "unit": "ms"
  },
  "service_time": {
    "50_0": 1092.1559359994717,
    "90_0": 2088.4672077037976,
    "99_0": 2841.132191844526,
    "99_9": 3273.4382209924647,
    "100_0": 3836.2185119913192,
    "mean": 1188.3386513321268,
    "unit": "ms"
  },
  "error_rate": 0.0
}
