{
  "test_run_id": "903c0c22-4f8a-4530-b58c-67916e05ebf2",
  "throughput": {
    "min": 497487.722950073,
    "mean": 504199.7019569479,
    "median": 503003.51917809946,
    "max": 511656.3178346792,
    "unit": "docs/s"
  },
  "latency": {
    "50_0": 1145.0716620020103,
    "90_0": 2083.801639796002,
    "99_0": 2786.639582473728,
    "99_9": 3234.230028565336,
    "100_0": 3547.493834004854,
    "mean": 1211.3324637004634,
    "unit": "ms"
  },
  "service_time": {
    "50_0": 1145.0716620020103,
    "90_0": 2083.801639796002,
    "99_0": 2786.639582473728,
    "99_9": 3234.230028565336,
    "100_0": 3547.493834004854,
    "mean": 1211.3324637004634,
    "unit": "ms"
  },
  "error_rate": 0.0
}
