{
  "test_run_id": "2e8334d2-7a3c-455f-bdea-e3e426740b5e",
  "throughput": {
    "min": 477534.1930126782,
    "mean": 481246.0608680285,
    "median": 481039.16222788446,
    "max": 484490.52967416955,
    "unit": "docs/s"
  },
  "latency": {
    "50_0": 1166.6254709998611,
    "90_0": 2051.2868616060587,
    "99_0": 2740.5451992162853,
    "99_9": 3177.146304011957,
    "100_0": 3712.497364002047,
    "mean": 1201.1087111476022,
    "unit": "ms"
  },
  "service_time": {
    "50_0": 1166.6254709998611,
    "90_0": 2051.2868616060587,
    "99_0": 2740.5451992162853,
    "99_9": 3177.146304011957,
    "100_0": 3712.497364002047,
    "mean": 1201.1087111476022,
    "unit": "ms"
  },
  "error_rate": 0.0
}
