{
 "benchmark-version": "2.0.0",
 "benchmark-revision": null,
 "environment": "local",
 "test-run-id": "2576837c-e395-407e-86c7-aa0dd2386b55",
 "test-run-timestamp": "20251006T163433Z",
 "pipeline": "benchmark-only",
 "user-tags": {},
 "workload": "nyc_taxis",
 "cluster-config-instance": [
  "external"
 ],
 "cluster": {
  "revision": "8ff7c6ee924a49f0f59f80a6e1c73073c8904214",
  "distribution-version": "3.1.0",
  "distribution-flavor": "oss",
  "cluster-config-revision": null
 },
 "results": {
  "op_metrics": [
   {
    "task": "index",
    "operation": "index",
    "throughput": {
     "min": 526333.4900105002,
     "mean": 535796.0139778333,
     "median": 535513.9686825828,
     "max": 541170.6339513755,
     "unit": "docs/s"
    },
    "latency": {
     "50_0": 1100.0774319982156,
     "90_0": 2474.88046100043,
     "99_0": 3130.959900305316,
     "99_9": 3654.329532185003,
     "100_0": 4856.927797998651,
     "mean": 1309.0588319492956,
     "unit": "ms"
    },
    "service_time": {
     "50_0": 1100.0774319982156,
     "90_0": 2474.88046100043,
     "99_0": 3130.959900305316,
     "99_9": 3654.329532185003,
     "100_0": 4856.927797998651,
     "mean": 1309.0588319492956,
     "unit": "ms"
    },
    "client_processing_time": {
     "50_0": 1.347090001218021,
     "90_0": 1.4452727089519612,
     "99_0": 9.06242083277905,
     "99_9": 37.662360543167004,
     "100_0": 65.88643400755245,
     "mean": 1.6420686260387627,
     "unit": "ms"
    },
    "processing_time": {
     "50_0": 1103.650352495606,
     "90_0": 2477.879503200529,
     "99_0": 3134.3009827754577,
     "99_9": 3657.4208865485425,
     "100_0": 4859.895076006069,
     "mean": 1313.0480689279975,
     "unit": "ms"
    },
    "error_rate": 0.0,
    "duration": 313000.13987900456
   }
  ],
  "correctness_metrics": [
   {
    "task": "index",
    "operation": "index",
    "recall@k": {},
    "recall@1": {},
    "error_rate": 0.0,
    "duration": 313000.13987900456
   }
  ],
  "profile_metrics": [],
  "total_time": 40750282,
  "total_time_per_shard": {
   "min": 13,
   "median": 1670843.5,
   "max": 1927630,
   "unit": "ms"
  },
  "indexing_throttle_time": 0,
  "indexing_throttle_time_per_shard": {
   "min": 0,
   "median": 0.0,
   "max": 0,
   "unit": "ms"
  },
  "merge_time": 7892671,
  "merge_time_per_shard": {
   "min": 0,
   "median": 333278.0,
   "max": 442916,
   "unit": "ms"
  },
  "merge_count": 801,
  "refresh_time": 1194474,
  "refresh_time_per_shard": {
   "min": 38,
   "median": 47558.5,
   "max": 76904,
   "unit": "ms"
  },
  "refresh_count": 499,
  "flush_time": 624224,
  "flush_time_per_shard": {
   "min": 0,
   "median": 23125.5,
   "max": 45333,
   "unit": "ms"
  },
  "flush_count": 73,
  "merge_throttle_time": 679222,
  "merge_throttle_time_per_shard": {
   "min": 0,
   "median": 25333.5,
   "max": 49050,
   "unit": "ms"
  },
  "ml_processing_time": [],
  "young_gc_time": 73346,
  "young_gc_count": 1720,
  "old_gc_time": 0,
  "old_gc_count": 0,
  "memory_segments": 0,
  "memory_doc_values": 0,
  "memory_terms": 0,
  "memory_norms": 0,
  "memory_points": 0,
  "memory_stored_fields": 0,
  "store_size": 85691624549,
  "translog_size": 22745253096,
  "segment_count": 1193,
  "total_transform_search_times": [],
  "total_transform_index_times": [],
  "total_transform_processing_times": [],
  "total_transform_throughput": []
 },
 "workload-revision": "32d8806",
 "test_procedure": "append-no-conflicts",
 "workload-params": {
  "bulk_indexing_clients": 70,
  "bulk_size": 10000
 }
}