{
  "test_run_id": "2576837c-e395-407e-86c7-aa0dd2386b55",
  "throughput": {
    "min": 526333.4900105002,
    "mean": 535796.0139778333,
    "median": 535513.9686825828,
    "max": 541170.6339513755,
    "unit": "docs/s"
  },
  "latency": {
    "50_0": 1100.0774319982156,
    "90_0": 2474.88046100043,
    "99_0": 3130.959900305316,
    "99_9": 3654.329532185003,
    "100_0": 4856.927797998651,
    "mean": 1309.0588319492956,
    "unit": "ms"
  },
  "service_time": {
    "50_0": 1100.0774319982156,
    "90_0": 2474.88046100043,
    "99_0": 3130.959900305316,
    "99_9": 3654.329532185003,
    "100_0": 4856.927797998651,
    "mean": 1309.0588319492956,
    "unit": "ms"
  },
  "error_rate": 0.0
}
