{
  "test_run_id": "f1f917a9-b095-4358-a7d3-60b69feae590",
  "throughput": {
    "min": 499281.7211774357,
    "mean": 504597.86654816987,
    "median": 504518.3453220412,
    "max": 507700.46869008377,
    "unit": "docs/s"
  },
  "latency": {
    "50_0": 1246.597641002154,
    "90_0": 2420.804817197495,
    "99_0": 3560.830285060803,
    "99_9": 5221.138257923734,
    "100_0": 5423.569521997706,
    "mean": 1358.6467821574724,
    "unit": "ms"
  },
  "service_time": {
    "50_0": 1246.597641002154,
    "90_0": 2420.804817197495,
    "99_0": 3560.830285060803,
    "99_9": 5221.138257923734,
    "100_0": 5423.569521997706,
    "mean": 1358.6467821574724,
    "unit": "ms"
  },
  "error_rate": 0.0
}
