{
 "benchmark-version": "2.0.0",
 "benchmark-revision": null,
 "environment": "local",
 "test-run-id": "f1f917a9-b095-4358-a7d3-60b69feae590",
 "test-run-timestamp": "20251006T161722Z",
 "pipeline": "benchmark-only",
 "user-tags": {},
 "workload": "nyc_taxis",
 "cluster-config-instance": [
  "external"
 ],
 "cluster": {
  "revision": "8ff7c6ee924a49f0f59f80a6e1c73073c8904214",
  "distribution-version": "3.1.0",
  "distribution-flavor": "oss",
  "cluster-config-revision": null
 },
 "results": {
  "op_metrics": [
   {
    "task": "index",
    "operation": "index",
    "throughput": {
     "min": 499281.7211774357,
     "mean": 504597.86654816987,
     "median": 504518.3453220412,
     "max": 507700.46869008377,
     "unit": "docs/s"
    },
    "latency": {
     "50_0": 1246.597641002154,
     "90_0": 2420.804817197495,
     "99_0": 3560.830285060803,
     "99_9": 5221.138257923734,
     "100_0": 5423.569521997706,
     "mean": 1358.6467821574724,
     "unit": "ms"
    },
    "service_time": {
     "50_0": 1246.597641002154,
     "90_0": 2420.804817197495,
     "99_0": 3560.830285060803,
     "99_9": 5221.138257923734,
     "100_0": 5423.569521997706,
     "mean": 1358.6467821574724,
     "unit": "ms"
    },
    "client_processing_time": {
     "50_0": 1.349771991954185,
     "90_0": 1.444689993513748,
     "99_0": 7.172694659966548,
     "99_9": 38.82639341047631,
     "100_0": 66.37161900289357,
     "mean": 1.682243625489429,
     "unit": "ms"
    },
    "processing_time": {
     "50_0": 1250.6143899954623,
     "90_0": 2423.846374399727,
     "99_0": 3563.8639483728925,
     "99_9": 5224.160578198551,
     "100_0": 5426.509316996089,
     "mean": 1362.6204220126704,
     "unit": "ms"
    },
    "error_rate": 0.0,
    "duration": 327766.57644700026
   }
  ],
  "correctness_metrics": [
   {
    "task": "index",
    "operation": "index",
    "recall@k": {},
    "recall@1": {},
    "error_rate": 0.0,
    "duration": 327766.57644700026
   }
  ],
  "profile_metrics": [],
  "total_time": 42063151,
  "total_time_per_shard": {
   "min": 13,
   "median": 1754372.0,
   "max": 1961263,
   "unit": "ms"
  },
  "indexing_throttle_time": 0,
  "indexing_throttle_time_per_shard": {
   "min": 0,
   "median": 0.0,
   "max": 0,
   "unit": "ms"
  },
  "merge_time": 7938301,
  "merge_time_per_shard": {
   "min": 0,
   "median": 330516.0,
   "max": 409985,
   "unit": "ms"
  },
  "merge_count": 828,
  "refresh_time": 1250764,
  "refresh_time_per_shard": {
   "min": 38,
   "median": 50257.5,
   "max": 72761,
   "unit": "ms"
  },
  "refresh_count": 517,
  "flush_time": 584937,
  "flush_time_per_shard": {
   "min": 0,
   "median": 23579.5,
   "max": 35148,
   "unit": "ms"
  },
  "flush_count": 73,
  "merge_throttle_time": 733408,
  "merge_throttle_time_per_shard": {
   "min": 0,
   "median": 27778.0,
   "max": 54116,
   "unit": "ms"
  },
  "ml_processing_time": [],
  "young_gc_time": 75819,
  "young_gc_count": 1805,
  "old_gc_time": 0,
  "old_gc_count": 0,
  "memory_segments": 0,
  "memory_doc_values": 0,
  "memory_terms": 0,
  "memory_norms": 0,
  "memory_points": 0,
  "memory_stored_fields": 0,
  "store_size": 87670065549,
  "translog_size": 27612805452,
  "segment_count": 1105,
  "total_transform_search_times": [],
  "total_transform_index_times": [],
  "total_transform_processing_times": [],
  "total_transform_throughput": []
 },
 "workload-revision": "32d8806",
 "test_procedure": "append-no-conflicts",
 "workload-params": {
  "bulk_indexing_clients": 70,
  "bulk_size": 10000
 }
}