{
 "benchmark-version": "2.0.0",
 "benchmark-revision": null,
 "environment": "local",
 "test-run-id": "c21fc821-947e-4c1f-a107-4422c9151e04",
 "test-run-timestamp": "20251006T162314Z",
 "pipeline": "benchmark-only",
 "user-tags": {},
 "workload": "nyc_taxis",
 "cluster-config-instance": [
  "external"
 ],
 "cluster": {
  "revision": "8ff7c6ee924a49f0f59f80a6e1c73073c8904214",
  "distribution-version": "3.1.0",
  "distribution-flavor": "oss",
  "cluster-config-revision": null
 },
 "results": {
  "op_metrics": [
   {
    "task": "index",
    "operation": "index",
    "throughput": {
     "min": 514448.39157410007,
     "mean": 522429.740383226,
     "median": 521584.0236572903,
     "max": 528249.4708719071,
     "unit": "docs/s"
    },
    "latency": {
     "50_0": 1210.681698998087,
     "90_0": 2519.7205776974442,
     "99_0": 3562.5032174157836,
     "99_9": 4561.980237135114,
     "100_0": 4927.183791005518,
     "mean": 1370.8796644171296,
     "unit": "ms"
    },
    "service_time": {
     "50_0": 1210.681698998087,
     "90_0": 2519.7205776974442,
     "99_0": 3562.5032174157836,
     "99_9": 4561.980237135114,
     "100_0": 4927.183791005518,
     "mean": 1370.8796644171296,
     "unit": "ms"
    },
    "client_processing_time": {
     "50_0": 1.34807349240873,
     "90_0": 1.429800306505058,
     "99_0": 4.710084754769911,
     "99_9": 37.30596029940453,
     "100_0": 42.23823898064438,
     "mean": 1.5059080826751214,
     "unit": "ms"
    },
    "processing_time": {
     "50_0": 1213.8288144924445,
     "90_0": 2522.6710376067786,
     "99_0": 3565.4181225540974,
     "99_9": 4564.988482887002,
     "100_0": 4930.058990008547,
     "mean": 1374.5733326644825,
     "unit": "ms"
    },
    "error_rate": 0.0,
    "duration": 319323.4591950022
   }
  ],
  "correctness_metrics": [
   {
    "task": "index",
    "operation": "index",
    "recall@k": {},
    "recall@1": {},
    "error_rate": 0.0,
    "duration": 319323.4591950022
   }
  ],
  "profile_metrics": [],
  "total_time": 40251235,
  "total_time_per_shard": {
   "min": 13,
   "median": 1655240.0,
   "max": 1823842,
   "unit": "ms"
  },
  "indexing_throttle_time": 0,
  "indexing_throttle_time_per_shard": {
   "min": 0,
   "median": 0.0,
   "max": 0,
   "unit": "ms"
  },
  "merge_time": 8044344,
  "merge_time_per_shard": {
   "min": 0,
   "median": 335037.0,
   "max": 437346,
   "unit": "ms"
  },
  "merge_count": 789,
  "refresh_time": 1177884,
  "refresh_time_per_shard": {
   "min": 38,
   "median": 46613.5,
   "max": 82110,
   "unit": "ms"
  },
  "refresh_count": 512,
  "flush_time": 676952,
  "flush_time_per_shard": {
   "min": 0,
   "median": 26406.0,
   "max": 43765,
   "unit": "ms"
  },
  "flush_count": 73,
  "merge_throttle_time": 742007,
  "merge_throttle_time_per_shard": {
   "min": 0,
   "median": 28385.5,
   "max": 51209,
   "unit": "ms"
  },
  "ml_processing_time": [],
  "young_gc_time": 75178,
  "young_gc_count": 1714,
  "old_gc_time": 0,
  "old_gc_count": 0,
  "memory_segments": 0,
  "memory_doc_values": 0,
  "memory_terms": 0,
  "memory_norms": 0,
  "memory_points": 0,
  "memory_stored_fields": 0,
  "store_size": 86897806148,
  "translog_size": 28714052868,
  "segment_count": 1038,
  "total_transform_search_times": [],
  "total_transform_index_times": [],
  "total_transform_processing_times": [],
  "total_transform_throughput": []
 },
 "workload-revision": "32d8806",
 "test_procedure": "append-no-conflicts",
 "workload-params": {
  "bulk_indexing_clients": 70,
  "bulk_size": 10000
 }
}