{
  "test_run_id": "d6b354d0-57c7-4a4f-a3a7-378dcf919fd5",
  "throughput": {
    "min": 527915.9895904865,
    "mean": 534731.3159096624,
    "median": 535071.7987862446,
    "max": 539353.6447781037,
    "unit": "docs/s"
  },
  "latency": {
    "50_0": 1170.921932993224,
    "90_0": 2427.1504278061916,
    "99_0": 3290.5938961676993,
    "99_9": 3705.6027774930717,
    "100_0": 4470.449442000245,
    "mean": 1324.4473575260718,
    "unit": "ms"
  },
  "service_time": {
    "50_0": 1170.921932993224,
    "90_0": 2427.1504278061916,
    "99_0": 3290.5938961676993,
    "99_9": 3705.6027774930717,
    "100_0": 4470.449442000245,
    "mean": 1324.4473575260718,
    "unit": "ms"
  },
  "error_rate": 0.0
}
