{
  "test_run_id": "c21fc821-947e-4c1f-a107-4422c9151e04",
  "throughput": {
    "min": 514448.39157410007,
    "mean": 522429.740383226,
    "median": 521584.0236572903,
    "max": 528249.4708719071,
    "unit": "docs/s"
  },
  "latency": {
    "50_0": 1210.681698998087,
    "90_0": 2519.7205776974442,
    "99_0": 3562.5032174157836,
    "99_9": 4561.980237135114,
    "100_0": 4927.183791005518,
    "mean": 1370.8796644171296,
    "unit": "ms"
  },
  "service_time": {
    "50_0": 1210.681698998087,
    "90_0": 2519.7205776974442,
    "99_0": 3562.5032174157836,
    "99_9": 4561.980237135114,
    "100_0": 4927.183791005518,
    "mean": 1370.8796644171296,
    "unit": "ms"
  },
  "error_rate": 0.0
}
