{
 "benchmark-version": "2.0.0",
 "benchmark-revision": null,
 "environment": "local",
 "test-run-id": "1c89e859-0c76-48c2-ac95-850af58d51c0",
 "test-run-timestamp": "20251006T170738Z",
 "pipeline": "benchmark-only",
 "user-tags": {},
 "workload": "nyc_taxis",
 "cluster-config-instance": [
  "external"
 ],
 "cluster": {
  "revision": "8ff7c6ee924a49f0f59f80a6e1c73073c8904214",
  "distribution-version": "3.1.0",
  "distribution-flavor": "oss",
  "cluster-config-revision": null
 },
 "results": {
  "op_metrics": [
   {
    "task": "index",
    "operation": "index",
    "throughput": {
     "min": 480716.8580477616,
     "mean": 484620.2094622173,
     "median": 485087.7079105939,
     "max": 488066.35057096527,
     "unit": "docs/s"
    },
    "latency": {
     "50_0": 1304.3272089998936,
     "90_0": 2474.5615947962506,
     "99_0": 3393.5827050550142,
     "99_9": 4209.244341333339,
     "100_0": 5036.201732000336,
     "mean": 1399.1282774761835,
     "unit": "ms"
    },
    "service_time": {
     "50_0": 1304.3272089998936,
     "90_0": 2474.5615947962506,
     "99_0": 3393.5827050550142,
     "99_9": 4209.244341333339,
     "100_0": 5036.201732000336,
     "mean": 1399.1282774761835,
     "unit": "ms"
    },
    "client_processing_time": {
     "50_0": 1.3404775017988868,
     "90_0": 1.4151031980873086,
     "99_0": 4.414190839597723,
     "99_9": 40.437971698003835,
     "100_0": 72.8912620106712,
     "mean": 1.507815476099445,
     "unit": "ms"
    },
    "processing_time": {
     "50_0": 1307.3806289976346,
     "90_0": 2477.97797240637,
     "99_0": 3395.9683219582075,
     "99_9": 4220.769352734442,
     "100_0": 5043.190638010856,
     "mean": 1403.4180092746062,
     "unit": "ms"
    },
    "error_rate": 0.0,
    "duration": 340059.22456100234
   }
  ],
  "correctness_metrics": [
   {
    "task": "index",
    "operation": "index",
    "recall@k": {},
    "recall@1": {},
    "error_rate": 0.0,
    "duration": 340059.22456100234
   }
  ],
  "profile_metrics": [],
  "total_time": 49512454,
  "total_time_per_shard": {
   "min": 0,
   "median": 2055919.0,
   "max": 2290785,
   "unit": "ms"
  },
  "indexing_throttle_time": 0,
  "indexing_throttle_time_per_shard": {
   "min": 0,
   "median": 0.0,
   "max": 0,
   "unit": "ms"
  },
  "merge_time": 8275479,
  "merge_time_per_shard": {
   "min": 0,
   "median": 343330.5,
   "max": 436839,
   "unit": "ms"
  },
  "merge_count": 880,
  "refresh_time": 1241172,
  "refresh_time_per_shard": {
   "min": 0,
   "median": 49273.0,
   "max": 74335,
   "unit": "ms"
  },
  "refresh_count": 510,
  "flush_time": 586079,
  "flush_time_per_shard": {
   "min": 0,
   "median": 23264.5,
   "max": 36721,
   "unit": "ms"
  },
  "flush_count": 73,
  "merge_throttle_time": 595521,
  "merge_throttle_time_per_shard": {
   "min": 0,
   "median": 21939.5,
   "max": 42043,
   "unit": "ms"
  },
  "ml_processing_time": [],
  "young_gc_time": 105821,
  "young_gc_count": 2440,
  "old_gc_time": 0,
  "old_gc_count": 0,
  "memory_segments": 0,
  "memory_doc_values": 0,
  "memory_terms": 0,
  "memory_norms": 0,
  "memory_points": 0,
  "memory_stored_fields": 0,
  "store_size": 78351488046,
  "translog_size": 20018095593,
  "segment_count": 1056,
  "total_transform_search_times": [],
  "total_transform_index_times": [],
  "total_transform_processing_times": [],
  "total_transform_throughput": []
 },
 "workload-revision": "32d8806",
 "test_procedure": "append-no-conflicts",
 "workload-params": {
  "bulk_indexing_clients": 70,
  "bulk_size": 10000
 }
}