{
 "benchmark-version": "2.0.0",
 "benchmark-revision": null,
 "environment": "local",
 "test-run-id": "3eb4c7fd-17c2-48c3-936d-6d9a99075e82",
 "test-run-timestamp": "20251006T171947Z",
 "pipeline": "benchmark-only",
 "user-tags": {},
 "workload": "nyc_taxis",
 "cluster-config-instance": [
  "external"
 ],
 "cluster": {
  "revision": "8ff7c6ee924a49f0f59f80a6e1c73073c8904214",
  "distribution-version": "3.1.0",
  "distribution-flavor": "oss",
  "cluster-config-revision": null
 },
 "results": {
  "op_metrics": [
   {
    "task": "index",
    "operation": "index",
    "throughput": {
     "min": 494484.36457676825,
     "mean": 505006.8349532879,
     "median": 504220.6198646814,
     "max": 513178.63279848255,
     "unit": "docs/s"
    },
    "latency": {
     "50_0": 1372.5136459979694,
     "90_0": 2582.219805990462,
     "99_0": 3872.436050698158,
     "99_9": 4485.208540812907,
     "100_0": 4642.616211000131,
     "mean": 1446.942053932061,
     "unit": "ms"
    },
    "service_time": {
     "50_0": 1372.5136459979694,
     "90_0": 2582.219805990462,
     "99_0": 3872.436050698158,
     "99_9": 4485.208540812907,
     "100_0": 4642.616211000131,
     "mean": 1446.942053932061,
     "unit": "ms"
    },
    "client_processing_time": {
     "50_0": 1.3444270007312298,
     "90_0": 1.4248710067477077,
     "99_0": 31.754824602103028,
     "99_9": 43.398662249529835,
     "100_0": 104.96692499145865,
     "mean": 1.715833608542715,
     "unit": "ms"
    },
    "processing_time": {
     "50_0": 1378.7629019934684,
     "90_0": 2586.95353299845,
     "99_0": 3875.5151180012003,
     "99_9": 4488.239151368195,
     "100_0": 4645.643687006668,
     "mean": 1451.2906167384272,
     "unit": "ms"
    },
    "error_rate": 0.0,
    "duration": 332825.3030699998
   }
  ],
  "correctness_metrics": [
   {
    "task": "index",
    "operation": "index",
    "recall@k": {},
    "recall@1": {},
    "error_rate": 0.0,
    "duration": 332825.3030699998
   }
  ],
  "profile_metrics": [],
  "total_time": 43224819,
  "total_time_per_shard": {
   "min": 0,
   "median": 1792743.0,
   "max": 1987688,
   "unit": "ms"
  },
  "indexing_throttle_time": 0,
  "indexing_throttle_time_per_shard": {
   "min": 0,
   "median": 0.0,
   "max": 0,
   "unit": "ms"
  },
  "merge_time": 7732205,
  "merge_time_per_shard": {
   "min": 0,
   "median": 318894.5,
   "max": 434887,
   "unit": "ms"
  },
  "merge_count": 857,
  "refresh_time": 1162398,
  "refresh_time_per_shard": {
   "min": 1,
   "median": 43176.0,
   "max": 83046,
   "unit": "ms"
  },
  "refresh_count": 506,
  "flush_time": 570788,
  "flush_time_per_shard": {
   "min": 0,
   "median": 22365.0,
   "max": 33324,
   "unit": "ms"
  },
  "flush_count": 74,
  "merge_throttle_time": 628405,
  "merge_throttle_time_per_shard": {
   "min": 0,
   "median": 24046.5,
   "max": 47845,
   "unit": "ms"
  },
  "ml_processing_time": [],
  "young_gc_time": 101477,
  "young_gc_count": 2414,
  "old_gc_time": 0,
  "old_gc_count": 0,
  "memory_segments": 0,
  "memory_doc_values": 0,
  "memory_terms": 0,
  "memory_norms": 0,
  "memory_points": 0,
  "memory_stored_fields": 0,
  "store_size": 82138685708,
  "translog_size": 22494970887,
  "segment_count": 1158,
  "total_transform_search_times": [],
  "total_transform_index_times": [],
  "total_transform_processing_times": [],
  "total_transform_throughput": []
 },
 "workload-revision": "32d8806",
 "test_procedure": "append-no-conflicts",
 "workload-params": {
  "bulk_indexing_clients": 70,
  "bulk_size": 10000
 }
}