{
 "benchmark-version": "2.0.0",
 "benchmark-revision": null,
 "environment": "local",
 "test-run-id": "edde603b-d922-4edb-8c2a-42937a4a9664",
 "test-run-timestamp": "20251006T164200Z",
 "pipeline": "benchmark-only",
 "user-tags": {},
 "workload": "nyc_taxis",
 "cluster-config-instance": [
  "external"
 ],
 "cluster": {
  "revision": "8ff7c6ee924a49f0f59f80a6e1c73073c8904214",
  "distribution-version": "3.1.0",
  "distribution-flavor": "oss",
  "cluster-config-revision": null
 },
 "results": {
  "op_metrics": [
   {
    "task": "index",
    "operation": "index",
    "throughput": {
     "min": 493221.39228119707,
     "mean": 498390.5139333803,
     "median": 498333.85992183955,
     "max": 501666.264281596,
     "unit": "docs/s"
    },
    "latency": {
     "50_0": 1289.5299380033975,
     "90_0": 2415.496657599578,
     "99_0": 3430.910009278452,
     "99_9": 4227.88132387395,
     "100_0": 5309.0852219902445,
     "mean": 1361.2747538238132,
     "unit": "ms"
    },
    "service_time": {
     "50_0": 1289.5299380033975,
     "90_0": 2415.496657599578,
     "99_0": 3430.910009278452,
     "99_9": 4227.88132387395,
     "100_0": 5309.0852219902445,
     "mean": 1361.2747538238132,
     "unit": "ms"
    },
    "client_processing_time": {
     "50_0": 1.3411489926511422,
     "90_0": 1.4192033995641395,
     "99_0": 6.373616529163043,
     "99_9": 38.176258680876614,
     "100_0": 58.8659190107137,
     "mean": 1.5606271863441594,
     "unit": "ms"
    },
    "processing_time": {
     "50_0": 1292.5271849962883,
     "90_0": 2418.5601992008737,
     "99_0": 3435.0662095326707,
     "99_9": 4230.923171196436,
     "100_0": 5312.04241400701,
     "mean": 1365.3675973299194,
     "unit": "ms"
    },
    "error_rate": 0.0,
    "duration": 332110.5517840042
   }
  ],
  "correctness_metrics": [
   {
    "task": "index",
    "operation": "index",
    "recall@k": {},
    "recall@1": {},
    "error_rate": 0.0,
    "duration": 332110.5517840042
   }
  ],
  "profile_metrics": [],
  "total_time": 44018262,
  "total_time_per_shard": {
   "min": 0,
   "median": 1829583.0,
   "max": 1955256,
   "unit": "ms"
  },
  "indexing_throttle_time": 0,
  "indexing_throttle_time_per_shard": {
   "min": 0,
   "median": 0.0,
   "max": 0,
   "unit": "ms"
  },
  "merge_time": 8626373,
  "merge_time_per_shard": {
   "min": 0,
   "median": 354560.0,
   "max": 441494,
   "unit": "ms"
  },
  "merge_count": 864,
  "refresh_time": 1404019,
  "refresh_time_per_shard": {
   "min": 0,
   "median": 58053.5,
   "max": 77105,
   "unit": "ms"
  },
  "refresh_count": 506,
  "flush_time": 573726,
  "flush_time_per_shard": {
   "min": 0,
   "median": 21803.0,
   "max": 39232,
   "unit": "ms"
  },
  "flush_count": 73,
  "merge_throttle_time": 676729,
  "merge_throttle_time_per_shard": {
   "min": 0,
   "median": 26334.5,
   "max": 49556,
   "unit": "ms"
  },
  "ml_processing_time": [],
  "young_gc_time": 88875,
  "young_gc_count": 2070,
  "old_gc_time": 0,
  "old_gc_count": 0,
  "memory_segments": 0,
  "memory_doc_values": 0,
  "memory_terms": 0,
  "memory_norms": 0,
  "memory_points": 0,
  "memory_stored_fields": 0,
  "store_size": 86599857128,
  "translog_size": 21564550257,
  "segment_count": 1038,
  "total_transform_search_times": [],
  "total_transform_index_times": [],
  "total_transform_processing_times": [],
  "total_transform_throughput": []
 },
 "workload-revision": "32d8806",
 "test_procedure": "append-no-conflicts",
 "workload-params": {
  "bulk_indexing_clients": 70,
  "bulk_size": 10000
 }
}