{
 "benchmark-version": "2.0.0",
 "benchmark-revision": null,
 "environment": "local",
 "test-run-id": "bbea8794-b2ec-4a66-a5c8-9a88f2b459e9",
 "test-run-timestamp": "20251006T172549Z",
 "pipeline": "benchmark-only",
 "user-tags": {},
 "workload": "nyc_taxis",
 "cluster-config-instance": [
  "external"
 ],
 "cluster": {
  "revision": "8ff7c6ee924a49f0f59f80a6e1c73073c8904214",
  "distribution-version": "3.1.0",
  "distribution-flavor": "oss",
  "cluster-config-revision": null
 },
 "results": {
  "op_metrics": [
   {
    "task": "index",
    "operation": "index",
    "throughput": {
     "min": 501696.72242249094,
     "mean": 509552.0893310842,
     "median": 508776.9918340809,
     "max": 517421.85658272606,
     "unit": "docs/s"
    },
    "latency": {
     "50_0": 1338.0566479972913,
     "90_0": 2507.47552899702,
     "99_0": 3145.358186644444,
     "99_9": 3956.2718513113614,
     "100_0": 4304.7937549999915,
     "mean": 1423.926945894106,
     "unit": "ms"
    },
    "service_time": {
     "50_0": 1338.0566479972913,
     "90_0": 2507.47552899702,
     "99_0": 3145.358186644444,
     "99_9": 3956.2718513113614,
     "100_0": 4304.7937549999915,
     "mean": 1423.926945894106,
     "unit": "ms"
    },
    "client_processing_time": {
     "50_0": 1.3452225030050613,
     "90_0": 1.4300800030468963,
     "99_0": 8.0509828432696,
     "99_9": 41.36322604426947,
     "100_0": 78.07873000274412,
     "mean": 1.6047199538360455,
     "unit": "ms"
    },
    "processing_time": {
     "50_0": 1341.0773124996922,
     "90_0": 2510.633254998538,
     "99_0": 3148.28580475587,
     "99_9": 3959.426863545345,
     "100_0": 4308.759546998772,
     "mean": 1427.991409263031,
     "unit": "ms"
    },
    "error_rate": 0.0,
    "duration": 328144.43560100335
   }
  ],
  "correctness_metrics": [
   {
    "task": "index",
    "operation": "index",
    "recall@k": {},
    "recall@1": {},
    "error_rate": 0.0,
    "duration": 328144.43560100335
   }
  ],
  "profile_metrics": [],
  "total_time": 44958209,
  "total_time_per_shard": {
   "min": 0,
   "median": 1838566.5,
   "max": 2073992,
   "unit": "ms"
  },
  "indexing_throttle_time": 0,
  "indexing_throttle_time_per_shard": {
   "min": 0,
   "median": 0.0,
   "max": 0,
   "unit": "ms"
  },
  "merge_time": 8722550,
  "merge_time_per_shard": {
   "min": 0,
   "median": 349357.0,
   "max": 442888,
   "unit": "ms"
  },
  "merge_count": 854,
  "refresh_time": 1158746,
  "refresh_time_per_shard": {
   "min": 1,
   "median": 45372.0,
   "max": 78083,
   "unit": "ms"
  },
  "refresh_count": 502,
  "flush_time": 609718,
  "flush_time_per_shard": {
   "min": 0,
   "median": 24067.5,
   "max": 33022,
   "unit": "ms"
  },
  "flush_count": 74,
  "merge_throttle_time": 601541,
  "merge_throttle_time_per_shard": {
   "min": 0,
   "median": 23381.5,
   "max": 43266,
   "unit": "ms"
  },
  "ml_processing_time": [],
  "young_gc_time": 99848,
  "young_gc_count": 2409,
  "old_gc_time": 0,
  "old_gc_count": 0,
  "memory_segments": 0,
  "memory_doc_values": 0,
  "memory_terms": 0,
  "memory_norms": 0,
  "memory_points": 0,
  "memory_stored_fields": 0,
  "store_size": 84853525244,
  "translog_size": 21270456826,
  "segment_count": 1040,
  "total_transform_search_times": [],
  "total_transform_index_times": [],
  "total_transform_processing_times": [],
  "total_transform_throughput": []
 },
 "workload-revision": "32d8806",
 "test_procedure": "append-no-conflicts",
 "workload-params": {
  "bulk_indexing_clients": 70,
  "bulk_size": 10000
 }
}