{
  "test_run_id": "5ae6875e-1940-4b8e-8cfc-9ac4cf5664fc",
  "throughput": {
    "min": 469417.3118964053,
    "mean": 471938.77092280076,
    "median": 471910.32639069075,
    "max": 474429.5978819572,
    "unit": "docs/s"
  },
  "latency": {
    "50_0": 1388.0856879986823,
    "90_0": 2534.412334408262,
    "99_0": 3490.475893047988,
    "99_9": 4756.385299573307,
    "100_0": 5243.736756005092,
    "mean": 1441.4038204710948,
    "unit": "ms"
  },
  "service_time": {
    "50_0": 1388.0856879986823,
    "90_0": 2534.412334408262,
    "99_0": 3490.475893047988,
    "99_9": 4756.385299573307,
    "100_0": 5243.736756005092,
    "mean": 1441.4038204710948,
    "unit": "ms"
  },
  "error_rate": 0.0
}
