{
 "benchmark-version": "2.0.0",
 "benchmark-revision": null,
 "environment": "local",
 "test-run-id": "bdbe9a6e-c746-4d42-a4ee-f6a91a2e2851",
 "test-run-timestamp": "20251006T173954Z",
 "pipeline": "benchmark-only",
 "user-tags": {},
 "workload": "nyc_taxis",
 "cluster-config-instance": [
  "external"
 ],
 "cluster": {
  "revision": "8ff7c6ee924a49f0f59f80a6e1c73073c8904214",
  "distribution-version": "3.1.0",
  "distribution-flavor": "oss",
  "cluster-config-revision": null
 },
 "results": {
  "op_metrics": [
   {
    "task": "index",
    "operation": "index",
    "throughput": {
     "min": 489165.57939702604,
     "mean": 496288.28848106886,
     "median": 494876.0491308614,
     "max": 502683.7283315381,
     "unit": "docs/s"
    },
    "latency": {
     "50_0": 1400.5921649950324,
     "90_0": 2501.603344394244,
     "99_0": 3836.3787538412726,
     "99_9": 4322.608774317402,
     "100_0": 4497.267311002361,
     "mean": 1437.2544463693964,
     "unit": "ms"
    },
    "service_time": {
     "50_0": 1400.5921649950324,
     "90_0": 2501.603344394244,
     "99_0": 3836.3787538412726,
     "99_9": 4322.608774317402,
     "100_0": 4497.267311002361,
     "mean": 1437.2544463693964,
     "unit": "ms"
    },
    "client_processing_time": {
     "50_0": 1.367264980217442,
     "90_0": 1.4620045985793697,
     "99_0": 7.94853759114633,
     "99_9": 39.77312633502935,
     "100_0": 69.47152898646891,
     "mean": 1.6159075452352432,
     "unit": "ms"
    },
    "processing_time": {
     "50_0": 1403.606887004571,
     "90_0": 2506.2892412039223,
     "99_0": 3839.4460441736737,
     "99_9": 4347.679005911354,
     "100_0": 4501.109416989493,
     "mean": 1441.3868226858935,
     "unit": "ms"
    },
    "error_rate": 0.0,
    "duration": 335446.63112200215
   }
  ],
  "correctness_metrics": [
   {
    "task": "index",
    "operation": "index",
    "recall@k": {},
    "recall@1": {},
    "error_rate": 0.0,
    "duration": 335446.63112200215
   }
  ],
  "profile_metrics": [],
  "total_time": 43329265,
  "total_time_per_shard": {
   "min": 0,
   "median": 1774376.0,
   "max": 2097772,
   "unit": "ms"
  },
  "indexing_throttle_time": 0,
  "indexing_throttle_time_per_shard": {
   "min": 0,
   "median": 0.0,
   "max": 0,
   "unit": "ms"
  },
  "merge_time": 8648844,
  "merge_time_per_shard": {
   "min": 0,
   "median": 356868.0,
   "max": 514294,
   "unit": "ms"
  },
  "merge_count": 918,
  "refresh_time": 1256302,
  "refresh_time_per_shard": {
   "min": 1,
   "median": 52932.0,
   "max": 83732,
   "unit": "ms"
  },
  "refresh_count": 550,
  "flush_time": 619265,
  "flush_time_per_shard": {
   "min": 0,
   "median": 24941.5,
   "max": 31025,
   "unit": "ms"
  },
  "flush_count": 74,
  "merge_throttle_time": 538068,
  "merge_throttle_time_per_shard": {
   "min": 0,
   "median": 22050.0,
   "max": 45081,
   "unit": "ms"
  },
  "ml_processing_time": [],
  "young_gc_time": 127737,
  "young_gc_count": 3071,
  "old_gc_time": 0,
  "old_gc_count": 0,
  "memory_segments": 0,
  "memory_doc_values": 0,
  "memory_terms": 0,
  "memory_norms": 0,
  "memory_points": 0,
  "memory_stored_fields": 0,
  "store_size": 82957129034,
  "translog_size": 21520956164,
  "segment_count": 1036,
  "total_transform_search_times": [],
  "total_transform_index_times": [],
  "total_transform_processing_times": [],
  "total_transform_throughput": []
 },
 "workload-revision": "32d8806",
 "test_procedure": "append-no-conflicts",
 "workload-params": {
  "bulk_indexing_clients": 70,
  "bulk_size": 10000
 }
}