{
  "test_run_id": "1c89e859-0c76-48c2-ac95-850af58d51c0",
  "throughput": {
    "min": 480716.8580477616,
    "mean": 484620.2094622173,
    "median": 485087.7079105939,
    "max": 488066.35057096527,
    "unit": "docs/s"
  },
  "latency": {
    "50_0": 1304.3272089998936,
    "90_0": 2474.5615947962506,
    "99_0": 3393.5827050550142,
    "99_9": 4209.244341333339,
    "100_0": 5036.201732000336,
    "mean": 1399.1282774761835,
    "unit": "ms"
  },
  "service_time": {
    "50_0": 1304.3272089998936,
    "90_0": 2474.5615947962506,
    "99_0": 3393.5827050550142,
    "99_9": 4209.244341333339,
    "100_0": 5036.201732000336,
    "mean": 1399.1282774761835,
    "unit": "ms"
  },
  "error_rate": 0.0
}
