{
  "test_run_id": "3eb4c7fd-17c2-48c3-936d-6d9a99075e82",
  "throughput": {
    "min": 494484.36457676825,
    "mean": 505006.8349532879,
    "median": 504220.6198646814,
    "max": 513178.63279848255,
    "unit": "docs/s"
  },
  "latency": {
    "50_0": 1372.5136459979694,
    "90_0": 2582.219805990462,
    "99_0": 3872.436050698158,
    "99_9": 4485.208540812907,
    "100_0": 4642.616211000131,
    "mean": 1446.942053932061,
    "unit": "ms"
  },
  "service_time": {
    "50_0": 1372.5136459979694,
    "90_0": 2582.219805990462,
    "99_0": 3872.436050698158,
    "99_9": 4485.208540812907,
    "100_0": 4642.616211000131,
    "mean": 1446.942053932061,
    "unit": "ms"
  },
  "error_rate": 0.0
}
