{
  "test_run_id": "f0b8883c-cd67-4609-bb88-8c1987045f19",
  "throughput": {
    "min": 488975.0908772805,
    "mean": 499949.55100725795,
    "median": 500156.35581589304,
    "max": 507322.05149286764,
    "unit": "docs/s"
  },
  "latency": {
    "50_0": 1343.7183630012441,
    "90_0": 2441.8428291974124,
    "99_0": 3395.2157560765054,
    "99_9": 4039.26607925643,
    "100_0": 5560.057925991714,
    "mean": 1421.5611069051645,
    "unit": "ms"
  },
  "service_time": {
    "50_0": 1343.7183630012441,
    "90_0": 2441.8428291974124,
    "99_0": 3395.2157560765054,
    "99_9": 4039.26607925643,
    "100_0": 5560.057925991714,
    "mean": 1421.5611069051645,
    "unit": "ms"
  },
  "error_rate": 0.0
}
