{
 "benchmark-version": "2.0.0",
 "benchmark-revision": null,
 "environment": "local",
 "test-run-id": "8fd1faad-1495-4d37-94d1-6364ce3ad734",
 "test-run-timestamp": "20251006T174602Z",
 "pipeline": "benchmark-only",
 "user-tags": {},
 "workload": "nyc_taxis",
 "cluster-config-instance": [
  "external"
 ],
 "cluster": {
  "revision": "8ff7c6ee924a49f0f59f80a6e1c73073c8904214",
  "distribution-version": "3.1.0",
  "distribution-flavor": "oss",
  "cluster-config-revision": null
 },
 "results": {
  "op_metrics": [
   {
    "task": "index",
    "operation": "index",
    "throughput": {
     "min": 495673.7336207591,
     "mean": 502979.0438443229,
     "median": 503018.81196798105,
     "max": 507780.19944855716,
     "unit": "docs/s"
    },
    "latency": {
     "50_0": 1346.3391490076901,
     "90_0": 2518.903612403665,
     "99_0": 3462.743056117334,
     "99_9": 4161.179964778358,
     "100_0": 4800.805894003133,
     "mean": 1413.893397445104,
     "unit": "ms"
    },
    "service_time": {
     "50_0": 1346.3391490076901,
     "90_0": 2518.903612403665,
     "99_0": 3462.743056117334,
     "99_9": 4161.179964778358,
     "100_0": 4800.805894003133,
     "mean": 1413.893397445104,
     "unit": "ms"
    },
    "client_processing_time": {
     "50_0": 1.3647469895659015,
     "90_0": 1.452311998582445,
     "99_0": 5.348382770025652,
     "99_9": 40.14875028599698,
     "100_0": 68.57737799873576,
     "mean": 1.5963173772863082,
     "unit": "ms"
    },
    "processing_time": {
     "50_0": 1353.7378030014224,
     "90_0": 2522.0536494045523,
     "99_0": 3490.299058956445,
     "99_9": 4164.5387685806145,
     "100_0": 4803.941324003972,
     "mean": 1418.1739252624936,
     "unit": "ms"
    },
    "error_rate": 0.0,
    "duration": 331973.97546700086
   }
  ],
  "correctness_metrics": [
   {
    "task": "index",
    "operation": "index",
    "recall@k": {},
    "recall@1": {},
    "error_rate": 0.0,
    "duration": 331973.97546700086
   }
  ],
  "profile_metrics": [],
  "total_time": 41943176,
  "total_time_per_shard": {
   "min": 0,
   "median": 1721456.5,
   "max": 2083598,
   "unit": "ms"
  },
  "indexing_throttle_time": 0,
  "indexing_throttle_time_per_shard": {
   "min": 0,
   "median": 0.0,
   "max": 0,
   "unit": "ms"
  },
  "merge_time": 8664934,
  "merge_time_per_shard": {
   "min": 0,
   "median": 365274.0,
   "max": 444841,
   "unit": "ms"
  },
  "merge_count": 927,
  "refresh_time": 1347037,
  "refresh_time_per_shard": {
   "min": 1,
   "median": 57937.5,
   "max": 82797,
   "unit": "ms"
  },
  "refresh_count": 558,
  "flush_time": 564044,
  "flush_time_per_shard": {
   "min": 0,
   "median": 22654.5,
   "max": 35260,
   "unit": "ms"
  },
  "flush_count": 74,
  "merge_throttle_time": 655987,
  "merge_throttle_time_per_shard": {
   "min": 0,
   "median": 24753.0,
   "max": 49842,
   "unit": "ms"
  },
  "ml_processing_time": [],
  "young_gc_time": 127474,
  "young_gc_count": 3132,
  "old_gc_time": 0,
  "old_gc_count": 0,
  "memory_segments": 0,
  "memory_doc_values": 0,
  "memory_terms": 0,
  "memory_norms": 0,
  "memory_points": 0,
  "memory_stored_fields": 0,
  "store_size": 84945435924,
  "translog_size": 25270946837,
  "segment_count": 1005,
  "total_transform_search_times": [],
  "total_transform_index_times": [],
  "total_transform_processing_times": [],
  "total_transform_throughput": []
 },
 "workload-revision": "32d8806",
 "test_procedure": "append-no-conflicts",
 "workload-params": {
  "bulk_indexing_clients": 70,
  "bulk_size": 10000
 }
}