{
 "benchmark-version": "2.0.0",
 "benchmark-revision": null,
 "environment": "local",
 "test-run-id": "5ae6875e-1940-4b8e-8cfc-9ac4cf5664fc",
 "test-run-timestamp": "20251006T173342Z",
 "pipeline": "benchmark-only",
 "user-tags": {},
 "workload": "nyc_taxis",
 "cluster-config-instance": [
  "external"
 ],
 "cluster": {
  "revision": "8ff7c6ee924a49f0f59f80a6e1c73073c8904214",
  "distribution-version": "3.1.0",
  "distribution-flavor": "oss",
  "cluster-config-revision": null
 },
 "results": {
  "op_metrics": [
   {
    "task": "index",
    "operation": "index",
    "throughput": {
     "min": 469417.3118964053,
     "mean": 471938.77092280076,
     "median": 471910.32639069075,
     "max": 474429.5978819572,
     "unit": "docs/s"
    },
    "latency": {
     "50_0": 1388.0856879986823,
     "90_0": 2534.412334408262,
     "99_0": 3490.475893047988,
     "99_9": 4756.385299573307,
     "100_0": 5243.736756005092,
     "mean": 1441.4038204710948,
     "unit": "ms"
    },
    "service_time": {
     "50_0": 1388.0856879986823,
     "90_0": 2534.412334408262,
     "99_0": 3490.475893047988,
     "99_9": 4756.385299573307,
     "100_0": 5243.736756005092,
     "mean": 1441.4038204710948,
     "unit": "ms"
    },
    "client_processing_time": {
     "50_0": 1.368598997942172,
     "90_0": 1.456598803633824,
     "99_0": 6.50885896466209,
     "99_9": 38.410362222232024,
     "100_0": 68.47511600062717,
     "mean": 1.5995792137397982,
     "unit": "ms"
    },
    "processing_time": {
     "50_0": 1392.558649997227,
     "90_0": 2538.1315448030364,
     "99_0": 3494.3796400807337,
     "99_9": 4776.047679383548,
     "100_0": 5246.875549986726,
     "mean": 1445.5230533186318,
     "unit": "ms"
    },
    "error_rate": 0.0,
    "duration": 349103.86849800125
   }
  ],
  "correctness_metrics": [
   {
    "task": "index",
    "operation": "index",
    "recall@k": {},
    "recall@1": {},
    "error_rate": 0.0,
    "duration": 349103.86849800125
   }
  ],
  "profile_metrics": [],
  "total_time": 46603214,
  "total_time_per_shard": {
   "min": 0,
   "median": 1950151.0,
   "max": 2214593,
   "unit": "ms"
  },
  "indexing_throttle_time": 0,
  "indexing_throttle_time_per_shard": {
   "min": 0,
   "median": 0.0,
   "max": 0,
   "unit": "ms"
  },
  "merge_time": 9233264,
  "merge_time_per_shard": {
   "min": 0,
   "median": 376302.5,
   "max": 499880,
   "unit": "ms"
  },
  "merge_count": 924,
  "refresh_time": 1460869,
  "refresh_time_per_shard": {
   "min": 0,
   "median": 59473.5,
   "max": 81373,
   "unit": "ms"
  },
  "refresh_count": 554,
  "flush_time": 578278,
  "flush_time_per_shard": {
   "min": 0,
   "median": 21167.0,
   "max": 31288,
   "unit": "ms"
  },
  "flush_count": 73,
  "merge_throttle_time": 573594,
  "merge_throttle_time_per_shard": {
   "min": 0,
   "median": 23307.0,
   "max": 35585,
   "unit": "ms"
  },
  "ml_processing_time": [],
  "young_gc_time": 128811,
  "young_gc_count": 3088,
  "old_gc_time": 0,
  "old_gc_count": 0,
  "memory_segments": 0,
  "memory_doc_values": 0,
  "memory_terms": 0,
  "memory_norms": 0,
  "memory_points": 0,
  "memory_stored_fields": 0,
  "store_size": 80586743655,
  "translog_size": 21038519986,
  "segment_count": 1065,
  "total_transform_search_times": [],
  "total_transform_index_times": [],
  "total_transform_processing_times": [],
  "total_transform_throughput": []
 },
 "workload-revision": "32d8806",
 "test_procedure": "append-no-conflicts",
 "workload-params": {
  "bulk_indexing_clients": 70,
  "bulk_size": 10000
 }
}