{
  "test_run_id": "8fd1faad-1495-4d37-94d1-6364ce3ad734",
  "throughput": {
    "min": 495673.7336207591,
    "mean": 502979.0438443229,
    "median": 503018.81196798105,
    "max": 507780.19944855716,
    "unit": "docs/s"
  },
  "latency": {
    "50_0": 1346.3391490076901,
    "90_0": 2518.903612403665,
    "99_0": 3462.743056117334,
    "99_9": 4161.179964778358,
    "100_0": 4800.805894003133,
    "mean": 1413.893397445104,
    "unit": "ms"
  },
  "service_time": {
    "50_0": 1346.3391490076901,
    "90_0": 2518.903612403665,
    "99_0": 3462.743056117334,
    "99_9": 4161.179964778358,
    "100_0": 4800.805894003133,
    "mean": 1413.893397445104,
    "unit": "ms"
  },
  "error_rate": 0.0
}
