{
 "benchmark-version": "2.0.0",
 "benchmark-revision": null,
 "environment": "local",
 "test-run-id": "f0b8883c-cd67-4609-bb88-8c1987045f19",
 "test-run-timestamp": "20251006T171345Z",
 "pipeline": "benchmark-only",
 "user-tags": {},
 "workload": "nyc_taxis",
 "cluster-config-instance": [
  "external"
 ],
 "cluster": {
  "revision": "8ff7c6ee924a49f0f59f80a6e1c73073c8904214",
  "distribution-version": "3.1.0",
  "distribution-flavor": "oss",
  "cluster-config-revision": null
 },
 "results": {
  "op_metrics": [
   {
    "task": "index",
    "operation": "index",
    "throughput": {
     "min": 488975.0908772805,
     "mean": 499949.55100725795,
     "median": 500156.35581589304,
     "max": 507322.05149286764,
     "unit": "docs/s"
    },
    "latency": {
     "50_0": 1343.7183630012441,
     "90_0": 2441.8428291974124,
     "99_0": 3395.2157560765054,
     "99_9": 4039.26607925643,
     "100_0": 5560.057925991714,
     "mean": 1421.5611069051645,
     "unit": "ms"
    },
    "service_time": {
     "50_0": 1343.7183630012441,
     "90_0": 2441.8428291974124,
     "99_0": 3395.2157560765054,
     "99_9": 4039.26607925643,
     "100_0": 5560.057925991714,
     "mean": 1421.5611069051645,
     "unit": "ms"
    },
    "client_processing_time": {
     "50_0": 1.3439019967336208,
     "90_0": 1.4277416048571467,
     "99_0": 5.43665995530323,
     "99_9": 39.4135289808037,
     "100_0": 66.00681300915312,
     "mean": 1.5762503198091835,
     "unit": "ms"
    },
    "processing_time": {
     "50_0": 1346.7953549989033,
     "90_0": 2444.890750994091,
     "99_0": 3404.6690096386023,
     "99_9": 4042.2042234420105,
     "100_0": 5563.268832993344,
     "mean": 1425.5252856962582,
     "unit": "ms"
    },
    "error_rate": 0.0,
    "duration": 335735.850579993
   }
  ],
  "correctness_metrics": [
   {
    "task": "index",
    "operation": "index",
    "recall@k": {},
    "recall@1": {},
    "error_rate": 0.0,
    "duration": 335735.850579993
   }
  ],
  "profile_metrics": [],
  "total_time": 47057457,
  "total_time_per_shard": {
   "min": 0,
   "median": 1944841.0,
   "max": 2101196,
   "unit": "ms"
  },
  "indexing_throttle_time": 0,
  "indexing_throttle_time_per_shard": {
   "min": 0,
   "median": 0.0,
   "max": 0,
   "unit": "ms"
  },
  "merge_time": 8480168,
  "merge_time_per_shard": {
   "min": 0,
   "median": 326923.0,
   "max": 483313,
   "unit": "ms"
  },
  "merge_count": 877,
  "refresh_time": 1224846,
  "refresh_time_per_shard": {
   "min": 0,
   "median": 49542.0,
   "max": 80583,
   "unit": "ms"
  },
  "refresh_count": 498,
  "flush_time": 573015,
  "flush_time_per_shard": {
   "min": 0,
   "median": 23310.0,
   "max": 31589,
   "unit": "ms"
  },
  "flush_count": 73,
  "merge_throttle_time": 683288,
  "merge_throttle_time_per_shard": {
   "min": 0,
   "median": 27765.0,
   "max": 49698,
   "unit": "ms"
  },
  "ml_processing_time": [],
  "young_gc_time": 104833,
  "young_gc_count": 2417,
  "old_gc_time": 0,
  "old_gc_count": 0,
  "memory_segments": 0,
  "memory_doc_values": 0,
  "memory_terms": 0,
  "memory_norms": 0,
  "memory_points": 0,
  "memory_stored_fields": 0,
  "store_size": 83039503267,
  "translog_size": 21787573616,
  "segment_count": 1044,
  "total_transform_search_times": [],
  "total_transform_index_times": [],
  "total_transform_processing_times": [],
  "total_transform_throughput": []
 },
 "workload-revision": "32d8806",
 "test_procedure": "append-no-conflicts",
 "workload-params": {
  "bulk_indexing_clients": 70,
  "bulk_size": 10000
 }
}