{
  "test_run_id": "edde603b-d922-4edb-8c2a-42937a4a9664",
  "throughput": {
    "min": 493221.39228119707,
    "mean": 498390.5139333803,
    "median": 498333.85992183955,
    "max": 501666.264281596,
    "unit": "docs/s"
  },
  "latency": {
    "50_0": 1289.5299380033975,
    "90_0": 2415.496657599578,
    "99_0": 3430.910009278452,
    "99_9": 4227.88132387395,
    "100_0": 5309.0852219902445,
    "mean": 1361.2747538238132,
    "unit": "ms"
  },
  "service_time": {
    "50_0": 1289.5299380033975,
    "90_0": 2415.496657599578,
    "99_0": 3430.910009278452,
    "99_9": 4227.88132387395,
    "100_0": 5309.0852219902445,
    "mean": 1361.2747538238132,
    "unit": "ms"
  },
  "error_rate": 0.0
}
