{
  "test_run_id": "f8d9dd0f-1b1b-4d4b-af1b-8674455fa338",
  "throughput": {
    "min": 511653.35817441274,
    "mean": 518369.1727697539,
    "median": 517242.14980369085,
    "max": 525224.7806595556,
    "unit": "docs/s"
  },
  "latency": {
    "50_0": 1304.5890270004747,
    "90_0": 2549.9221041973215,
    "99_0": 3462.731281843152,
    "99_9": 3884.4035085109144,
    "100_0": 4164.2866029869765,
    "mean": 1402.0497613187772,
    "unit": "ms"
  },
  "service_time": {
    "50_0": 1304.5890270004747,
    "90_0": 2549.9221041973215,
    "99_0": 3462.731281843152,
    "99_9": 3884.4035085109144,
    "100_0": 4164.2866029869765,
    "mean": 1402.0497613187772,
    "unit": "ms"
  },
  "error_rate": 0.0
}
