{
 "benchmark-version": "2.0.0",
 "benchmark-revision": null,
 "environment": "local",
 "test-run-id": "14cd0cf7-8497-46e4-8e97-d9138b95046e",
 "test-run-timestamp": "20251006T175202Z",
 "pipeline": "benchmark-only",
 "user-tags": {},
 "workload": "nyc_taxis",
 "cluster-config-instance": [
  "external"
 ],
 "cluster": {
  "revision": "8ff7c6ee924a49f0f59f80a6e1c73073c8904214",
  "distribution-version": "3.1.0",
  "distribution-flavor": "oss",
  "cluster-config-revision": null
 },
 "results": {
  "op_metrics": [
   {
    "task": "index",
    "operation": "index",
    "throughput": {
     "min": 497535.03814969835,
     "mean": 505184.8193221492,
     "median": 504885.296607037,
     "max": 511359.737017532,
     "unit": "docs/s"
    },
    "latency": {
     "50_0": 1397.2119650061359,
     "90_0": 2495.6017375006923,
     "99_0": 3342.416459151717,
     "99_9": 3962.859787479793,
     "100_0": 4280.782248999458,
     "mean": 1422.472270757912,
     "unit": "ms"
    },
    "service_time": {
     "50_0": 1397.2119650061359,
     "90_0": 2495.6017375006923,
     "99_0": 3342.416459151717,
     "99_9": 3962.859787479793,
     "100_0": 4280.782248999458,
     "mean": 1422.472270757912,
     "unit": "ms"
    },
    "client_processing_time": {
     "50_0": 1.377535991196055,
     "90_0": 1.4675685088150203,
     "99_0": 7.00823554288944,
     "99_9": 36.81826234271309,
     "100_0": 40.42282099544536,
     "mean": 1.550838887167601,
     "unit": "ms"
    },
    "processing_time": {
     "50_0": 1400.2482655050699,
     "90_0": 2498.482087503362,
     "99_0": 3348.4439990010283,
     "99_9": 3965.9676960463917,
     "100_0": 4284.03341199737,
     "mean": 1426.2762682353352,
     "unit": "ms"
    },
    "error_rate": 0.0,
    "duration": 330546.55244199967
   }
  ],
  "correctness_metrics": [
   {
    "task": "index",
    "operation": "index",
    "recall@k": {},
    "recall@1": {},
    "error_rate": 0.0,
    "duration": 330546.55244199967
   }
  ],
  "profile_metrics": [],
  "total_time": 43225061,
  "total_time_per_shard": {
   "min": 0,
   "median": 1780123.0,
   "max": 1956600,
   "unit": "ms"
  },
  "indexing_throttle_time": 0,
  "indexing_throttle_time_per_shard": {
   "min": 0,
   "median": 0.0,
   "max": 0,
   "unit": "ms"
  },
  "merge_time": 9167820,
  "merge_time_per_shard": {
   "min": 0,
   "median": 390734.0,
   "max": 500148,
   "unit": "ms"
  },
  "merge_count": 931,
  "refresh_time": 1228713,
  "refresh_time_per_shard": {
   "min": 1,
   "median": 47811.5,
   "max": 76922,
   "unit": "ms"
  },
  "refresh_count": 556,
  "flush_time": 541640,
  "flush_time_per_shard": {
   "min": 0,
   "median": 22143.5,
   "max": 30398,
   "unit": "ms"
  },
  "flush_count": 76,
  "merge_throttle_time": 714590,
  "merge_throttle_time_per_shard": {
   "min": 0,
   "median": 28647.0,
   "max": 58108,
   "unit": "ms"
  },
  "ml_processing_time": [],
  "young_gc_time": 128218,
  "young_gc_count": 3137,
  "old_gc_time": 0,
  "old_gc_count": 0,
  "memory_segments": 0,
  "memory_doc_values": 0,
  "memory_terms": 0,
  "memory_norms": 0,
  "memory_points": 0,
  "memory_stored_fields": 0,
  "store_size": 86132375033,
  "translog_size": 21767734658,
  "segment_count": 1099,
  "total_transform_search_times": [],
  "total_transform_index_times": [],
  "total_transform_processing_times": [],
  "total_transform_throughput": []
 },
 "workload-revision": "32d8806",
 "test_procedure": "append-no-conflicts",
 "workload-params": {
  "bulk_indexing_clients": 70,
  "bulk_size": 10000
 }
}