{
  "test_run_id": "a592fd99-ec8d-4cb4-8ec6-576e30728cb1",
  "throughput": {
    "min": 505492.9345203945,
    "mean": 512971.4010457322,
    "median": 512088.5630116598,
    "max": 518156.5216363008,
    "unit": "docs/s"
  },
  "latency": {
    "50_0": 1235.8705780061428,
    "90_0": 2519.8690378980245,
    "99_0": 3298.0886572884633,
    "99_9": 4157.008644388874,
    "100_0": 4347.995686999639,
    "mean": 1376.4580968673783,
    "unit": "ms"
  },
  "service_time": {
    "50_0": 1235.8705780061428,
    "90_0": 2519.8690378980245,
    "99_0": 3298.0886572884633,
    "99_9": 4157.008644388874,
    "100_0": 4347.995686999639,
    "mean": 1376.4580968673783,
    "unit": "ms"
  },
  "error_rate": 0.0
}
