{
  "test_run_id": "bdbe9a6e-c746-4d42-a4ee-f6a91a2e2851",
  "throughput": {
    "min": 489165.57939702604,
    "mean": 496288.28848106886,
    "median": 494876.0491308614,
    "max": 502683.7283315381,
    "unit": "docs/s"
  },
  "latency": {
    "50_0": 1400.5921649950324,
    "90_0": 2501.603344394244,
    "99_0": 3836.3787538412726,
    "99_9": 4322.608774317402,
    "100_0": 4497.267311002361,
    "mean": 1437.2544463693964,
    "unit": "ms"
  },
  "service_time": {
    "50_0": 1400.5921649950324,
    "90_0": 2501.603344394244,
    "99_0": 3836.3787538412726,
    "99_9": 4322.608774317402,
    "100_0": 4497.267311002361,
    "mean": 1437.2544463693964,
    "unit": "ms"
  },
  "error_rate": 0.0
}
