{
  "test_run_id": "14cd0cf7-8497-46e4-8e97-d9138b95046e",
  "throughput": {
    "min": 497535.03814969835,
    "mean": 505184.8193221492,
    "median": 504885.296607037,
    "max": 511359.737017532,
    "unit": "docs/s"
  },
  "latency": {
    "50_0": 1397.2119650061359,
    "90_0": 2495.6017375006923,
    "99_0": 3342.416459151717,
    "99_9": 3962.859787479793,
    "100_0": 4280.782248999458,
    "mean": 1422.472270757912,
    "unit": "ms"
  },
  "service_time": {
    "50_0": 1397.2119650061359,
    "90_0": 2495.6017375006923,
    "99_0": 3342.416459151717,
    "99_9": 3962.859787479793,
    "100_0": 4280.782248999458,
    "mean": 1422.472270757912,
    "unit": "ms"
  },
  "error_rate": 0.0
}
