{
  "test_run_id": "bbea8794-b2ec-4a66-a5c8-9a88f2b459e9",
  "throughput": {
    "min": 501696.72242249094,
    "mean": 509552.0893310842,
    "median": 508776.9918340809,
    "max": 517421.85658272606,
    "unit": "docs/s"
  },
  "latency": {
    "50_0": 1338.0566479972913,
    "90_0": 2507.47552899702,
    "99_0": 3145.358186644444,
    "99_9": 3956.2718513113614,
    "100_0": 4304.7937549999915,
    "mean": 1423.926945894106,
    "unit": "ms"
  },
  "service_time": {
    "50_0": 1338.0566479972913,
    "90_0": 2507.47552899702,
    "99_0": 3145.358186644444,
    "99_9": 3956.2718513113614,
    "100_0": 4304.7937549999915,
    "mean": 1423.926945894106,
    "unit": "ms"
  },
  "error_rate": 0.0
}
