{
  "test_run_id": "5a0285c6-5044-495a-8b21-73a22b133edf",
  "throughput": {
    "min": 508121.51293879887,
    "mean": 516720.90409733576,
    "median": 515834.2270931961,
    "max": 521387.5438802583,
    "unit": "docs/s"
  },
  "latency": {
    "50_0": 1204.7561215076712,
    "90_0": 2542.88285549701,
    "99_0": 3219.946549489396,
    "99_9": 3620.79257771113,
    "100_0": 4045.512384007452,
    "mean": 1363.201922239149,
    "unit": "ms"
  },
  "service_time": {
    "50_0": 1204.7561215076712,
    "90_0": 2542.88285549701,
    "99_0": 3219.946549489396,
    "99_9": 3620.79257771113,
    "100_0": 4045.512384007452,
    "mean": 1363.201922239149,
    "unit": "ms"
  },
  "error_rate": 0.0
}
