{
 "benchmark-version": "2.0.0",
 "benchmark-revision": null,
 "environment": "local",
 "test-run-id": "2b559bce-7714-46e3-ab92-095d10cee993",
 "test-run-timestamp": "20251006T181456Z",
 "pipeline": "benchmark-only",
 "user-tags": {},
 "workload": "nyc_taxis",
 "cluster-config-instance": [
  "external"
 ],
 "cluster": {
  "revision": "8ff7c6ee924a49f0f59f80a6e1c73073c8904214",
  "distribution-version": "3.1.0",
  "distribution-flavor": "oss",
  "cluster-config-revision": null
 },
 "results": {
  "op_metrics": [
   {
    "task": "index",
    "operation": "index",
    "throughput": {
     "min": 448894.0858217234,
     "mean": 456814.94081170973,
     "median": 456425.3237895873,
     "max": 461330.4382573564,
     "unit": "docs/s"
    },
    "latency": {
     "50_0": 1555.6249034998473,
     "90_0": 2630.7495818953616,
     "99_0": 3528.3172694515083,
     "99_9": 4253.842037439671,
     "100_0": 4644.907113004592,
     "mean": 1539.8130886869744,
     "unit": "ms"
    },
    "service_time": {
     "50_0": 1555.6249034998473,
     "90_0": 2630.7495818953616,
     "99_0": 3528.3172694515083,
     "99_9": 4253.842037439671,
     "100_0": 4644.907113004592,
     "mean": 1539.8130886869744,
     "unit": "ms"
    },
    "client_processing_time": {
     "50_0": 1.3695980014745146,
     "90_0": 1.4567247999366373,
     "99_0": 4.811977322096881,
     "99_9": 39.876846291939785,
     "100_0": 73.579336021794,
     "mean": 1.5879442451512444,
     "unit": "ms"
    },
    "processing_time": {
     "50_0": 1562.052325498371,
     "90_0": 2633.7625337022478,
     "99_0": 3531.436707655957,
     "99_9": 4256.946037412247,
     "100_0": 4647.948319005081,
     "mean": 1543.6850658586386,
     "unit": "ms"
    },
    "error_rate": 0.0,
    "duration": 366643.38226600375
   }
  ],
  "correctness_metrics": [
   {
    "task": "index",
    "operation": "index",
    "recall@k": {},
    "recall@1": {},
    "error_rate": 0.0,
    "duration": 366643.38226600375
   }
  ],
  "profile_metrics": [],
  "total_time": 47792260,
  "total_time_per_shard": {
   "min": 8,
   "median": 1106937.0,
   "max": 1414101,
   "unit": "ms"
  },
  "indexing_throttle_time": 0,
  "indexing_throttle_time_per_shard": {
   "min": 0,
   "median": 0.0,
   "max": 0,
   "unit": "ms"
  },
  "merge_time": 11696609,
  "merge_time_per_shard": {
   "min": 0,
   "median": 271897.0,
   "max": 417644,
   "unit": "ms"
  },
  "merge_count": 1252,
  "refresh_time": 2248261,
  "refresh_time_per_shard": {
   "min": 26,
   "median": 52205.5,
   "max": 93249,
   "unit": "ms"
  },
  "refresh_count": 1010,
  "flush_time": 514239,
  "flush_time_per_shard": {
   "min": 250,
   "median": 11482.5,
   "max": 19170,
   "unit": "ms"
  },
  "flush_count": 86,
  "merge_throttle_time": 454028,
  "merge_throttle_time_per_shard": {
   "min": 0,
   "median": 9853.5,
   "max": 21603,
   "unit": "ms"
  },
  "ml_processing_time": [],
  "young_gc_time": 194628,
  "young_gc_count": 4793,
  "old_gc_time": 0,
  "old_gc_count": 0,
  "memory_segments": 0,
  "memory_doc_values": 0,
  "memory_terms": 0,
  "memory_norms": 0,
  "memory_points": 0,
  "memory_stored_fields": 0,
  "store_size": 88285515638,
  "translog_size": 40989939774,
  "segment_count": 1788,
  "total_transform_search_times": [],
  "total_transform_index_times": [],
  "total_transform_processing_times": [],
  "total_transform_throughput": []
 },
 "workload-revision": "32d8806",
 "test_procedure": "append-no-conflicts",
 "workload-params": {
  "bulk_indexing_clients": 70,
  "bulk_size": 10000
 }
}