{
  "test_run_id": "4651bc50-83ab-4cf0-8093-75945feb9d64",
  "throughput": {
    "min": 422713.2740510725,
    "mean": 426606.4362992859,
    "median": 426688.5190732866,
    "max": 428720.8175822363,
    "unit": "docs/s"
  },
  "latency": {
    "50_0": 1636.1580560042057,
    "90_0": 2694.196703309718,
    "99_0": 3540.7206272521603,
    "99_9": 4302.257999852776,
    "100_0": 4848.313131995383,
    "mean": 1601.7841292822197,
    "unit": "ms"
  },
  "service_time": {
    "50_0": 1636.1580560042057,
    "90_0": 2694.196703309718,
    "99_0": 3540.7206272521603,
    "99_9": 4302.257999852776,
    "100_0": 4848.313131995383,
    "mean": 1601.7841292822197,
    "unit": "ms"
  },
  "error_rate": 0.0
}
