{
 "benchmark-version": "2.0.0",
 "benchmark-revision": null,
 "environment": "local",
 "test-run-id": "61a15bf3-eb6f-4921-b029-4b749f246078",
 "test-run-timestamp": "20251006T180821Z",
 "pipeline": "benchmark-only",
 "user-tags": {},
 "workload": "nyc_taxis",
 "cluster-config-instance": [
  "external"
 ],
 "cluster": {
  "revision": "8ff7c6ee924a49f0f59f80a6e1c73073c8904214",
  "distribution-version": "3.1.0",
  "distribution-flavor": "oss",
  "cluster-config-revision": null
 },
 "results": {
  "op_metrics": [
   {
    "task": "index",
    "operation": "index",
    "throughput": {
     "min": 446710.8091439193,
     "mean": 454900.1603967532,
     "median": 455416.5173694981,
     "max": 458033.53547650285,
     "unit": "docs/s"
    },
    "latency": {
     "50_0": 1580.961653009581,
     "90_0": 2569.589106399508,
     "99_0": 3617.141688303672,
     "99_9": 4264.364966022531,
     "100_0": 5086.971206008457,
     "mean": 1544.8602562354697,
     "unit": "ms"
    },
    "service_time": {
     "50_0": 1580.961653009581,
     "90_0": 2569.589106399508,
     "99_0": 3617.141688303672,
     "99_9": 4264.364966022531,
     "100_0": 5086.971206008457,
     "mean": 1544.8602562354697,
     "unit": "ms"
    },
    "client_processing_time": {
     "50_0": 1.3620595054817386,
     "90_0": 1.4442292958847247,
     "99_0": 8.220826892502371,
     "99_9": 38.33690660906728,
     "100_0": 42.60281800816301,
     "mean": 1.5984586301043866,
     "unit": "ms"
    },
    "processing_time": {
     "50_0": 1584.106755493849,
     "90_0": 2573.3496889952226,
     "99_0": 3620.1472840513447,
     "99_9": 4267.457267363785,
     "100_0": 5089.98766199511,
     "mean": 1548.6421102822342,
     "unit": "ms"
    },
    "error_rate": 0.0,
    "duration": 367455.47721200273
   }
  ],
  "correctness_metrics": [
   {
    "task": "index",
    "operation": "index",
    "recall@k": {},
    "recall@1": {},
    "error_rate": 0.0,
    "duration": 367455.47721200273
   }
  ],
  "profile_metrics": [],
  "total_time": 48166185,
  "total_time_per_shard": {
   "min": 8,
   "median": 1126142.5,
   "max": 1543019,
   "unit": "ms"
  },
  "indexing_throttle_time": 0,
  "indexing_throttle_time_per_shard": {
   "min": 0,
   "median": 0.0,
   "max": 0,
   "unit": "ms"
  },
  "merge_time": 11965829,
  "merge_time_per_shard": {
   "min": 0,
   "median": 278341.0,
   "max": 389994,
   "unit": "ms"
  },
  "merge_count": 1266,
  "refresh_time": 2255015,
  "refresh_time_per_shard": {
   "min": 0,
   "median": 53010.5,
   "max": 75908,
   "unit": "ms"
  },
  "refresh_count": 1029,
  "flush_time": 622760,
  "flush_time_per_shard": {
   "min": 0,
   "median": 14135.0,
   "max": 23996,
   "unit": "ms"
  },
  "flush_count": 85,
  "merge_throttle_time": 406591,
  "merge_throttle_time_per_shard": {
   "min": 0,
   "median": 8683.5,
   "max": 21265,
   "unit": "ms"
  },
  "ml_processing_time": [],
  "young_gc_time": 198165,
  "young_gc_count": 4739,
  "old_gc_time": 0,
  "old_gc_count": 0,
  "memory_segments": 0,
  "memory_doc_values": 0,
  "memory_terms": 0,
  "memory_norms": 0,
  "memory_points": 0,
  "memory_stored_fields": 0,
  "store_size": 89709031746,
  "translog_size": 41053426259,
  "segment_count": 1995,
  "total_transform_search_times": [],
  "total_transform_index_times": [],
  "total_transform_processing_times": [],
  "total_transform_throughput": []
 },
 "workload-revision": "32d8806",
 "test_procedure": "append-no-conflicts",
 "workload-params": {
  "bulk_indexing_clients": 70,
  "bulk_size": 10000
 }
}