{
  "test_run_id": "61a15bf3-eb6f-4921-b029-4b749f246078",
  "throughput": {
    "min": 446710.8091439193,
    "mean": 454900.1603967532,
    "median": 455416.5173694981,
    "max": 458033.53547650285,
    "unit": "docs/s"
  },
  "latency": {
    "50_0": 1580.961653009581,
    "90_0": 2569.589106399508,
    "99_0": 3617.141688303672,
    "99_9": 4264.364966022531,
    "100_0": 5086.971206008457,
    "mean": 1544.8602562354697,
    "unit": "ms"
  },
  "service_time": {
    "50_0": 1580.961653009581,
    "90_0": 2569.589106399508,
    "99_0": 3617.141688303672,
    "99_9": 4264.364966022531,
    "100_0": 5086.971206008457,
    "mean": 1544.8602562354697,
    "unit": "ms"
  },
  "error_rate": 0.0
}
