{
  "test_run_id": "2b559bce-7714-46e3-ab92-095d10cee993",
  "throughput": {
    "min": 448894.0858217234,
    "mean": 456814.94081170973,
    "median": 456425.3237895873,
    "max": 461330.4382573564,
    "unit": "docs/s"
  },
  "latency": {
    "50_0": 1555.6249034998473,
    "90_0": 2630.7495818953616,
    "99_0": 3528.3172694515083,
    "99_9": 4253.842037439671,
    "100_0": 4644.907113004592,
    "mean": 1539.8130886869744,
    "unit": "ms"
  },
  "service_time": {
    "50_0": 1555.6249034998473,
    "90_0": 2630.7495818953616,
    "99_0": 3528.3172694515083,
    "99_9": 4253.842037439671,
    "100_0": 4644.907113004592,
    "mean": 1539.8130886869744,
    "unit": "ms"
  },
  "error_rate": 0.0
}
