{
  "test_run_id": "ea409a8d-40e6-417b-998d-0aed1754260d",
  "throughput": {
    "min": 446223.9024299802,
    "mean": 456492.5977232636,
    "median": 456251.5166968467,
    "max": 464113.65687456133,
    "unit": "docs/s"
  },
  "latency": {
    "50_0": 1630.0416915037204,
    "90_0": 2742.070921596315,
    "99_0": 3596.031590792406,
    "99_9": 4491.098103705183,
    "100_0": 5463.891320992843,
    "mean": 1593.2346109320254,
    "unit": "ms"
  },
  "service_time": {
    "50_0": 1630.0416915037204,
    "90_0": 2742.070921596315,
    "99_0": 3596.031590792406,
    "99_9": 4491.098103705183,
    "100_0": 5463.891320992843,
    "mean": 1593.2346109320254,
    "unit": "ms"
  },
  "error_rate": 0.0
}
