{
 "benchmark-version": "2.0.0",
 "benchmark-revision": null,
 "environment": "local",
 "test-run-id": "ea409a8d-40e6-417b-998d-0aed1754260d",
 "test-run-timestamp": "20251006T182130Z",
 "pipeline": "benchmark-only",
 "user-tags": {},
 "workload": "nyc_taxis",
 "cluster-config-instance": [
  "external"
 ],
 "cluster": {
  "revision": "8ff7c6ee924a49f0f59f80a6e1c73073c8904214",
  "distribution-version": "3.1.0",
  "distribution-flavor": "oss",
  "cluster-config-revision": null
 },
 "results": {
  "op_metrics": [
   {
    "task": "index",
    "operation": "index",
    "throughput": {
     "min": 446223.9024299802,
     "mean": 456492.5977232636,
     "median": 456251.5166968467,
     "max": 464113.65687456133,
     "unit": "docs/s"
    },
    "latency": {
     "50_0": 1630.0416915037204,
     "90_0": 2742.070921596315,
     "99_0": 3596.031590792406,
     "99_9": 4491.098103705183,
     "100_0": 5463.891320992843,
     "mean": 1593.2346109320254,
     "unit": "ms"
    },
    "service_time": {
     "50_0": 1630.0416915037204,
     "90_0": 2742.070921596315,
     "99_0": 3596.031590792406,
     "99_9": 4491.098103705183,
     "100_0": 5463.891320992843,
     "mean": 1593.2346109320254,
     "unit": "ms"
    },
    "client_processing_time": {
     "50_0": 1.3643490019603632,
     "90_0": 1.4425229979678988,
     "99_0": 4.224580145528301,
     "99_9": 36.5078072272882,
     "100_0": 67.91573099326342,
     "mean": 1.5086722313556882,
     "unit": "ms"
    },
    "processing_time": {
     "50_0": 1633.4332109981915,
     "90_0": 2745.2018652984416,
     "99_0": 3599.145394302611,
     "99_9": 4494.17341112315,
     "100_0": 5468.1660119968,
     "mean": 1596.881123434758,
     "unit": "ms"
    },
    "error_rate": 0.0,
    "duration": 368817.15482400614
   }
  ],
  "correctness_metrics": [
   {
    "task": "index",
    "operation": "index",
    "recall@k": {},
    "recall@1": {},
    "error_rate": 0.0,
    "duration": 368817.15482400614
   }
  ],
  "profile_metrics": [],
  "total_time": 47540685,
  "total_time_per_shard": {
   "min": 8,
   "median": 1106641.5,
   "max": 1382539,
   "unit": "ms"
  },
  "indexing_throttle_time": 0,
  "indexing_throttle_time_per_shard": {
   "min": 0,
   "median": 0.0,
   "max": 0,
   "unit": "ms"
  },
  "merge_time": 12887033,
  "merge_time_per_shard": {
   "min": 0,
   "median": 304890.5,
   "max": 438468,
   "unit": "ms"
  },
  "merge_count": 1259,
  "refresh_time": 2242514,
  "refresh_time_per_shard": {
   "min": 26,
   "median": 52983.0,
   "max": 80388,
   "unit": "ms"
  },
  "refresh_count": 1028,
  "flush_time": 541087,
  "flush_time_per_shard": {
   "min": 250,
   "median": 12300.5,
   "max": 19049,
   "unit": "ms"
  },
  "flush_count": 86,
  "merge_throttle_time": 383311,
  "merge_throttle_time_per_shard": {
   "min": 0,
   "median": 8100.0,
   "max": 21305,
   "unit": "ms"
  },
  "ml_processing_time": [],
  "young_gc_time": 202548,
  "young_gc_count": 4836,
  "old_gc_time": 0,
  "old_gc_count": 0,
  "memory_segments": 0,
  "memory_doc_values": 0,
  "memory_terms": 0,
  "memory_norms": 0,
  "memory_points": 0,
  "memory_stored_fields": 0,
  "store_size": 88219885083,
  "translog_size": 40757699214,
  "segment_count": 1743,
  "total_transform_search_times": [],
  "total_transform_index_times": [],
  "total_transform_processing_times": [],
  "total_transform_throughput": []
 },
 "workload-revision": "32d8806",
 "test_procedure": "append-no-conflicts",
 "workload-params": {
  "bulk_indexing_clients": 70,
  "bulk_size": 10000
 }
}