{
 "benchmark-version": "2.0.0",
 "benchmark-revision": null,
 "environment": "local",
 "test-run-id": "fcf7975a-0204-4004-8da7-b557c0d4a530",
 "test-run-timestamp": "20251017T074907Z",
 "pipeline": "benchmark-only",
 "user-tags": {},
 "workload": "nyc_taxis_clean",
 "cluster-config-instance": [
  "external"
 ],
 "cluster": {
  "revision": "8ff7c6ee924a49f0f59f80a6e1c73073c8904214",
  "distribution-version": "3.1.0",
  "distribution-flavor": "oss",
  "cluster-config-revision": null
 },
 "results": {
  "op_metrics": [
   {
    "task": "index",
    "operation": "index",
    "throughput": {
     "min": 360600.4661468071,
     "mean": 379599.5962767769,
     "median": 372880.75158135546,
     "max": 517563.2351501704,
     "unit": "docs/s"
    },
    "latency": {
     "50_0": 958.7368590000551,
     "90_0": 1475.0343352920027,
     "99_0": 2708.6357280645443,
     "99_9": 3524.505803687785,
     "99_99": 4704.823918336556,
     "100_0": 4929.107307005324,
     "mean": 1090.2075997068187,
     "unit": "ms"
    },
    "service_time": {
     "50_0": 958.7368590000551,
     "90_0": 1475.0343352920027,
     "99_0": 2708.6357280645443,
     "99_9": 3524.505803687785,
     "99_99": 4704.823918336556,
     "100_0": 4929.107307005324,
     "mean": 1090.2075997068187,
     "unit": "ms"
    },
    "client_processing_time": {
     "50_0": 1.2670350042753853,
     "90_0": 1.3926979983807541,
     "99_0": 4.11465239682002,
     "99_9": 7.088966240873577,
     "99_99": 41.15561836145291,
     "100_0": 44.32907799491659,
     "mean": 1.3664737374823885,
     "unit": "ms"
    },
    "processing_time": {
     "50_0": 961.3599454969517,
     "90_0": 1477.9037700063782,
     "99_0": 2711.231756593914,
     "99_9": 3527.067243260924,
     "99_99": 4707.4642687451815,
     "100_0": 4931.62524899526,
     "mean": 1092.970258481995,
     "unit": "ms"
    },
    "error_rate": 0.0,
    "duration": 458543.16951600777
   }
  ],
  "correctness_metrics": [
   {
    "task": "index",
    "operation": "index",
    "recall@k": {},
    "recall@1": {},
    "error_rate": 0.0,
    "duration": 458543.16951600777
   }
  ],
  "profile_metrics": [],
  "total_time": 6123926,
  "total_time_per_shard": {
   "min": 1,
   "median": 1019647,
   "max": 1025434,
   "unit": "ms"
  },
  "indexing_throttle_time": 0,
  "indexing_throttle_time_per_shard": {
   "min": 0,
   "median": 0,
   "max": 0,
   "unit": "ms"
  },
  "merge_time": 2760357,
  "merge_time_per_shard": {
   "min": 12,
   "median": 435109,
   "max": 520106,
   "unit": "ms"
  },
  "merge_count": 172,
  "refresh_time": 142326,
  "refresh_time_per_shard": {
   "min": 34,
   "median": 24180,
   "max": 28096,
   "unit": "ms"
  },
  "refresh_count": 259,
  "flush_time": 449170,
  "flush_time_per_shard": {
   "min": 34,
   "median": 71440,
   "max": 82794,
   "unit": "ms"
  },
  "flush_count": 171,
  "merge_throttle_time": 1639059,
  "merge_throttle_time_per_shard": {
   "min": 0,
   "median": 250471,
   "max": 342331,
   "unit": "ms"
  },
  "ml_processing_time": [],
  "young_gc_time": 4380,
  "young_gc_count": 164,
  "old_gc_time": 0,
  "old_gc_count": 0,
  "memory_segments": 0,
  "memory_doc_values": 0,
  "memory_terms": 0,
  "memory_norms": 0,
  "memory_points": 0,
  "memory_stored_fields": 0,
  "store_size": 50743215692,
  "translog_size": 1950646484,
  "segment_count": 332,
  "total_transform_search_times": [],
  "total_transform_index_times": [],
  "total_transform_processing_times": [],
  "total_transform_throughput": []
 },
 "test_procedure": "append-no-conflicts",
 "workload-params": {
  "index_warmup_time_period": 5,
  "update_warmup_time_period": 5,
  "warmup_iterations": 10,
  "bulk_indexing_clients": 40,
  "bulk_size": 10000
 }
}