{
 "benchmark-version": "2.0.0",
 "benchmark-revision": null,
 "environment": "local",
 "test-run-id": "e1796b62-b020-41db-927a-62405f9f312f",
 "test-run-timestamp": "20251017T074043Z",
 "pipeline": "benchmark-only",
 "user-tags": {},
 "workload": "nyc_taxis_clean",
 "cluster-config-instance": [
  "external"
 ],
 "cluster": {
  "revision": "8ff7c6ee924a49f0f59f80a6e1c73073c8904214",
  "distribution-version": "3.1.0",
  "distribution-flavor": "oss",
  "cluster-config-revision": null
 },
 "results": {
  "op_metrics": [
   {
    "task": "index",
    "operation": "index",
    "throughput": {
     "min": 359954.11337338085,
     "mean": 379310.1010087343,
     "median": 371695.5912815112,
     "max": 519591.8761644307,
     "unit": "docs/s"
    },
    "latency": {
     "50_0": 956.7206990031991,
     "90_0": 1484.8346842016324,
     "99_0": 2805.5301283407616,
     "99_9": 3421.9463118981475,
     "99_99": 4218.975849220458,
     "100_0": 5219.142850008211,
     "mean": 1088.5159186076867,
     "unit": "ms"
    },
    "service_time": {
     "50_0": 956.7206990031991,
     "90_0": 1484.8346842016324,
     "99_0": 2805.5301283407616,
     "99_9": 3421.9463118981475,
     "99_99": 4218.975849220458,
     "100_0": 5219.142850008211,
     "mean": 1088.5159186076867,
     "unit": "ms"
    },
    "client_processing_time": {
     "50_0": 1.2695689947577193,
     "90_0": 1.3913935952587053,
     "99_0": 4.110170483472757,
     "99_9": 5.218186194746585,
     "99_99": 35.04656367361119,
     "100_0": 48.28659699705895,
     "mean": 1.3500058828972399,
     "unit": "ms"
    },
    "processing_time": {
     "50_0": 959.4074299966451,
     "90_0": 1487.8822062019026,
     "99_0": 2808.2588863215647,
     "99_9": 3424.5870864720455,
     "99_99": 4222.624364709538,
     "100_0": 5221.677219000412,
     "mean": 1091.2562767600239,
     "unit": "ms"
    },
    "error_rate": 0.0,
    "duration": 459177.70953099534
   }
  ],
  "correctness_metrics": [
   {
    "task": "index",
    "operation": "index",
    "recall@k": {},
    "recall@1": {},
    "error_rate": 0.0,
    "duration": 459177.70953099534
   }
  ],
  "profile_metrics": [],
  "total_time": 6140344,
  "total_time_per_shard": {
   "min": 2,
   "median": 1023829,
   "max": 1027764,
   "unit": "ms"
  },
  "indexing_throttle_time": 0,
  "indexing_throttle_time_per_shard": {
   "min": 0,
   "median": 0,
   "max": 0,
   "unit": "ms"
  },
  "merge_time": 2667562,
  "merge_time_per_shard": {
   "min": 0,
   "median": 431267,
   "max": 503582,
   "unit": "ms"
  },
  "merge_count": 172,
  "refresh_time": 145655,
  "refresh_time_per_shard": {
   "min": 23,
   "median": 21213,
   "max": 31139,
   "unit": "ms"
  },
  "refresh_count": 259,
  "flush_time": 450845,
  "flush_time_per_shard": {
   "min": 0,
   "median": 73427,
   "max": 81451,
   "unit": "ms"
  },
  "flush_count": 172,
  "merge_throttle_time": 1603675,
  "merge_throttle_time_per_shard": {
   "min": 0,
   "median": 253441,
   "max": 307919,
   "unit": "ms"
  },
  "ml_processing_time": [],
  "young_gc_time": 4437,
  "young_gc_count": 164,
  "old_gc_time": 0,
  "old_gc_count": 0,
  "memory_segments": 0,
  "memory_doc_values": 0,
  "memory_terms": 0,
  "memory_norms": 0,
  "memory_points": 0,
  "memory_stored_fields": 0,
  "store_size": 54632791246,
  "translog_size": 1824143810,
  "segment_count": 378,
  "total_transform_search_times": [],
  "total_transform_index_times": [],
  "total_transform_processing_times": [],
  "total_transform_throughput": []
 },
 "test_procedure": "append-no-conflicts",
 "workload-params": {
  "index_warmup_time_period": 5,
  "update_warmup_time_period": 5,
  "warmup_iterations": 10,
  "bulk_indexing_clients": 40,
  "bulk_size": 10000
 }
}