{
 "benchmark-version": "2.0.0",
 "benchmark-revision": null,
 "environment": "local",
 "test-run-id": "d756830c-8610-40a1-8de7-ec1d819c7fee",
 "test-run-timestamp": "20251017T075743Z",
 "pipeline": "benchmark-only",
 "user-tags": {},
 "workload": "nyc_taxis_clean",
 "cluster-config-instance": [
  "external"
 ],
 "cluster": {
  "revision": "8ff7c6ee924a49f0f59f80a6e1c73073c8904214",
  "distribution-version": "3.1.0",
  "distribution-flavor": "oss",
  "cluster-config-revision": null
 },
 "results": {
  "op_metrics": [
   {
    "task": "index",
    "operation": "index",
    "throughput": {
     "min": 358550.50338810694,
     "mean": 378197.16925553227,
     "median": 372647.2775558547,
     "max": 514497.3844697503,
     "unit": "docs/s"
    },
    "latency": {
     "50_0": 991.3745629892219,
     "90_0": 1425.5970058002279,
     "99_0": 2624.064826554967,
     "99_9": 3398.5538422833683,
     "99_99": 4781.143100721128,
     "100_0": 4861.8007710028905,
     "mean": 1091.271861784009,
     "unit": "ms"
    },
    "service_time": {
     "50_0": 991.3745629892219,
     "90_0": 1425.5970058002279,
     "99_0": 2624.064826554967,
     "99_9": 3398.5538422833683,
     "99_99": 4781.143100721128,
     "100_0": 4861.8007710028905,
     "mean": 1091.271861784009,
     "unit": "ms"
    },
    "client_processing_time": {
     "50_0": 1.2740370002575219,
     "90_0": 1.3828601979184896,
     "99_0": 4.109922565403394,
     "99_9": 5.85311554803049,
     "99_99": 18.537376488282675,
     "100_0": 44.79846700269263,
     "mean": 1.3444138213033792,
     "unit": "ms"
    },
    "processing_time": {
     "50_0": 994.214036007179,
     "90_0": 1428.1864885939285,
     "99_0": 2626.656925562419,
     "99_9": 3401.092113275304,
     "99_99": 4783.722624202975,
     "100_0": 4864.386020009988,
     "mean": 1094.0160263854964,
     "unit": "ms"
    },
    "error_rate": 0.0,
    "duration": 460901.1307960027
   }
  ],
  "correctness_metrics": [
   {
    "task": "index",
    "operation": "index",
    "recall@k": {},
    "recall@1": {},
    "error_rate": 0.0,
    "duration": 460901.1307960027
   }
  ],
  "profile_metrics": [],
  "total_time": 6150006,
  "total_time_per_shard": {
   "min": 1,
   "median": 1023956,
   "max": 1029925,
   "unit": "ms"
  },
  "indexing_throttle_time": 0,
  "indexing_throttle_time_per_shard": {
   "min": 0,
   "median": 0,
   "max": 0,
   "unit": "ms"
  },
  "merge_time": 2955674,
  "merge_time_per_shard": {
   "min": 16,
   "median": 472988,
   "max": 576207,
   "unit": "ms"
  },
  "merge_count": 184,
  "refresh_time": 135414,
  "refresh_time_per_shard": {
   "min": 35,
   "median": 19395,
   "max": 30834,
   "unit": "ms"
  },
  "refresh_count": 263,
  "flush_time": 420930,
  "flush_time_per_shard": {
   "min": 56,
   "median": 70281,
   "max": 78021,
   "unit": "ms"
  },
  "flush_count": 174,
  "merge_throttle_time": 1784624,
  "merge_throttle_time_per_shard": {
   "min": 0,
   "median": 277465,
   "max": 372453,
   "unit": "ms"
  },
  "ml_processing_time": [],
  "young_gc_time": 4505,
  "young_gc_count": 165,
  "old_gc_time": 0,
  "old_gc_count": 0,
  "memory_segments": 0,
  "memory_doc_values": 0,
  "memory_terms": 0,
  "memory_norms": 0,
  "memory_points": 0,
  "memory_stored_fields": 0,
  "store_size": 52991458363,
  "translog_size": 1779715973,
  "segment_count": 370,
  "total_transform_search_times": [],
  "total_transform_index_times": [],
  "total_transform_processing_times": [],
  "total_transform_throughput": []
 },
 "test_procedure": "append-no-conflicts",
 "workload-params": {
  "index_warmup_time_period": 5,
  "update_warmup_time_period": 5,
  "warmup_iterations": 10,
  "bulk_indexing_clients": 40,
  "bulk_size": 10000
 }
}