{
 "benchmark-version": "2.0.0",
 "benchmark-revision": null,
 "environment": "local",
 "test-run-id": "bd4b3786-07ba-469a-a2c5-914baad44746",
 "test-run-timestamp": "20251017T073215Z",
 "pipeline": "benchmark-only",
 "user-tags": {},
 "workload": "nyc_taxis_clean",
 "cluster-config-instance": [
  "external"
 ],
 "cluster": {
  "revision": "8ff7c6ee924a49f0f59f80a6e1c73073c8904214",
  "distribution-version": "3.1.0",
  "distribution-flavor": "oss",
  "cluster-config-revision": null
 },
 "results": {
  "op_metrics": [
   {
    "task": "index",
    "operation": "index",
    "throughput": {
     "min": 359317.53425546107,
     "mean": 378648.67779728863,
     "median": 371972.7279186064,
     "max": 512812.8174563701,
     "unit": "docs/s"
    },
    "latency": {
     "50_0": 953.1438174963114,
     "90_0": 1498.9810267958092,
     "99_0": 2838.8983222842216,
     "99_9": 3602.243749595428,
     "99_99": 4494.7542064014515,
     "100_0": 4741.147203996661,
     "mean": 1093.063328839638,
     "unit": "ms"
    },
    "service_time": {
     "50_0": 953.1438174963114,
     "90_0": 1498.9810267958092,
     "99_0": 2838.8983222842216,
     "99_9": 3602.243749595428,
     "99_99": 4494.7542064014515,
     "100_0": 4741.147203996661,
     "mean": 1093.063328839638,
     "unit": "ms"
    },
    "client_processing_time": {
     "50_0": 1.2672105003730394,
     "90_0": 1.4026914068381302,
     "99_0": 4.13024487614166,
     "99_9": 6.842335152236102,
     "99_99": 18.44134823458444,
     "100_0": 45.430747006321326,
     "mean": 1.3662291621715315,
     "unit": "ms"
    },
    "processing_time": {
     "50_0": 955.8720229979372,
     "90_0": 1501.623113700771,
     "99_0": 2841.4772120164707,
     "99_9": 3604.783916231906,
     "99_99": 4497.286919270342,
     "100_0": 4743.746113002999,
     "mean": 1095.823302154032,
     "unit": "ms"
    },
    "error_rate": 0.0,
    "duration": 459944.3761250004
   }
  ],
  "correctness_metrics": [
   {
    "task": "index",
    "operation": "index",
    "recall@k": {},
    "recall@1": {},
    "error_rate": 0.0,
    "duration": 459944.3761250004
   }
  ],
  "profile_metrics": [],
  "total_time": 6138595,
  "total_time_per_shard": {
   "min": 1020234,
   "median": 1022596.0,
   "max": 1026334,
   "unit": "ms"
  },
  "indexing_throttle_time": 0,
  "indexing_throttle_time_per_shard": {
   "min": 0,
   "median": 0.0,
   "max": 0,
   "unit": "ms"
  },
  "merge_time": 2753117,
  "merge_time_per_shard": {
   "min": 407900,
   "median": 455787.0,
   "max": 548967,
   "unit": "ms"
  },
  "merge_count": 165,
  "refresh_time": 180313,
  "refresh_time_per_shard": {
   "min": 21509,
   "median": 26501.5,
   "max": 41964,
   "unit": "ms"
  },
  "refresh_count": 247,
  "flush_time": 445852,
  "flush_time_per_shard": {
   "min": 70534,
   "median": 74605.5,
   "max": 78217,
   "unit": "ms"
  },
  "flush_count": 169,
  "merge_throttle_time": 1671541,
  "merge_throttle_time_per_shard": {
   "min": 233065,
   "median": 266593.0,
   "max": 370676,
   "unit": "ms"
  },
  "ml_processing_time": [],
  "young_gc_time": 4506,
  "young_gc_count": 164,
  "old_gc_time": 0,
  "old_gc_count": 0,
  "memory_segments": 0,
  "memory_doc_values": 0,
  "memory_terms": 0,
  "memory_norms": 0,
  "memory_points": 0,
  "memory_stored_fields": 0,
  "store_size": 53121718372,
  "translog_size": 2333821435,
  "segment_count": 334,
  "total_transform_search_times": [],
  "total_transform_index_times": [],
  "total_transform_processing_times": [],
  "total_transform_throughput": []
 },
 "test_procedure": "append-no-conflicts",
 "workload-params": {
  "index_warmup_time_period": 5,
  "update_warmup_time_period": 5,
  "warmup_iterations": 10,
  "bulk_indexing_clients": 40,
  "bulk_size": 10000
 }
}