{
 "benchmark-version": "2.0.0",
 "benchmark-revision": null,
 "environment": "local",
 "test-run-id": "f2547ed5-21e0-4f6d-ad80-335219faf993",
 "test-run-timestamp": "20251013T215738Z",
 "pipeline": "benchmark-only",
 "user-tags": {},
 "workload": "nyc_taxis",
 "cluster-config-instance": [
  "external"
 ],
 "cluster": {
  "revision": "8ff7c6ee924a49f0f59f80a6e1c73073c8904214",
  "distribution-version": "3.1.0",
  "distribution-flavor": "oss",
  "cluster-config-revision": null
 },
 "results": {
  "op_metrics": [
   {
    "task": "index",
    "operation": "index",
    "throughput": {
     "min": 614329.0795004863,
     "mean": 621820.5838061515,
     "median": 622669.1588695585,
     "max": 624357.1774241806,
     "unit": "docs/s"
    },
    "latency": {
     "50_0": 835.1993894975749,
     "90_0": 1429.4571965001523,
     "99_0": 1874.5464750008978,
     "99_9": 2097.1672027504637,
     "100_0": 2663.6877820055815,
     "mean": 884.300123722274,
     "unit": "ms"
    },
    "service_time": {
     "50_0": 835.1993894975749,
     "90_0": 1429.4571965001523,
     "99_0": 1874.5464750008978,
     "99_9": 2097.1672027504637,
     "100_0": 2663.6877820055815,
     "mean": 884.300123722274,
     "unit": "ms"
    },
    "client_processing_time": {
     "50_0": 1.3124119977874216,
     "90_0": 1.3884330037399195,
     "99_0": 4.058857502968749,
     "99_9": 51.37869195914395,
     "100_0": 73.2948189979652,
     "mean": 1.3655849151929849,
     "unit": "ms"
    },
    "processing_time": {
     "50_0": 841.5779860006296,
     "90_0": 1432.4540090019582,
     "99_0": 1877.8678622475127,
     "99_9": 2100.176679295876,
     "100_0": 2666.6439320033533,
     "mean": 889.5944230108006,
     "unit": "ms"
    },
    "error_rate": 0.0,
    "duration": 267755.006829997
   }
  ],
  "correctness_metrics": [
   {
    "task": "index",
    "operation": "index",
    "recall@k": {},
    "recall@1": {},
    "error_rate": 0.0,
    "duration": 267755.006829997
   }
  ],
  "profile_metrics": [],
  "total_time": 34596410,
  "total_time_per_shard": {
   "min": 9,
   "median": 1436601,
   "max": 1544487,
   "unit": "ms"
  },
  "indexing_throttle_time": 0,
  "indexing_throttle_time_per_shard": {
   "min": 0,
   "median": 0,
   "max": 0,
   "unit": "ms"
  },
  "merge_time": 5489933,
  "merge_time_per_shard": {
   "min": 0,
   "median": 226939,
   "max": 300336,
   "unit": "ms"
  },
  "merge_count": 634,
  "refresh_time": 579569,
  "refresh_time_per_shard": {
   "min": 39,
   "median": 22210,
   "max": 44515,
   "unit": "ms"
  },
  "refresh_count": 361,
  "flush_time": 430299,
  "flush_time_per_shard": {
   "min": 0,
   "median": 16034,
   "max": 38865,
   "unit": "ms"
  },
  "flush_count": 72,
  "merge_throttle_time": 1125595,
  "merge_throttle_time_per_shard": {
   "min": 0,
   "median": 45691,
   "max": 81947,
   "unit": "ms"
  },
  "ml_processing_time": [],
  "young_gc_time": 44008,
  "young_gc_count": 789,
  "old_gc_time": 0,
  "old_gc_count": 0,
  "memory_segments": 0,
  "memory_doc_values": 0,
  "memory_terms": 0,
  "memory_norms": 0,
  "memory_points": 0,
  "memory_stored_fields": 0,
  "store_size": 85029577746,
  "translog_size": 20590877345,
  "segment_count": 957,
  "total_transform_search_times": [],
  "total_transform_index_times": [],
  "total_transform_processing_times": [],
  "total_transform_throughput": []
 },
 "workload-revision": "efdc1fe",
 "test_procedure": "append-no-conflicts",
 "workload-params": {
  "bulk_indexing_clients": 60,
  "bulk_size": 10000
 }
}