{
  "test_run_id": "13d5bff2-da03-474c-8ca8-9f1fa8532a84",
  "throughput": {
    "min": 535314.6078990044,
    "mean": 548151.449963803,
    "median": 548499.176047961,
    "max": 553087.3048690514,
    "unit": "docs/s"
  },
  "latency": {
    "50_0": 877.8585259999545,
    "90_0": 2063.5979481999584,
    "99_0": 3095.009027719969,
    "99_9": 3866.0272020240213,
    "100_0": 4053.444681999963,
    "mean": 1072.4348097754303,
    "unit": "ms"
  },
  "service_time": {
    "50_0": 877.8585259999545,
    "90_0": 2063.5979481999584,
    "99_0": 3095.009027719969,
    "99_9": 3866.0272020240213,
    "100_0": 4053.444681999963,
    "mean": 1072.4348097754303,
    "unit": "ms"
  },
  "error_rate": 0.0
}
