{
 "benchmark-version": "2.0.0",
 "benchmark-revision": null,
 "environment": "local",
 "test-run-id": "290dc180-9b33-4d31-bab9-f196def6b05b",
 "test-run-timestamp": "20251009T190429Z",
 "pipeline": "benchmark-only",
 "user-tags": {},
 "workload": "nyc_taxis",
 "cluster-config-instance": [
  "external"
 ],
 "cluster": {
  "revision": "8ff7c6ee924a49f0f59f80a6e1c73073c8904214",
  "distribution-version": "3.1.0",
  "distribution-flavor": "oss",
  "cluster-config-revision": null
 },
 "results": {
  "op_metrics": [
   {
    "task": "index",
    "operation": "index",
    "throughput": {
     "min": 554483.5241268001,
     "mean": 565037.2610946487,
     "median": 565867.4414728759,
     "max": 572359.8749903046,
     "unit": "docs/s"
    },
    "latency": {
     "50_0": 917.201789499984,
     "90_0": 2056.3210748000643,
     "99_0": 3032.737537840033,
     "99_9": 3690.9112454740043,
     "100_0": 4100.062431999959,
     "mean": 1090.0455625430577,
     "unit": "ms"
    },
    "service_time": {
     "50_0": 917.201789499984,
     "90_0": 2056.3210748000643,
     "99_0": 3032.737537840033,
     "99_9": 3690.9112454740043,
     "100_0": 4100.062431999959,
     "mean": 1090.0455625430577,
     "unit": "ms"
    },
    "client_processing_time": {
     "50_0": 1.344331500035878,
     "90_0": 1.4313957999888771,
     "99_0": 32.5686108999322,
     "99_9": 49.75401348500753,
     "100_0": 72.56386100016243,
     "mean": 1.6377906614717805,
     "unit": "ms"
    },
    "processing_time": {
     "50_0": 920.9306535000223,
     "90_0": 2059.4591185000695,
     "99_0": 3035.6932644800377,
     "99_9": 3693.9252514290374,
     "100_0": 4103.08670400002,
     "mean": 1095.0504602037863,
     "unit": "ms"
    },
    "error_rate": 0.0,
    "duration": 296203.6805890001
   }
  ],
  "correctness_metrics": [
   {
    "task": "index",
    "operation": "index",
    "recall@k": {},
    "recall@1": {},
    "error_rate": 0.0,
    "duration": 296203.6805890001
   }
  ],
  "profile_metrics": [],
  "total_time": 38956803,
  "total_time_per_shard": {
   "min": 12,
   "median": 1620382,
   "max": 1710003,
   "unit": "ms"
  },
  "indexing_throttle_time": 0,
  "indexing_throttle_time_per_shard": {
   "min": 0,
   "median": 0,
   "max": 0,
   "unit": "ms"
  },
  "merge_time": 6967426,
  "merge_time_per_shard": {
   "min": 0,
   "median": 262408,
   "max": 383765,
   "unit": "ms"
  },
  "merge_count": 656,
  "refresh_time": 844422,
  "refresh_time_per_shard": {
   "min": 151,
   "median": 31697,
   "max": 64405,
   "unit": "ms"
  },
  "refresh_count": 366,
  "flush_time": 480217,
  "flush_time_per_shard": {
   "min": 0,
   "median": 17819,
   "max": 33565,
   "unit": "ms"
  },
  "flush_count": 72,
  "merge_throttle_time": 733399,
  "merge_throttle_time_per_shard": {
   "min": 0,
   "median": 24932,
   "max": 76059,
   "unit": "ms"
  },
  "ml_processing_time": [],
  "young_gc_time": 39245,
  "young_gc_count": 782,
  "old_gc_time": 0,
  "old_gc_count": 0,
  "memory_segments": 0,
  "memory_doc_values": 0,
  "memory_terms": 0,
  "memory_norms": 0,
  "memory_points": 0,
  "memory_stored_fields": 0,
  "store_size": 82216839968,
  "translog_size": 20442549237,
  "segment_count": 1068,
  "total_transform_search_times": [],
  "total_transform_index_times": [],
  "total_transform_processing_times": [],
  "total_transform_throughput": []
 },
 "workload-revision": "efdc1fe",
 "test_procedure": "append-no-conflicts",
 "workload-params": {
  "bulk_indexing_clients": 60,
  "bulk_size": 10000
 }
}