{
  "test_run_id": "290dc180-9b33-4d31-bab9-f196def6b05b",
  "throughput": {
    "min": 554483.5241268001,
    "mean": 565037.2610946487,
    "median": 565867.4414728759,
    "max": 572359.8749903046,
    "unit": "docs/s"
  },
  "latency": {
    "50_0": 917.201789499984,
    "90_0": 2056.3210748000643,
    "99_0": 3032.737537840033,
    "99_9": 3690.9112454740043,
    "100_0": 4100.062431999959,
    "mean": 1090.0455625430577,
    "unit": "ms"
  },
  "service_time": {
    "50_0": 917.201789499984,
    "90_0": 2056.3210748000643,
    "99_0": 3032.737537840033,
    "99_9": 3690.9112454740043,
    "100_0": 4100.062431999959,
    "mean": 1090.0455625430577,
    "unit": "ms"
  },
  "error_rate": 0.0
}
