{
  "test_run_id": "4d52a9b2-e492-40d3-b416-4a3f2d5e0d45",
  "throughput": {
    "min": 559817.8201038064,
    "mean": 564659.7943854142,
    "median": 564477.8673526207,
    "max": 572001.0854547169,
    "unit": "docs/s"
  },
  "latency": {
    "50_0": 873.5009060001175,
    "90_0": 1942.7036716000205,
    "99_0": 2792.0138138799316,
    "99_9": 3444.7781339360536,
    "100_0": 3849.1383479999968,
    "mean": 1063.7760392607925,
    "unit": "ms"
  },
  "service_time": {
    "50_0": 873.5009060001175,
    "90_0": 1942.7036716000205,
    "99_0": 2792.0138138799316,
    "99_9": 3444.7781339360536,
    "100_0": 3849.1383479999968,
    "mean": 1063.7760392607925,
    "unit": "ms"
  },
  "error_rate": 0.0
}
