{
  "test_run_id": "9cfaa600-a1b8-4d35-a2f7-31a9bdf2b560",
  "throughput": {
    "min": 558348.3463016985,
    "mean": 566414.1768671862,
    "median": 566968.5404484568,
    "max": 570602.7507214561,
    "unit": "docs/s"
  },
  "latency": {
    "50_0": 874.6450009999762,
    "90_0": 2037.0273380001213,
    "99_0": 2605.177736390112,
    "99_9": 2999.214196954091,
    "100_0": 3194.273370000019,
    "mean": 1061.3352334630167,
    "unit": "ms"
  },
  "service_time": {
    "50_0": 874.6450009999762,
    "90_0": 2037.0273380001213,
    "99_0": 2605.177736390112,
    "99_9": 2999.214196954091,
    "100_0": 3194.273370000019,
    "mean": 1061.3352334630167,
    "unit": "ms"
  },
  "error_rate": 0.0
}
