{
 "benchmark-version": "2.0.0",
 "benchmark-revision": null,
 "environment": "local",
 "test-run-id": "13d5bff2-da03-474c-8ca8-9f1fa8532a84",
 "test-run-timestamp": "20251009T185847Z",
 "pipeline": "benchmark-only",
 "user-tags": {},
 "workload": "nyc_taxis",
 "cluster-config-instance": [
  "external"
 ],
 "cluster": {
  "revision": "8ff7c6ee924a49f0f59f80a6e1c73073c8904214",
  "distribution-version": "3.1.0",
  "distribution-flavor": "oss",
  "cluster-config-revision": null
 },
 "results": {
  "op_metrics": [
   {
    "task": "index",
    "operation": "index",
    "throughput": {
     "min": 535314.6078990044,
     "mean": 548151.449963803,
     "median": 548499.176047961,
     "max": 553087.3048690514,
     "unit": "docs/s"
    },
    "latency": {
     "50_0": 877.8585259999545,
     "90_0": 2063.5979481999584,
     "99_0": 3095.009027719969,
     "99_9": 3866.0272020240213,
     "100_0": 4053.444681999963,
     "mean": 1072.4348097754303,
     "unit": "ms"
    },
    "service_time": {
     "50_0": 877.8585259999545,
     "90_0": 2063.5979481999584,
     "99_0": 3095.009027719969,
     "99_9": 3866.0272020240213,
     "100_0": 4053.444681999963,
     "mean": 1072.4348097754303,
     "unit": "ms"
    },
    "client_processing_time": {
     "50_0": 1.3471670000626546,
     "90_0": 1.4257055999905788,
     "99_0": 29.713439560024653,
     "99_9": 61.34578749601755,
     "100_0": 78.34115999992264,
     "mean": 1.6462596629834088,
     "unit": "ms"
    },
    "processing_time": {
     "50_0": 880.8405600000242,
     "90_0": 2066.630169000018,
     "99_0": 3097.509489240045,
     "99_9": 3869.162677848044,
     "100_0": 4056.459421999989,
     "mean": 1077.0434177552795,
     "unit": "ms"
    },
    "error_rate": 0.0,
    "duration": 305505.08850099996
   }
  ],
  "correctness_metrics": [
   {
    "task": "index",
    "operation": "index",
    "recall@k": {},
    "recall@1": {},
    "error_rate": 0.0,
    "duration": 305505.08850099996
   }
  ],
  "profile_metrics": [],
  "total_time": 39778310,
  "total_time_per_shard": {
   "min": 12,
   "median": 1649769.5,
   "max": 1764259,
   "unit": "ms"
  },
  "indexing_throttle_time": 0,
  "indexing_throttle_time_per_shard": {
   "min": 0,
   "median": 0.0,
   "max": 0,
   "unit": "ms"
  },
  "merge_time": 6605483,
  "merge_time_per_shard": {
   "min": 0,
   "median": 261721.0,
   "max": 396570,
   "unit": "ms"
  },
  "merge_count": 689,
  "refresh_time": 872719,
  "refresh_time_per_shard": {
   "min": 10,
   "median": 32318.0,
   "max": 59340,
   "unit": "ms"
  },
  "refresh_count": 421,
  "flush_time": 469453,
  "flush_time_per_shard": {
   "min": 0,
   "median": 17702.0,
   "max": 30734,
   "unit": "ms"
  },
  "flush_count": 73,
  "merge_throttle_time": 694693,
  "merge_throttle_time_per_shard": {
   "min": 0,
   "median": 28514.5,
   "max": 40871,
   "unit": "ms"
  },
  "ml_processing_time": [],
  "young_gc_time": 46766,
  "young_gc_count": 926,
  "old_gc_time": 0,
  "old_gc_count": 0,
  "memory_segments": 0,
  "memory_doc_values": 0,
  "memory_terms": 0,
  "memory_norms": 0,
  "memory_points": 0,
  "memory_stored_fields": 0,
  "store_size": 83136751047,
  "translog_size": 20136724813,
  "segment_count": 968,
  "total_transform_search_times": [],
  "total_transform_index_times": [],
  "total_transform_processing_times": [],
  "total_transform_throughput": []
 },
 "workload-revision": "efdc1fe",
 "test_procedure": "append-no-conflicts",
 "workload-params": {
  "bulk_indexing_clients": 60,
  "bulk_size": 10000
 }
}