{
 "benchmark-version": "2.0.0",
 "benchmark-revision": null,
 "environment": "local",
 "test-run-id": "9e4f202d-b95e-4419-bc29-3e6b2243aa86",
 "test-run-timestamp": "20251016T021833Z",
 "pipeline": "benchmark-only",
 "user-tags": {},
 "workload": "nyc_taxis_clean",
 "cluster-config-instance": [
  "external"
 ],
 "cluster": {
  "revision": "8ff7c6ee924a49f0f59f80a6e1c73073c8904214",
  "distribution-version": "3.1.0",
  "distribution-flavor": "oss",
  "cluster-config-revision": null
 },
 "results": {
  "op_metrics": [
   {
    "task": "index",
    "operation": "index",
    "throughput": {
     "min": 1520270.5063633826,
     "mean": 1699988.5010878968,
     "median": 1638962.6452724405,
     "max": 1971815.890391814,
     "unit": "docs/s"
    },
    "latency": {
     "50_0": 305.57247099932283,
     "90_0": 518.0122370002209,
     "99_0": 1540.4771268000256,
     "99_9": 2850.5594418007977,
     "99_99": 3100.930531290993,
     "100_0": 3186.8028359986056,
     "mean": 347.5576948976293,
     "unit": "ms"
    },
    "service_time": {
     "50_0": 305.57247099932283,
     "90_0": 518.0122370002209,
     "99_0": 1540.4771268000256,
     "99_9": 2850.5594418007977,
     "99_99": 3100.930531290993,
     "100_0": 3186.8028359986056,
     "mean": 347.5576948976293,
     "unit": "ms"
    },
    "client_processing_time": {
     "50_0": 1.2869709989900002,
     "90_0": 1.423877001798246,
     "99_0": 6.021153600522641,
     "99_9": 40.86560352021492,
     "99_99": 70.1957232998242,
     "100_0": 78.75540200075193,
     "mean": 1.1907983249779537,
     "unit": "ms"
    },
    "processing_time": {
     "50_0": 317.2180780002236,
     "90_0": 538.9298430000053,
     "99_0": 1543.0047912002842,
     "99_9": 2854.8705417595975,
     "99_99": 3103.856673460279,
     "100_0": 3191.1246859999665,
     "mean": 359.37919340722476,
     "unit": "ms"
    },
    "error_rate": 6.4263222157959e-05,
    "duration": 106056.03768400033
   },
   {
    "task": "match-all",
    "operation": "match-all",
    "throughput": {
     "min": 3.0269099276291866,
     "mean": 3.068693118251505,
     "median": 3.048510524602397,
     "max": 3.2416100244467527,
     "unit": "ops/s"
    },
    "latency": {
     "50_0": 6.208632666130143,
     "90_0": 7.643157901657106,
     "99_0": 10.68641294565169,
     "100_0": 12.002645666143508,
     "mean": 6.492515686950355,
     "unit": "ms"
    },
    "service_time": {
     "50_0": 5.235309000454436,
     "90_0": 6.599675600045885,
     "99_0": 9.66724456984594,
     "100_0": 10.845401000551647,
     "mean": 5.55027087988492,
     "unit": "ms"
    },
    "client_processing_time": {
     "50_0": 0.07457550054823514,
     "90_0": 0.10949289917334683,
     "99_0": 0.1495897006134328,
     "100_0": 0.15015400094853248,
     "mean": 0.08060295009272522,
     "unit": "ms"
    },
    "processing_time": {
     "50_0": 5.435381500319636,
     "90_0": 6.837139500203194,
     "99_0": 9.820665159531934,
     "100_0": 11.029372000848525,
     "mean": 5.751461019990529,
     "unit": "ms"
    },
    "error_rate": 0.0,
    "duration": 36336.066983998535
   },
   {
    "task": "range",
    "operation": "range",
    "throughput": {
     "min": 0.7063023207507915,
     "mean": 0.7167850982684756,
     "median": 0.7115470726375301,
     "max": 0.7685777852074576,
     "unit": "ops/s"
    },
    "latency": {
     "50_0": 7.079459000124189,
     "90_0": 8.228689556017343,
     "99_0": 9.722344379606525,
     "100_0": 12.400770428939722,
     "mean": 7.242196939641872,
     "unit": "ms"
    },
    "service_time": {
     "50_0": 5.732227500629961,
     "90_0": 6.420471899946278,
     "99_0": 8.11200991127409,
     "100_0": 11.52225400073803,
     "mean": 5.896452990091348,
     "unit": "ms"
    },
    "client_processing_time": {
     "50_0": 0.11638449905149173,
     "90_0": 0.1544062013635994,
     "99_0": 0.15922025968393433,
     "100_0": 0.1679580000200076,
     "mean": 0.12139955986640416,
     "unit": "ms"
    },
    "processing_time": {
     "50_0": 6.028302499544225,
     "90_0": 6.703774001289276,
     "99_0": 8.405333779555821,
     "100_0": 11.805269001342822,
     "mean": 6.176460169972415,
     "unit": "ms"
    },
    "error_rate": 0.0,
    "duration": 155717.2937590003
   },
   {
    "task": "distance_amount_agg",
    "operation": "distance_amount_agg",
    "throughput": {
     "min": 1.990625815969683,
     "mean": 1.996098473701289,
     "median": 1.9968483916414734,
     "max": 1.998041514997667,
     "unit": "ops/s"
    },
    "latency": {
     "50_0": 450.559448499007,
     "90_0": 452.3961991984834,
     "100_0": 457.0198969995545,
     "mean": 450.5864157991891,
     "unit": "ms"
    },
    "service_time": {
     "50_0": 449.58825550020265,
     "90_0": 451.6937936989052,
     "100_0": 455.9416800002509,
     "mean": 449.73030477995053,
     "unit": "ms"
    },
    "client_processing_time": {
     "50_0": 0.10837349964276655,
     "90_0": 0.13433150088530965,
     "100_0": 0.14670500058855396,
     "mean": 0.11298920016997727,
     "unit": "ms"
    },
    "processing_time": {
     "50_0": 449.87297499937995,
     "90_0": 451.9973370994194,
     "100_0": 456.2906800001656,
     "mean": 450.0125100999867,
     "unit": "ms"
    },
    "error_rate": 0.0,
    "duration": 29502.918337000665
   },
   {
    "task": "autohisto_agg",
    "operation": "autohisto_agg",
    "throughput": {
     "min": 1.5131294828961732,
     "mean": 1.534143990869701,
     "median": 1.5238155036158876,
     "max": 1.628440169433765,
     "unit": "ops/s"
    },
    "latency": {
     "50_0": 7.177895999120665,
     "90_0": 8.286921299441019,
     "99_0": 9.945968295887727,
     "100_0": 10.65807166560262,
     "mean": 7.320252382924082,
     "unit": "ms"
    },
    "service_time": {
     "50_0": 5.500844500602398,
     "90_0": 6.598830000075395,
     "99_0": 8.352598998408215,
     "100_0": 9.194494999974268,
     "mean": 5.767495620020782,
     "unit": "ms"
    },
    "client_processing_time": {
     "50_0": 0.08283450006274506,
     "90_0": 0.11750989979191218,
     "99_0": 0.14182521010297944,
     "100_0": 0.160755000251811,
     "mean": 0.08860752992404741,
     "unit": "ms"
    },
    "processing_time": {
     "50_0": 5.660624500706035,
     "90_0": 6.794942500164325,
     "99_0": 8.56296143983855,
     "100_0": 9.414504000233137,
     "mean": 5.93787448009607,
     "unit": "ms"
    },
    "error_rate": 0.0,
    "duration": 72669.5515249994
   },
   {
    "task": "date_histogram_agg",
    "operation": "date_histogram_agg",
    "throughput": {
     "min": 1.5137113326240397,
     "mean": 1.5356702818175052,
     "median": 1.524873654872191,
     "max": 1.6343866550350725,
     "unit": "ops/s"
    },
    "latency": {
     "50_0": 6.557436332514044,
     "90_0": 7.0110875658428995,
     "99_0": 7.977229746938974,
     "100_0": 8.039079664740711,
     "mean": 6.53213308287377,
     "unit": "ms"
    },
    "service_time": {
     "50_0": 5.2247415005695075,
     "90_0": 5.630000400560675,
     "99_0": 6.586364889917607,
     "100_0": 7.073235999996541,
     "mean": 5.292692350067227,
     "unit": "ms"
    },
    "client_processing_time": {
     "50_0": 0.1128624990087701,
     "90_0": 0.13346149953576972,
     "99_0": 0.15748872972835673,
     "100_0": 0.1614219982002396,
     "mean": 0.11286013987046317,
     "unit": "ms"
    },
    "processing_time": {
     "50_0": 5.4329780004991335,
     "90_0": 5.855197699020209,
     "99_0": 6.857386999381563,
     "100_0": 7.3041739997279365,
     "mean": 5.513565849869337,
     "unit": "ms"
    },
    "error_rate": 0.0,
    "duration": 72669.27162399952
   },
   {
    "task": "desc_sort_tip_amount",
    "operation": "desc_sort_tip_amount",
    "throughput": {
     "min": 0.5045394129013551,
     "mean": 0.5120885993587463,
     "median": 0.5083153436875004,
     "max": 0.5494274134238203,
     "unit": "ops/s"
    },
    "latency": {
     "50_0": 8.441992000371101,
     "90_0": 8.848117700472358,
     "99_0": 9.330448930977582,