{
 "benchmark-version": "2.0.0",
 "benchmark-revision": null,
 "environment": "local",
 "test-run-id": "10391492-dc5d-4513-9fe7-146b7e1e57e7",
 "test-run-timestamp": "20251016T015940Z",
 "pipeline": "benchmark-only",
 "user-tags": {},
 "workload": "nyc_taxis_clean",
 "cluster-config-instance": [
  "external"
 ],
 "cluster": {
  "revision": "8ff7c6ee924a49f0f59f80a6e1c73073c8904214",
  "distribution-version": "3.1.0",
  "distribution-flavor": "oss",
  "cluster-config-revision": null
 },
 "results": {
  "op_metrics": [
   {
    "task": "index",
    "operation": "index",
    "throughput": {
     "min": 890182.4091351142,
     "mean": 1398719.771126983,
     "median": 1416796.4851527128,
     "max": 1557925.1249513894,
     "unit": "docs/s"
    },
    "latency": {
     "50_0": 310.17134149988124,
     "90_0": 506.1992709997867,
     "99_0": 1869.8608544488845,
     "99_9": 5049.123035204766,
     "99_99": 5177.525348048785,
     "100_0": 5217.850893999639,
     "mean": 362.5280079398408,
     "unit": "ms"
    },
    "service_time": {
     "50_0": 310.17134149988124,
     "90_0": 506.1992709997867,
     "99_0": 1869.8608544488845,
     "99_9": 5049.123035204766,
     "99_99": 5177.525348048785,
     "100_0": 5217.850893999639,
     "mean": 362.5280079398408,
     "unit": "ms"
    },
    "client_processing_time": {
     "50_0": 1.2875865004389198,
     "90_0": 1.4227244992071064,
     "99_0": 6.342568498439512,
     "99_9": 40.20367170925063,
     "99_99": 48.09131095439306,
     "100_0": 76.0252620002575,
     "mean": 1.1435437920709137,
     "unit": "ms"
    },
    "processing_time": {
     "50_0": 323.27112700022553,
     "90_0": 525.9831539997322,
     "99_0": 1874.7062686000543,
     "99_9": 5053.819219293869,
     "99_99": 5180.550375492908,
     "100_0": 5221.047147999343,
     "mean": 376.12721381601204,
     "unit": "ms"
    },
    "error_rate": 6.247657128576784e-05,
    "duration": 116583.23448800002
   },
   {
    "task": "match-all",
    "operation": "match-all",
    "throughput": {
     "min": 3.001954655835078,
     "mean": 3.0048458722394984,
     "median": 3.0035516219222926,
     "max": 3.01630390978629,
     "unit": "ops/s"
    },
    "latency": {
     "50_0": 7.143709000047238,
     "90_0": 8.43639156773861,
     "99_0": 28.40723399744093,
     "100_0": 28.980344666706515,
     "mean": 8.14641807701264,
     "unit": "ms"
    },
    "service_time": {
     "50_0": 6.249957499676384,
     "90_0": 7.653010099056701,
     "99_0": 27.055413830839832,
     "100_0": 28.300420999585185,
     "mean": 7.263385760070378,
     "unit": "ms"
    },
    "client_processing_time": {
     "50_0": 0.07135099895094754,
     "90_0": 0.10536700028751511,
     "99_0": 0.1174125591205666,
     "100_0": 0.11984399861830752,
     "mean": 0.07648536993656307,
     "unit": "ms"
    },
    "processing_time": {
     "50_0": 6.415201499294199,
     "90_0": 7.842967999749817,
     "99_0": 27.282633779723263,
     "100_0": 28.53030900041631,
     "mean": 7.453544640029577,
     "unit": "ms"
    },
    "error_rate": 0.0,
    "duration": 36335.945278999134
   },
   {
    "task": "range",
    "operation": "range",
    "throughput": {
     "min": 0.7062676433180676,
     "mean": 0.7166827327354214,
     "median": 0.7114836834461965,
     "max": 0.7681060032654542,
     "unit": "ops/s"
    },
    "latency": {
     "50_0": 8.256652641648543,
     "90_0": 9.85286660052225,
     "99_0": 11.673046814412402,
     "100_0": 17.045517857695813,
     "mean": 8.559531860209972,
     "unit": "ms"
    },
    "service_time": {
     "50_0": 7.027855999695021,
     "90_0": 7.923634400140145,
     "99_0": 10.575358930273088,
     "100_0": 14.480704001471167,
     "mean": 7.291957260022173,
     "unit": "ms"
    },
    "client_processing_time": {
     "50_0": 0.1417104995198315,
     "90_0": 0.16146260168170556,
     "99_0": 0.20180671968773822,
     "100_0": 0.20365999989735428,
     "mean": 0.13682745990081457,
     "unit": "ms"
    },
    "processing_time": {
     "50_0": 7.329213000048185,
     "90_0": 8.228949400836427,
     "99_0": 10.88216654921782,
     "100_0": 14.794700999118504,
     "mean": 7.600147820048733,
     "unit": "ms"
    },
    "error_rate": 0.0,
    "duration": 155716.66095200088
   },
   {
    "task": "distance_amount_agg",
    "operation": "distance_amount_agg",
    "throughput": {
     "min": 1.957834077030488,
     "mean": 1.9825671429328424,
     "median": 1.9857679584795946,
     "max": 1.991442088508912,
     "unit": "ops/s"
    },
    "latency": {
     "50_0": 461.743394500445,
     "90_0": 468.01735860062763,
     "100_0": 477.8678980001132,
     "mean": 462.9079272002127,
     "unit": "ms"
    },
    "service_time": {
     "50_0": 461.2844839994068,
     "90_0": 467.20396429955144,
     "100_0": 477.3778790004144,
     "mean": 462.18834309998783,
     "unit": "ms"
    },
    "client_processing_time": {
     "50_0": 0.08066549980867421,
     "90_0": 0.10487920008017682,
     "100_0": 0.11730799815268256,
     "mean": 0.08444682003755588,
     "unit": "ms"
    },
    "processing_time": {
     "50_0": 461.50819399917964,
     "90_0": 467.4782428995968,
     "100_0": 477.5980520007579,
     "mean": 462.4202688199148,
     "unit": "ms"
    },
    "error_rate": 0.0,
    "duration": 29502.178454000386
   },
   {
    "task": "autohisto_agg",
    "operation": "autohisto_agg",
    "throughput": {
     "min": 1.512763570506386,
     "mean": 1.53311507876585,
     "median": 1.5231298810981662,
     "max": 1.6244082504843937,
     "unit": "ops/s"
    },
    "latency": {
     "50_0": 7.640535834070761,
     "90_0": 9.274266965803692,
     "99_0": 11.41846892000104,
     "100_0": 12.71592200100713,
     "mean": 7.948157273622201,
     "unit": "ms"
    },
    "service_time": {
     "50_0": 6.419894500140799,
     "90_0": 7.733990000087943,
     "99_0": 10.440627700882036,
     "100_0": 11.170723000759608,
     "mean": 6.842906930050958,
     "unit": "ms"
    },
    "client_processing_time": {
     "50_0": 0.07661550080229063,
     "90_0": 0.09662940065027216,
     "99_0": 0.12156922020949443,
     "100_0": 0.15822100067452993,
     "mean": 0.07983229997989838,
     "unit": "ms"
    },
    "processing_time": {
     "50_0": 6.583521999345976,
     "90_0": 7.896981700105245,
     "99_0": 10.651477289302424,
     "100_0": 11.359851001543575,
     "mean": 6.994883389943425,
     "unit": "ms"
    },
    "error_rate": 0.0,
    "duration": 72668.79738500029
   },
   {
    "task": "date_histogram_agg",
    "operation": "date_histogram_agg",
    "throughput": {
     "min": 1.513568046826397,
     "mean": 1.5352733476087324,
     "median": 1.5246137033644491,
     "max": 1.6328910656596345,
     "unit": "ops/s"
    },
    "latency": {
     "50_0": 7.069278833114367,
     "90_0": 7.752454133515131,
     "99_0": 9.516723903543607,
     "100_0": 9.649176334278309,
     "mean": 7.105403293389827,
     "unit": "ms"
    },
    "service_time": {
     "50_0": 5.788348000351107,
     "90_0": 6.362714500755829,
     "99_0": 7.730040789974738,
     "100_0": 7.880302000558004,
     "mean": 5.937237430043751,
     "unit": "ms"
    },
    "client_processing_time": {
     "50_0": 0.08192849963961635,
     "90_0": 0.10796500064316207,
     "99_0": 0.17304413016972833,
     "100_0": 0.1798880002752412,
     "mean": 0.08742461004658253,
     "unit": "ms"
    },
    "processing_time": {
     "50_0": 5.939861501246924,
     "90_0": 6.579705899275723,
     "99_0": 7.9270676696978635,
     "100_0": 8.083157999863033,
     "mean": 6.114037240004109,
     "unit": "ms"
    },
    "error_rate": 0.0,
    "duration": 72669.4978200012
   },
   {
    "task": "desc_sort_tip_amount",
    "operation": "desc_sort_tip_amount",
    "throughput": {
     "min": 0.5044723556786719,
     "mean": 0.5119089429610675,
     "median": 0.508193691084825,
     "max": 0.5486481851643673,
     "unit": "ops/s"
    },
    "latency": {
     "50_0": 8.66140400103177,
     "90_0": 9.264601900395064,
     "99_0": 16.31724283121003,