{
 "benchmark-version": "2.0.0",
 "benchmark-revision": null,
 "environment": "local",
 "test-run-id": "148192af-78c1-406b-801f-3e9d2e0ec38d",
 "test-run-timestamp": "20251016T023722Z",
 "pipeline": "benchmark-only",
 "user-tags": {},
 "workload": "nyc_taxis_clean",
 "cluster-config-instance": [
  "external"
 ],
 "cluster": {
  "revision": "8ff7c6ee924a49f0f59f80a6e1c73073c8904214",
  "distribution-version": "3.1.0",
  "distribution-flavor": "oss",
  "cluster-config-revision": null
 },
 "results": {
  "op_metrics": [
   {
    "task": "index",
    "operation": "index",
    "throughput": {
     "min": 1516543.0104645495,
     "mean": 1727845.1951769923,
     "median": 1687453.30066317,
     "max": 2034625.128730405,
     "unit": "docs/s"
    },
    "latency": {
     "50_0": 307.4651235001511,
     "90_0": 503.94000010146556,
     "99_0": 1604.56304526857,
     "99_9": 3048.430920680387,
     "99_99": 3297.7637344780023,
     "100_0": 3461.87692499916,
     "mean": 347.8119724499652,
     "unit": "ms"
    },
    "service_time": {
     "50_0": 307.4651235001511,
     "90_0": 503.94000010146556,
     "99_0": 1604.56304526857,
     "99_9": 3048.430920680387,
     "99_99": 3297.7637344780023,
     "100_0": 3461.87692499916,
     "mean": 347.8119724499652,
     "unit": "ms"
    },
    "client_processing_time": {
     "50_0": 1.2819410003430676,
     "90_0": 1.4222176003386267,
     "99_0": 5.747899681155139,
     "99_9": 39.70914108422922,
     "99_99": 73.2180416664236,
     "100_0": 76.42678299998806,
     "mean": 1.138906234753307,
     "unit": "ms"
    },
    "processing_time": {
     "50_0": 321.00983149939566,
     "90_0": 528.5029444014071,
     "99_0": 1607.5626591503915,
     "99_9": 3053.266995761137,
     "99_99": 3301.657593758898,
     "100_0": 3469.972549999511,
     "mean": 361.6615919307281,
     "unit": "ms"
    },
    "error_rate": 6.45577792123951e-05,
    "duration": 108777.80632000031
   },
   {
    "task": "match-all",
    "operation": "match-all",
    "throughput": {
     "min": 3.026647176958659,
     "mean": 3.0680479381862065,
     "median": 3.0479552420472924,
     "max": 3.2390731677962683,
     "unit": "ops/s"
    },
    "latency": {
     "50_0": 5.5928171668711,
     "90_0": 7.338072698621545,
     "99_0": 8.835249380244933,
     "100_0": 9.057310999196488,
     "mean": 5.875457776310213,
     "unit": "ms"
    },
    "service_time": {
     "50_0": 4.56321450019459,
     "90_0": 6.197056198834616,
     "99_0": 8.170805519948772,
     "100_0": 8.326187999045942,
     "mean": 4.938890649918903,
     "unit": "ms"
    },
    "client_processing_time": {
     "50_0": 0.06915700032550376,
     "90_0": 0.10234790079266533,
     "99_0": 0.1661354116549774,
     "100_0": 0.17142300021077972,
     "mean": 0.07603863008625922,
     "unit": "ms"
    },
    "processing_time": {
     "50_0": 4.758097499689029,
     "90_0": 6.388730599792326,
     "99_0": 8.434274750015902,
     "100_0": 8.514044000548893,
     "mean": 5.126777940058673,
     "unit": "ms"
    },
    "error_rate": 0.0,
    "duration": 36335.968175000744
   },
   {
    "task": "range",
    "operation": "range",
    "throughput": {
     "min": 0.7063055796725101,
     "mean": 0.7167912939267534,
     "median": 0.7115501243579673,
     "max": 0.7685871445583746,
     "unit": "ops/s"
    },
    "latency": {
     "50_0": 7.331850714763277,
     "90_0": 8.529602286034788,
     "99_0": 9.621832182492682,
     "100_0": 14.950666714867111,
     "mean": 7.468517410270579,
     "unit": "ms"
    },
    "service_time": {
     "50_0": 5.794054999569198,
     "90_0": 6.57281459953083,
     "99_0": 7.636169478846596,
     "100_0": 12.93519200044102,
     "mean": 5.958798600004229,
     "unit": "ms"
    },
    "client_processing_time": {
     "50_0": 0.11674149936879985,
     "90_0": 0.15134749810385983,
     "99_0": 0.18614317004903572,
     "100_0": 0.19041699852095917,
     "mean": 0.12344642009338713,
     "unit": "ms"
    },
    "processing_time": {
     "50_0": 6.06103149948467,
     "90_0": 6.824350500573929,
     "99_0": 7.9216816398912036,
     "100_0": 13.293484998939675,
     "mean": 6.242589359953854,
     "unit": "ms"
    },
    "error_rate": 0.0,
    "duration": 155717.2907029999
   },
   {
    "task": "distance_amount_agg",
    "operation": "distance_amount_agg",
    "throughput": {
     "min": 1.9902978824366806,
     "mean": 1.9960371076518397,
     "median": 1.9967584516457841,
     "max": 1.998094643130822,
     "unit": "ops/s"
    },
    "latency": {
     "50_0": 460.90318450114864,
     "90_0": 462.66475380070915,
     "100_0": 480.7462750013656,
     "mean": 461.42310478084255,
     "unit": "ms"
    },
    "service_time": {
     "50_0": 460.2533509987552,
     "90_0": 461.5554100006193,
     "100_0": 480.5785780008591,
     "mean": 460.66056368003046,
     "unit": "ms"
    },
    "client_processing_time": {
     "50_0": 0.08624750080343802,
     "90_0": 0.114826000026369,
     "100_0": 0.12568400052259676,
     "mean": 0.08968285976152401,
     "unit": "ms"
    },
    "processing_time": {
     "50_0": 460.5033195002761,
     "90_0": 461.83916440058965,
     "100_0": 480.804980999892,
     "mean": 460.9070121600962,
     "unit": "ms"
    },
    "error_rate": 0.0,
    "duration": 29501.544005999676
   },
   {
    "task": "autohisto_agg",
    "operation": "autohisto_agg",
    "throughput": {
     "min": 1.5131213248806537,
     "mean": 1.534107084887799,
     "median": 1.5238138881685694,
     "max": 1.6281682978547896,
     "unit": "ops/s"
    },
    "latency": {
     "50_0": 6.407541666703764,
     "90_0": 7.705060831904121,
     "99_0": 9.022329362323948,
     "100_0": 9.784302334082895,
     "mean": 6.591210102578771,
     "unit": "ms"
    },
    "service_time": {
     "50_0": 5.235997499767109,
     "90_0": 6.412305099729567,
     "99_0": 7.436737339830874,
     "100_0": 8.156402000167873,
     "mean": 5.468669659967418,
     "unit": "ms"
    },
    "client_processing_time": {
     "50_0": 0.07839850059099263,
     "90_0": 0.11613290153036364,
     "99_0": 0.17302791045949564,
     "100_0": 0.17697899784252513,
     "mean": 0.08620180004072608,
     "unit": "ms"
    },
    "processing_time": {
     "50_0": 5.3924589992675465,
     "90_0": 6.690652999895975,
     "99_0": 7.666318348983626,
     "100_0": 8.35271999858378,
     "mean": 5.631628769933741,
     "unit": "ms"
    },
    "error_rate": 0.0,
    "duration": 72668.44105400014
   },
   {
    "task": "date_histogram_agg",
    "operation": "date_histogram_agg",
    "throughput": {
     "min": 1.5137093429146105,
     "mean": 1.535700182500338,
     "median": 1.5248810103385015,
     "max": 1.6346849761844948,
     "unit": "ops/s"
    },
    "latency": {
     "50_0": 6.631469334024587,
     "90_0": 7.415715799652389,
     "99_0": 7.6289837999865995,
     "100_0": 7.714896000834415,
     "mean": 6.6307582236368035,
     "unit": "ms"
    },
    "service_time": {
     "50_0": 4.95893349943799,
     "90_0": 5.301518099258828,
     "99_0": 5.803027149231639,
     "100_0": 5.823733001307119,
     "mean": 5.016680910030118,
     "unit": "ms"
    },
    "client_processing_time": {
     "50_0": 0.08012549915292766,
     "90_0": 0.10690030048863264,
     "99_0": 0.1258133193005051,
     "100_0": 0.12713199976133183,
     "mean": 0.0845730699802516,
     "unit": "ms"
    },
    "processing_time": {
     "50_0": 5.134363500474137,
     "90_0": 5.4758012000093,
     "99_0": 5.98452604992417,
     "100_0": 6.057989001419628,
     "mean": 5.189243580061884,
     "unit": "ms"
    },
    "error_rate": 0.0,
    "duration": 72670.06084499917
   },
   {
    "task": "desc_sort_tip_amount",
    "operation": "desc_sort_tip_amount",
    "throughput": {
     "min": 0.5045392363433425,
     "mean": 0.5120894675768253,
     "median": 0.5083160353100087,
     "max": 0.5494339956263775,
     "unit": "ops/s"
    },
    "latency": {
     "50_0": 8.427380500506843,
     "90_0": 9.050824099904275,
     "99_0": 9.542771639771672,