{
 "benchmark-version": "2.0.0",
 "benchmark-revision": null,
 "environment": "local",
 "test-run-id": "c0cbbe90-3de4-46ac-8896-cace2d73a0b4",
 "test-run-timestamp": "20251016T025609Z",
 "pipeline": "benchmark-only",
 "user-tags": {},
 "workload": "nyc_taxis_clean",
 "cluster-config-instance": [
  "external"
 ],
 "cluster": {
  "revision": "8ff7c6ee924a49f0f59f80a6e1c73073c8904214",
  "distribution-version": "3.1.0",
  "distribution-flavor": "oss",
  "cluster-config-revision": null
 },
 "results": {
  "op_metrics": [
   {
    "task": "index",
    "operation": "index",
    "throughput": {
     "min": 1537214.163686736,
     "mean": 1752638.1755302637,
     "median": 1691260.2922582468,
     "max": 2070358.6527984906,
     "unit": "docs/s"
    },
    "latency": {
     "50_0": 310.65138049962115,
     "90_0": 490.83855620065157,
     "99_0": 1725.6338224396825,
     "99_9": 2863.4054106064978,
     "99_99": 2986.944001976625,
     "100_0": 2999.45913800002,
     "mean": 347.42093088505436,
     "unit": "ms"
    },
    "service_time": {
     "50_0": 310.65138049962115,
     "90_0": 490.83855620065157,
     "99_0": 1725.6338224396825,
     "99_9": 2863.4054106064978,
     "99_99": 2986.944001976625,
     "100_0": 2999.45913800002,
     "mean": 347.42093088505436,
     "unit": "ms"
    },
    "client_processing_time": {
     "50_0": 1.2870230011685635,
     "90_0": 1.4262534996305476,
     "99_0": 5.778122658775827,
     "99_9": 40.28397001985848,
     "99_99": 62.076171712770154,
     "100_0": 89.57910100070876,
     "mean": 1.1462916002333798,
     "unit": "ms"
    },
    "processing_time": {
     "50_0": 321.74855949961056,
     "90_0": 510.18972470083105,
     "99_0": 1728.4469646205036,
     "99_9": 2866.9773592506735,
     "99_99": 3003.51829063949,
     "100_0": 3016.01360299901,
     "mean": 359.5205082888777,
     "unit": "ms"
    },
    "error_rate": 6.454111268878275e-05,
    "duration": 106489.56330000146
   },
   {
    "task": "match-all",
    "operation": "match-all",
    "throughput": {
     "min": 3.0268760592480692,
     "mean": 3.0686945932836927,
     "median": 3.0484761267969014,
     "max": 3.241933434532609,
     "unit": "ops/s"
    },
    "latency": {
     "50_0": 5.5235179997907835,
     "90_0": 6.647095933658421,
     "99_0": 8.428534967188174,
     "100_0": 9.055960666955798,
     "mean": 5.591418116673594,
     "unit": "ms"
    },
    "service_time": {
     "50_0": 4.54310799977975,
     "90_0": 5.654608399891004,
     "99_0": 7.376155760975964,
     "100_0": 7.749659000182874,
     "mean": 4.677314219989057,
     "unit": "ms"
    },
    "client_processing_time": {
     "50_0": 0.07729399931122316,
     "90_0": 0.10450599911564495,
     "99_0": 0.11760171864807506,
     "100_0": 0.15103600162547082,
     "mean": 0.0813994000236562,
     "unit": "ms"
    },
    "processing_time": {
     "50_0": 4.727927999738313,
     "90_0": 5.878487500376651,
     "99_0": 7.607534550588754,
     "100_0": 7.989432000613306,
     "mean": 4.872631629950774,
     "unit": "ms"
    },
    "error_rate": 0.0,
    "duration": 36335.06422999926
   },
   {
    "task": "range",
    "operation": "range",
    "throughput": {
     "min": 0.7063262713913959,
     "mean": 0.7168483594158053,
     "median": 0.7115938374053339,
     "max": 0.7688548339506246,
     "unit": "ops/s"
    },
    "latency": {
     "50_0": 6.70200635704532,
     "90_0": 7.897330814012094,
     "99_0": 10.905049926113888,
     "100_0": 16.106502571346937,
     "mean": 6.956531020059629,
     "unit": "ms"
    },
    "service_time": {
     "50_0": 5.293400500704593,
     "90_0": 5.9334484007195,
     "99_0": 9.519151819349673,
     "100_0": 15.098675001354422,
     "mean": 5.524635140063765,
     "unit": "ms"
    },
    "client_processing_time": {
     "50_0": 0.14842850032437127,
     "90_0": 0.16132729851960903,
     "99_0": 0.1791081595729338,
     "100_0": 0.18031200124823954,
     "mean": 0.14578750997316092,
     "unit": "ms"
    },
    "processing_time": {
     "50_0": 5.6190495006376295,
     "90_0": 6.249793699498697,
     "99_0": 9.861418531054397,
     "100_0": 15.387354000267806,
     "mean": 5.849196369981655,
     "unit": "ms"
    },
    "error_rate": 0.0,
    "duration": 155717.1150390004
   },
   {
    "task": "distance_amount_agg",
    "operation": "distance_amount_agg",
    "throughput": {
     "min": 2.0040831593333177,
     "mean": 2.0086053429447777,
     "median": 2.006905748980659,
     "max": 2.022112507805786,
     "unit": "ops/s"
    },
    "latency": {
     "50_0": 416.88126450026175,
     "90_0": 418.96063440035505,
     "100_0": 422.4318319993472,
     "mean": 416.76421913969534,
     "unit": "ms"
    },
    "service_time": {
     "50_0": 416.09919800157513,
     "90_0": 418.2449631995041,
     "100_0": 421.8262269987463,
     "mean": 415.9636064600272,
     "unit": "ms"
    },
    "client_processing_time": {
     "50_0": 0.11060999986511888,
     "90_0": 0.13231239772721892,
     "100_0": 0.16583599972364027,
     "mean": 0.10775606002425775,
     "unit": "ms"
    },
    "processing_time": {
     "50_0": 416.38862199943105,
     "90_0": 418.5417522992793,
     "100_0": 422.080755000934,
     "mean": 416.2383479399068,
     "unit": "ms"
    },
    "error_rate": 0.0,
    "duration": 29501.755889999913
   },
   {
    "task": "autohisto_agg",
    "operation": "autohisto_agg",
    "throughput": {
     "min": 1.5132418360807787,
     "mean": 1.534442345794469,
     "median": 1.5240321399365704,
     "max": 1.6296819970588976,
     "unit": "ops/s"
    },
    "latency": {
     "50_0": 6.476052332800464,
     "90_0": 7.3034176655710334,
     "99_0": 9.325458922648991,
     "100_0": 12.10599833393644,
     "mean": 6.560799323469837,
     "unit": "ms"
    },
    "service_time": {
     "50_0": 4.959648001204187,
     "90_0": 5.731340600141266,
     "99_0": 8.296236729856915,
     "100_0": 10.953765999147436,
     "mean": 5.15339389012297,
     "unit": "ms"
    },
    "client_processing_time": {
     "50_0": 0.0869169998622965,
     "90_0": 0.14113830129645066,
     "99_0": 0.16706983911717546,
     "100_0": 0.17299399769399315,
     "mean": 0.09742283984451205,
     "unit": "ms"
    },
    "processing_time": {
     "50_0": 5.122335500345798,
     "90_0": 5.904892899707193,
     "99_0": 8.521925830282285,
     "100_0": 11.130360999231925,
     "mean": 5.335269189945393,
     "unit": "ms"
    },
    "error_rate": 0.0,
    "duration": 72668.90298399994
   },
   {
    "task": "date_histogram_agg",
    "operation": "date_histogram_agg",
    "throughput": {
     "min": 1.5137236368627678,
     "mean": 1.5356889926411288,
     "median": 1.524906839606872,
     "max": 1.6344802800549503,
     "unit": "ops/s"
    },
    "latency": {
     "50_0": 5.946057834989915,
     "90_0": 6.493479033088079,
     "99_0": 7.127933830724942,
     "100_0": 7.134847000997979,
     "mean": 5.898995233710593,
     "unit": "ms"
    },
    "service_time": {
     "50_0": 4.745430999719247,
     "90_0": 5.127161100426747,
     "99_0": 5.551359589881031,
     "100_0": 5.58824600011576,
     "mean": 4.793882400135772,
     "unit": "ms"
    },
    "client_processing_time": {
     "50_0": 0.0848319996293867,
     "90_0": 0.13960729793325302,
     "99_0": 0.18548612033555403,
     "100_0": 0.1911409999593161,
     "mean": 0.09473206993789063,
     "unit": "ms"
    },
    "processing_time": {
     "50_0": 4.9430930012022145,
     "90_0": 5.335660200216807,
     "99_0": 5.822085659638105,
     "100_0": 5.826407999848016,
     "mean": 4.979652550064202,
     "unit": "ms"
    },
    "error_rate": 0.0,
    "duration": 72669.2936849995
   },
   {
    "task": "desc_sort_tip_amount",
    "operation": "desc_sort_tip_amount",
    "throughput": {
     "min": 0.5045499762610552,
     "mean": 0.5121199094562647,
     "median": 0.5083344090691578,
     "max": 0.5495654633277464,
     "unit": "ops/s"
    },
    "latency": {
     "50_0": 7.300666499759245,
     "90_0": 7.827378299589327,
     "99_0": 8.252809299228858,