{
 "benchmark-version": "2.0.0",
 "benchmark-revision": null,
 "environment": "local",
 "test-run-id": "85e6ef91-9ed2-4578-8ae5-ed1bbf018c2e",
 "test-run-timestamp": "20251016T183051Z",
 "pipeline": "benchmark-only",
 "user-tags": {},
 "workload": "nyc_taxis_clean",
 "cluster-config-instance": [
  "external"
 ],
 "cluster": {
  "revision": "8ff7c6ee924a49f0f59f80a6e1c73073c8904214",
  "distribution-version": "3.1.0",
  "distribution-flavor": "oss",
  "cluster-config-revision": null
 },
 "results": {
  "op_metrics": [
   {
    "task": "index",
    "operation": "index",
    "throughput": {
     "min": 2179139.947760723,
     "mean": 2311818.0646164636,
     "median": 2279471.6805452346,
     "max": 2598728.587094905,
     "unit": "docs/s"
    },
    "latency": {
     "50_0": 182.48319200938568,
     "90_0": 291.62009600258904,
     "99_0": 1336.934121196682,
     "99_9": 3885.9701484272086,
     "99_99": 4038.9077863871926,
     "100_0": 4059.13400001009,
     "mean": 229.9014738282597,
     "unit": "ms"
    },
    "service_time": {
     "50_0": 182.48319200938568,
     "90_0": 291.62009600258904,
     "99_0": 1336.934121196682,
     "99_9": 3885.9701484272086,
     "99_99": 4038.9077863871926,
     "100_0": 4059.13400001009,
     "mean": 229.9014738282597,
     "unit": "ms"
    },
    "client_processing_time": {
     "50_0": 1.2764089915435761,
     "90_0": 1.468272999045439,
     "99_0": 5.49032658105716,
     "99_9": 35.38212055384215,
     "99_99": 60.19573394422473,
     "100_0": 84.24010300950613,
     "mean": 1.1387968177517043,
     "unit": "ms"
    },
    "processing_time": {
     "50_0": 191.47068999882322,
     "90_0": 314.63766880333424,
     "99_0": 1346.3048130195232,
     "99_9": 3902.8962166861497,
     "99_99": 4057.1729759983195,
     "100_0": 4062.396360997809,
     "mean": 240.36638306228812,
     "unit": "ms"
    },
    "error_rate": 6.521030322791e-05,
    "duration": 74405.1540770015
   },
   {
    "task": "match-all",
    "operation": "match-all",
    "throughput": {
     "min": 3.025864886187342,
     "mean": 3.0658865763659247,
     "median": 3.0464865892874307,
     "max": 3.2311192745447594,
     "unit": "ops/s"
    },
    "latency": {
     "50_0": 10.932310004136525,
     "90_0": 14.67250954010524,
     "99_0": 21.959693415992668,
     "100_0": 23.131629000999965,
     "mean": 11.741185690043494,
     "unit": "ms"
    },
    "service_time": {
     "50_0": 10.02651799353771,
     "90_0": 13.75129760854179,
     "99_0": 20.639993811782922,
     "100_0": 21.820945999934338,
     "mean": 10.77956700901268,
     "unit": "ms"
    },
    "client_processing_time": {
     "50_0": 0.049901005695573986,
     "90_0": 0.07329580403165892,
     "99_0": 0.08904360845917844,
     "100_0": 0.10514301538933069,
     "mean": 0.05313613044563681,
     "unit": "ms"
    },
    "processing_time": {
     "50_0": 10.166804502659943,
     "90_0": 13.896368886344135,
     "99_0": 20.814851283648757,
     "100_0": 21.98961300018709,
     "mean": 10.919101720646722,
     "unit": "ms"
    },
    "error_rate": 0.0,
    "duration": 36335.91904400964
   },
   {
    "task": "range",
    "operation": "range",
    "throughput": {
     "min": 0.7063000793134615,
     "mean": 0.7167772724811835,
     "median": 0.7115444441212577,
     "max": 0.7685486459247312,
     "unit": "ops/s"
    },
    "latency": {
     "50_0": 12.204800354084,
     "90_0": 15.496517023711933,
     "99_0": 31.604466519202237,
     "100_0": 57.16737844340969,
     "mean": 13.125519963214174,
     "unit": "ms"
    },
    "service_time": {
     "50_0": 10.739073994045611,
     "90_0": 13.782866798283067,
     "99_0": 29.960726158751775,
     "100_0": 55.75063900323585,
     "mean": 11.80511225000373,
     "unit": "ms"
    },
    "client_processing_time": {
     "50_0": 0.08983549196273088,
     "90_0": 0.1269072003196925,
     "99_0": 0.16015397341107018,
     "100_0": 0.1607449958100915,
     "mean": 0.09891926922136918,
     "unit": "ms"
    },
    "processing_time": {
     "50_0": 10.956582002108917,
     "90_0": 13.994374491448982,
     "99_0": 30.21339889150126,
     "100_0": 55.96180399879813,
     "mean": 12.036998950352427,
     "unit": "ms"
    },
    "error_rate": 0.0,
    "duration": 155717.12120198936
   },
   {
    "task": "distance_amount_agg",
    "operation": "distance_amount_agg",
    "throughput": {
     "min": 2.001930627759492,
     "mean": 2.003986439754572,
     "median": 2.003245215809362,
     "max": 2.010126759860764,
     "unit": "ops/s"
    },
    "latency": {
     "50_0": 373.7445359947742,
     "90_0": 412.2590403974755,
     "100_0": 429.6605859999545,
     "mean": 384.0822096160264,
     "unit": "ms"
    },
    "service_time": {
     "50_0": 372.446391491394,
     "90_0": 411.71746780746616,
     "100_0": 428.95426000177395,
     "mean": 383.171844118624,
     "unit": "ms"
    },
    "client_processing_time": {
     "50_0": 0.06691000453429297,
     "90_0": 0.09709600562928244,
     "100_0": 0.12015399988740683,
     "mean": 0.07343986188061535,
     "unit": "ms"
    },
    "processing_time": {
     "50_0": 372.6712209972902,
     "90_0": 411.89831299561774,
     "100_0": 429.13872298959177,
     "mean": 383.37118075956823,
     "unit": "ms"
    },
    "error_rate": 0.0,
    "duration": 29502.409503998933
   },
   {
    "task": "autohisto_agg",
    "operation": "autohisto_agg",
    "throughput": {
     "min": 1.512691808694517,
     "mean": 1.5330037609934115,
     "median": 1.523059728021962,
     "max": 1.6238541886694178,
     "unit": "ops/s"
    },
    "latency": {
     "50_0": 9.13519015739439,
     "90_0": 12.524250698334072,
     "99_0": 13.26898622501176,
     "100_0": 13.525518326787278,
     "mean": 9.601023949653609,
     "unit": "ms"
    },
    "service_time": {
     "50_0": 7.475769001757726,
     "90_0": 11.041272901638877,
     "99_0": 11.754338089231172,
     "100_0": 12.527933999081142,
     "mean": 8.23733460958465,
     "unit": "ms"
    },
    "client_processing_time": {
     "50_0": 0.0891994932317175,
     "90_0": 0.10487989493412897,
     "99_0": 0.14406557835172862,
     "100_0": 0.14412199379876256,
     "mean": 0.08913384008337744,
     "unit": "ms"
    },
    "processing_time": {
     "50_0": 7.6210359984543175,
     "90_0": 11.229025508509949,
     "99_0": 11.900584658869779,
     "100_0": 12.679681996814907,
     "mean": 8.40087684977334,
     "unit": "ms"
    },
    "error_rate": 0.0,
    "duration": 72669.45386699808
   },
   {
    "task": "date_histogram_agg",
    "operation": "date_histogram_agg",
    "throughput": {
     "min": 1.5136825650419632,
     "mean": 1.5355844546961037,
     "median": 1.5248181726968522,
     "max": 1.6340637204247155,
     "unit": "ops/s"
    },
    "latency": {
     "50_0": 8.665984329127241,
     "90_0": 11.66534250951372,
     "99_0": 13.682378254598008,
     "100_0": 13.881722668884322,
     "mean": 9.279183517210186,
     "unit": "ms"
    },
    "service_time": {
     "50_0": 7.752402001642622,
     "90_0": 10.82968660921324,
     "99_0": 12.570996476133587,
     "100_0": 12.72766299371142,
     "mean": 8.254183050303254,
     "unit": "ms"
    },
    "client_processing_time": {
     "50_0": 0.05830349255120382,
     "90_0": 0.08150589419528845,
     "99_0": 0.09936171118170023,
     "100_0": 0.10002699855249375,
     "mean": 0.06209224942722358,
     "unit": "ms"
    },
    "processing_time": {
     "50_0": 7.874765491578728,
     "90_0": 10.977898801502306,
     "99_0": 12.702289816370467,
     "100_0": 12.84205999400001,
     "mean": 8.380196769285249,
     "unit": "ms"
    },
    "error_rate": 0.0,
    "duration": 72669.23000199313
   },
   {
    "task": "desc_sort_tip_amount",
    "operation": "desc_sort_tip_amount",
    "throughput": {
     "min": 0.504485365988824,
     "mean": 0.5119408474520569,
     "median": 0.5082159502120644,
     "max": 0.5487848058312801,
     "unit": "ops/s"
    },
    "latency": {
     "50_0": 12.929725504363887,
     "90_0": 14.197585404326674,