{
 "benchmark-version": "2.0.0",
 "benchmark-revision": null,
 "environment": "local",
 "test-run-id": "c7e612a1-5c7d-40c4-a8bb-6794868dcb3e",
 "test-run-timestamp": "20251016T190705Z",
 "pipeline": "benchmark-only",
 "user-tags": {},
 "workload": "nyc_taxis_clean",
 "cluster-config-instance": [
  "external"
 ],
 "cluster": {
  "revision": "8ff7c6ee924a49f0f59f80a6e1c73073c8904214",
  "distribution-version": "3.1.0",
  "distribution-flavor": "oss",
  "cluster-config-revision": null
 },
 "results": {
  "op_metrics": [
   {
    "task": "index",
    "operation": "index",
    "throughput": {
     "min": 2186604.3206207124,
     "mean": 2395664.0101822237,
     "median": 2334130.8033236945,
     "max": 2801871.8665235685,
     "unit": "docs/s"
    },
    "latency": {
     "50_0": 179.41116749716457,
     "90_0": 270.959731900075,
     "99_0": 1389.3356359297468,
     "99_9": 6227.970109676835,
     "99_99": 6314.45232000537,
     "100_0": 6337.492868013214,
     "mean": 228.93936674000187,
     "unit": "ms"
    },
    "service_time": {
     "50_0": 179.41116749716457,
     "90_0": 270.959731900075,
     "99_0": 1389.3356359297468,
     "99_9": 6227.970109676835,
     "99_99": 6314.45232000537,
     "100_0": 6337.492868013214,
     "mean": 228.93936674000187,
     "unit": "ms"
    },
    "client_processing_time": {
     "50_0": 1.2765764913638122,
     "90_0": 1.4606653960072435,
     "99_0": 5.383143871149523,
     "99_9": 37.15893424781122,
     "99_99": 71.7298465780227,
     "100_0": 78.492037995602,
     "mean": 1.1410514339165319,
     "unit": "ms"
    },
    "processing_time": {
     "50_0": 187.8560245022527,
     "90_0": 293.1531056005042,
     "99_0": 1393.1452973374694,
     "99_9": 6240.307396053192,
     "99_99": 6338.89717873451,
     "100_0": 6347.395410994068,
     "mean": 239.0904546205983,
     "unit": "ms"
    },
    "error_rate": 6.557377049180328e-05,
    "duration": 74487.90008800279
   },
   {
    "task": "match-all",
    "operation": "match-all",
    "throughput": {
     "min": 3.0261362743530857,
     "mean": 3.0666441950710372,
     "median": 3.0470260957772783,
     "max": 3.2341801527597767,
     "unit": "ops/s"
    },
    "latency": {
     "50_0": 10.161047335714102,
     "90_0": 13.620794408780059,
     "99_0": 17.572123367281176,
     "100_0": 19.76619867491536,
     "mean": 10.641771974042058,
     "unit": "ms"
    },
    "service_time": {
     "50_0": 9.288983994338196,
     "90_0": 12.67681790632196,
     "99_0": 16.308498936414267,
     "100_0": 19.165534002240747,
     "mean": 9.733563769841567,
     "unit": "ms"
    },
    "client_processing_time": {
     "50_0": 0.04734849062515423,
     "90_0": 0.06304819398792462,
     "99_0": 0.1010045013390482,
     "100_0": 0.11075400107074529,
     "mean": 0.05072799976915121,
     "unit": "ms"
    },
    "processing_time": {
     "50_0": 9.421339498658199,
     "90_0": 12.812212103744969,
     "99_0": 16.43329055368669,
     "100_0": 19.32919499813579,
     "mean": 9.868396769597894,
     "unit": "ms"
    },
    "error_rate": 0.0,
    "duration": 36335.28102700075
   },
   {
    "task": "range",
    "operation": "range",
    "throughput": {
     "min": 0.7062725885336789,
     "mean": 0.7167039640516295,
     "median": 0.7114912722408199,
     "max": 0.7682062457131408,
     "unit": "ops/s"
    },
    "latency": {
     "50_0": 11.017732562322635,
     "90_0": 13.063876725209411,
     "99_0": 17.662389683246186,
     "100_0": 25.479696283582598,
     "mean": 11.382449386001099,
     "unit": "ms"
    },
    "service_time": {
     "50_0": 9.567930996126961,
     "90_0": 11.416402002214454,
     "99_0": 16.449247660057193,
     "100_0": 24.075085995718837,
     "mean": 10.07944785989821,
     "unit": "ms"
    },
    "client_processing_time": {
     "50_0": 0.11267900845268741,
     "90_0": 0.14552890788763764,
     "99_0": 0.18209524263511434,
     "100_0": 0.22330299543682486,
     "mean": 0.11689348029904068,
     "unit": "ms"
    },
    "processing_time": {
     "50_0": 9.821270497923251,
     "90_0": 11.755671707214788,
     "99_0": 16.735018612962488,
     "100_0": 24.293630005558953,
     "mean": 10.34236120962305,
     "unit": "ms"
    },
    "error_rate": 0.0,
    "duration": 155717.28571900167
   },
   {
    "task": "distance_amount_agg",
    "operation": "distance_amount_agg",
    "throughput": {
     "min": 2.014883503993597,
     "mean": 2.031783758737494,
     "median": 2.0251687090615587,
     "max": 2.0819947000392234,
     "unit": "ops/s"
    },
    "latency": {
     "50_0": 209.09312349976972,
     "90_0": 222.5530651936424,
     "100_0": 229.81488399091177,
     "mean": 210.2810730980127,
     "unit": "ms"
    },
    "service_time": {
     "50_0": 207.97628249420086,
     "90_0": 221.37973609933397,
     "100_0": 228.89183698862325,
     "mean": 209.31878712086473,
     "unit": "ms"
    },
    "client_processing_time": {
     "50_0": 0.07104649557732046,
     "90_0": 0.1001848970190622,
     "100_0": 0.15255200560204685,
     "mean": 0.07668989943340421,
     "unit": "ms"
    },
    "processing_time": {
     "50_0": 208.16578900121385,
     "90_0": 221.6302789922338,
     "100_0": 229.10222399514169,
     "mean": 209.52559197990922,
     "unit": "ms"
    },
    "error_rate": 0.0,
    "duration": 29502.034199002082
   },
   {
    "task": "autohisto_agg",
    "operation": "autohisto_agg",
    "throughput": {
     "min": 1.5130094502541025,
     "mean": 1.5337675964873971,
     "median": 1.5235837986356864,
     "max": 1.6268820247899223,
     "unit": "ops/s"
    },
    "latency": {
     "50_0": 8.209123327105772,
     "90_0": 11.503362534858754,
     "99_0": 13.67979965056295,
     "100_0": 18.305936668184586,
     "mean": 8.795574673567899,
     "unit": "ms"
    },
    "service_time": {
     "50_0": 7.022773002972826,
     "90_0": 10.268945209099911,
     "99_0": 12.279979056911568,
     "100_0": 16.962882000370882,
     "mean": 7.670099710376235,
     "unit": "ms"
    },
    "client_processing_time": {
     "50_0": 0.05759399937232956,
     "90_0": 0.08214700355893005,
     "99_0": 0.12924583294079645,
     "100_0": 0.13734800450038165,
     "mean": 0.06343223023577593,
     "unit": "ms"
    },
    "processing_time": {
     "50_0": 7.1345214964821935,
     "90_0": 10.373952289228328,
     "99_0": 12.400979332451268,
     "100_0": 17.189543999847956,
     "mean": 7.788993680442218,
     "unit": "ms"
    },
    "error_rate": 0.0,
    "duration": 72669.01926799619
   },
   {
    "task": "date_histogram_agg",
    "operation": "date_histogram_agg",
    "throughput": {
     "min": 1.513672556785905,
     "mean": 1.5355441811147374,
     "median": 1.524797011697622,
     "max": 1.633836479845276,
     "unit": "ops/s"
    },
    "latency": {
     "50_0": 8.010005170945078,
     "90_0": 9.463852632325143,
     "99_0": 11.28672317005112,
     "100_0": 11.72722366754897,
     "mean": 8.179324208322214,
     "unit": "ms"
    },
    "service_time": {
     "50_0": 6.748018000507727,
     "90_0": 7.98475491028512,
     "99_0": 10.294127505621873,
     "100_0": 10.332193007343449,
     "mean": 6.982320220849942,
     "unit": "ms"
    },
    "client_processing_time": {
     "50_0": 0.06134449358796701,
     "90_0": 0.08634260739199817,
     "99_0": 0.11297694712993692,
     "100_0": 0.11762400390580297,
     "mean": 0.06538190733408555,
     "unit": "ms"
    },
    "processing_time": {
     "50_0": 6.878842490550596,
     "90_0": 8.137864300806541,
     "99_0": 10.418287142092595,
     "100_0": 10.445626001455821,
     "mean": 7.114336199301761,
     "unit": "ms"
    },
    "error_rate": 0.0,
    "duration": 72669.23974400561
   },
   {
    "task": "desc_sort_tip_amount",
    "operation": "desc_sort_tip_amount",
    "throughput": {
     "min": 0.5045404192843864,
     "mean": 0.5120932336319718,
     "median": 0.5083170114342506,
     "max": 0.5494485346088069,
     "unit": "ops/s"
    },
    "latency": {
     "50_0": 10.991958493832499,
     "90_0": 11.915537297318224,