{
 "benchmark-version": "2.0.0",
 "benchmark-revision": null,
 "environment": "local",
 "test-run-id": "53547980-1667-4730-8391-f665bea34f57",
 "test-run-timestamp": "20251016T184858Z",
 "pipeline": "benchmark-only",
 "user-tags": {},
 "workload": "nyc_taxis_clean",
 "cluster-config-instance": [
  "external"
 ],
 "cluster": {
  "revision": "8ff7c6ee924a49f0f59f80a6e1c73073c8904214",
  "distribution-version": "3.1.0",
  "distribution-flavor": "oss",
  "cluster-config-revision": null
 },
 "results": {
  "op_metrics": [
   {
    "task": "index",
    "operation": "index",
    "throughput": {
     "min": 2232820.0128060575,
     "mean": 2394700.914894976,
     "median": 2345916.1169948457,
     "max": 2759808.2080333866,
     "unit": "docs/s"
    },
    "latency": {
     "50_0": 174.16197300190106,
     "90_0": 270.5992435076041,
     "99_0": 1323.8333739522184,
     "99_9": 5257.822385107243,
     "99_99": 5349.243572659401,
     "100_0": 5423.372756995377,
     "mean": 223.24721926157096,
     "unit": "ms"
    },
    "service_time": {
     "50_0": 174.16197300190106,
     "90_0": 270.5992435076041,
     "99_0": 1323.8333739522184,
     "99_9": 5257.822385107243,
     "99_99": 5349.243572659401,
     "100_0": 5423.372756995377,
     "mean": 223.24721926157096,
     "unit": "ms"
    },
    "client_processing_time": {
     "50_0": 1.2791124972864054,
     "90_0": 1.4586734978365712,
     "99_0": 4.399556152930017,
     "99_9": 34.520577103119265,
     "99_99": 71.99267780574124,
     "100_0": 82.765676008421,
     "mean": 1.0856225742709236,
     "unit": "ms"
    },
    "processing_time": {
     "50_0": 182.2629055022844,
     "90_0": 295.60806399967987,
     "99_0": 1338.1634119497894,
     "99_9": 5271.454901536873,
     "99_99": 5353.766771238551,
     "100_0": 5426.910668000346,
     "mean": 233.38248946155278,
     "unit": "ms"
    },
    "error_rate": 6.541933795629989e-05,
    "duration": 73881.96469000832
   },
   {
    "task": "match-all",
    "operation": "match-all",
    "throughput": {
     "min": 3.025545151250973,
     "mean": 3.0651082697139524,
     "median": 3.045947273813818,
     "max": 3.228956719055883,
     "unit": "ops/s"
    },
    "latency": {
     "50_0": 10.06150949979201,
     "90_0": 14.667270724021368,
     "99_0": 17.656329965830093,
     "100_0": 19.66355199692771,
     "mean": 10.900948551279726,
     "unit": "ms"
    },
    "service_time": {
     "50_0": 9.36889700096799,
     "90_0": 13.639763589890215,
     "99_0": 17.200781289284357,
     "100_0": 18.865594000089914,
     "mean": 10.029233719251351,
     "unit": "ms"
    },
    "client_processing_time": {
     "50_0": 0.053070514695718884,
     "90_0": 0.07676730456296356,
     "99_0": 0.08655379206174985,
     "100_0": 0.08722700295038521,
     "mean": 0.05661036033416167,
     "unit": "ms"
    },
    "processing_time": {
     "50_0": 9.493202502198983,
     "90_0": 13.776770594995476,
     "99_0": 17.372245644073708,
     "100_0": 19.0533300046809,
     "mean": 10.174151829996845,
     "unit": "ms"
    },
    "error_rate": 0.0,
    "duration": 36335.792587007745
   },
   {
    "task": "range",
    "operation": "range",
    "throughput": {
     "min": 0.7063040745529691,
     "mean": 0.7167884735961682,
     "median": 0.7115504693285414,
     "max": 0.7685692198726594,
     "unit": "ops/s"
    },
    "latency": {
     "50_0": 12.101796281058341,
     "90_0": 16.038417570234742,
     "99_0": 17.977947466715783,
     "100_0": 33.19862142961938,
     "mean": 12.800370605109492,
     "unit": "ms"
    },
    "service_time": {
     "50_0": 10.522283999307547,
     "90_0": 14.340313294087538,
     "99_0": 16.064041847421404,
     "100_0": 32.01659000478685,
     "mean": 11.371911859168904,
     "unit": "ms"
    },
    "client_processing_time": {
     "50_0": 0.1259909913642332,
     "90_0": 0.13666239974554628,
     "99_0": 0.16647498414386067,
     "100_0": 0.17439101065974683,
     "mean": 0.12521889118943363,
     "unit": "ms"
    },
    "processing_time": {
     "50_0": 10.795581496495288,
     "90_0": 14.576741805649364,
     "99_0": 16.352040352649137,
     "100_0": 32.3006780090509,
     "mean": 11.648004379239865,
     "unit": "ms"
    },
    "error_rate": 0.0,
    "duration": 155717.28366898606
   },
   {
    "task": "distance_amount_agg",
    "operation": "distance_amount_agg",
    "throughput": {
     "min": 2.001626706326059,
     "mean": 2.0033874063170662,
     "median": 2.002679923294965,
     "max": 2.008506737722154,
     "unit": "ops/s"
    },
    "latency": {
     "50_0": 334.21509099571267,
     "90_0": 381.0116292908788,
     "100_0": 394.2377859930275,
     "mean": 344.777246096055,
     "unit": "ms"
    },
    "service_time": {
     "50_0": 333.4330810030224,
     "90_0": 379.8992497002473,
     "100_0": 394.00936898891814,
     "mean": 343.9594904583646,
     "unit": "ms"
    },
    "client_processing_time": {
     "50_0": 0.09150899859378114,
     "90_0": 0.12322131224209443,
     "100_0": 0.14604600437451154,
     "mean": 0.0902168606990017,
     "unit": "ms"
    },
    "processing_time": {
     "50_0": 333.67343350255396,
     "90_0": 380.1580935032689,
     "100_0": 394.2180029989686,
     "mean": 344.1789684211835,
     "unit": "ms"
    },
    "error_rate": 0.0,
    "duration": 29502.345065993723
   },
   {
    "task": "autohisto_agg",
    "operation": "autohisto_agg",
    "throughput": {
     "min": 1.5129078855665923,
     "mean": 1.5335451287510415,
     "median": 1.5234110643103045,
     "max": 1.6259611852193758,
     "unit": "ops/s"
    },
    "latency": {
     "50_0": 8.713924660696648,
     "90_0": 11.837568845658103,
     "99_0": 13.873446020297752,
     "100_0": 22.953826337470673,
     "mean": 9.39805533605977,
     "unit": "ms"
    },
    "service_time": {
     "50_0": 7.258443998580333,
     "90_0": 10.712005601089913,
     "99_0": 12.577597719064265,
     "100_0": 22.095925000030547,
     "mean": 8.029586740449304,
     "unit": "ms"
    },
    "client_processing_time": {
     "50_0": 0.0695214985171333,
     "90_0": 0.10047080140793697,
     "99_0": 0.13239614214398898,
     "100_0": 0.1348850055364892,
     "mean": 0.07641052972758189,
     "unit": "ms"
    },
    "processing_time": {
     "50_0": 7.398830508464016,
     "90_0": 10.860938804398756,
     "99_0": 12.799439562368256,
     "100_0": 22.26280700415373,
     "mean": 8.171288450539578,
     "unit": "ms"
    },
    "error_rate": 0.0,
    "duration": 72668.74566000479
   },
   {
    "task": "date_histogram_agg",
    "operation": "date_histogram_agg",
    "throughput": {
     "min": 1.5136440111802345,
     "mean": 1.5354919702491354,
     "median": 1.5247486321685144,
     "max": 1.6336589854858712,
     "unit": "ops/s"
    },
    "latency": {
     "50_0": 8.216070003982168,
     "90_0": 11.328438918280883,
     "99_0": 12.385105638968525,
     "100_0": 12.474697330617346,
     "mean": 8.64678038022248,
     "unit": "ms"
    },
    "service_time": {
     "50_0": 6.998109005508013,
     "90_0": 10.051324506639503,
     "99_0": 11.30540686644963,
     "100_0": 11.372416993253864,
     "mean": 7.4894356295408215,
     "unit": "ms"
    },
    "client_processing_time": {
     "50_0": 0.06518149166367948,
     "90_0": 0.1039380076690577,
     "99_0": 0.12106916910852315,
     "100_0": 0.13969800784252584,
     "mean": 0.07182007102528587,
     "unit": "ms"
    },
    "processing_time": {
     "50_0": 7.1326894976664335,
     "90_0": 10.171645802620333,
     "99_0": 11.433730085991556,
     "100_0": 11.491456010844558,
     "mean": 7.632213890465209,
     "unit": "ms"
    },
    "error_rate": 0.0,
    "duration": 72668.8922780013
   },
   {
    "task": "desc_sort_tip_amount",
    "operation": "desc_sort_tip_amount",
    "throughput": {
     "min": 0.5044648242811677,
     "mean": 0.5118832364984548,
     "median": 0.5081755552000529,
     "max": 0.5485314051118604,
     "unit": "ops/s"
    },
    "latency": {
     "50_0": 13.146435499947984,
     "90_0": 14.477266906760633,