{
 "benchmark-version": "2.0.0",
 "benchmark-revision": null,
 "environment": "local",
 "test-run-id": "31a6861f-8808-4ac3-acfd-09d1d8e92161",
 "test-run-timestamp": "20251016T181224Z",
 "pipeline": "benchmark-only",
 "user-tags": {},
 "workload": "nyc_taxis_clean",
 "cluster-config-instance": [
  "external"
 ],
 "cluster": {
  "revision": "8ff7c6ee924a49f0f59f80a6e1c73073c8904214",
  "distribution-version": "3.1.0",
  "distribution-flavor": "oss",
  "cluster-config-revision": null
 },
 "results": {
  "op_metrics": [
   {
    "task": "index",
    "operation": "index",
    "throughput": {
     "min": 886173.7538177546,
     "mean": 1680666.690809829,
     "median": 1782798.4422710047,
     "max": 1885677.8119502591,
     "unit": "docs/s"
    },
    "latency": {
     "50_0": 200.05646949721267,
     "90_0": 332.4865557064186,
     "99_0": 1317.3848104906212,
     "99_9": 7112.971082916944,
     "99_99": 7241.949099925233,
     "100_0": 7279.576525994344,
     "mean": 259.8298832255318,
     "unit": "ms"
    },
    "service_time": {
     "50_0": 200.05646949721267,
     "90_0": 332.4865557064186,
     "99_0": 1317.3848104906212,
     "99_9": 7112.971082916944,
     "99_99": 7241.949099925233,
     "100_0": 7279.576525994344,
     "mean": 259.8298832255318,
     "unit": "ms"
    },
    "client_processing_time": {
     "50_0": 1.2772930058417842,
     "90_0": 1.4490145069430584,
     "99_0": 5.1779605318733966,
     "99_9": 37.35973635065918,
     "99_99": 71.84435040442335,
     "100_0": 82.50664800289087,
     "mean": 1.1250699358146994,
     "unit": "ms"
    },
    "processing_time": {
     "50_0": 208.81600950087886,
     "90_0": 358.0331322984421,
     "99_0": 1334.776759452507,
     "99_9": 7138.4079531307,
     "99_99": 7247.7002886863165,
     "100_0": 7324.821021000389,
     "mean": 270.96618557389337,
     "unit": "ms"
    },
    "error_rate": 6.236746912810279e-05,
    "duration": 88754.8537679977
   },
   {
    "task": "match-all",
    "operation": "match-all",
    "throughput": {
     "min": 3.014970433410172,
     "mean": 3.0376904181244435,
     "median": 3.0268123934082563,
     "max": 3.1299175225882534,
     "unit": "ops/s"
    },
    "latency": {
     "50_0": 11.31680733669782,
     "90_0": 15.055608068360021,
     "99_0": 33.098383571486956,
     "100_0": 40.22145732596982,
     "mean": 12.919298445340246,
     "unit": "ms"
    },
    "service_time": {
     "50_0": 10.446925996802747,
     "90_0": 14.0896000986686,
     "99_0": 31.87849935929993,
     "100_0": 38.89288299251348,
     "mean": 12.021620519517455,
     "unit": "ms"
    },
    "client_processing_time": {
     "50_0": 0.053818002925254405,
     "90_0": 0.08553990046493712,
     "99_0": 0.11164817027747642,
     "100_0": 0.13384099293034524,
     "mean": 0.05946899109403603,
     "unit": "ms"
    },
    "processing_time": {
     "50_0": 10.57707899599336,
     "90_0": 14.259862001927106,
     "99_0": 32.06845489272386,
     "100_0": 39.06992299016565,
     "mean": 12.174025789718144,
     "unit": "ms"
    },
    "error_rate": 0.0,
    "duration": 36334.96856401325
   },
   {
    "task": "range",
    "operation": "range",
    "throughput": {
     "min": 0.7062580406726101,
     "mean": 0.7166525191956842,
     "median": 0.7114598689897975,
     "max": 0.767982980490811,
     "unit": "ops/s"
    },
    "latency": {
     "50_0": 13.291290568304248,
     "90_0": 14.57228457729798,
     "99_0": 17.494686466089014,
     "100_0": 68.69169256242458,
     "mean": 13.838423635461368,
     "unit": "ms"
    },
    "service_time": {
     "50_0": 11.977159505477175,
     "90_0": 13.490771705983207,
     "99_0": 15.791034452704746,
     "100_0": 67.34829999913927,
     "mean": 12.545611010573339,
     "unit": "ms"
    },
    "client_processing_time": {
     "50_0": 0.10544750693952665,
     "90_0": 0.13869100075680765,
     "99_0": 0.1606750808423385,
     "100_0": 0.1631579943932593,
     "mean": 0.10826350990100764,
     "unit": "ms"
    },
    "processing_time": {
     "50_0": 12.19250450230902,
     "90_0": 13.74774820433231,
     "99_0": 16.048245089623645,
     "100_0": 67.62636300118174,
     "mean": 12.789098000212107,
     "unit": "ms"
    },
    "error_rate": 0.0,
    "duration": 155716.30875799747
   },
   {
    "task": "distance_amount_agg",
    "operation": "distance_amount_agg",
    "throughput": {
     "min": 1.9961927231817533,
     "mean": 1.998438336165325,
     "median": 1.9987123034169483,
     "max": 1.9992230414871235,
     "unit": "ops/s"
    },
    "latency": {
     "50_0": 331.40502949390793,
     "90_0": 359.99346239841543,
     "100_0": 403.92846599570476,
     "mean": 337.9645690941834,
     "unit": "ms"
    },
    "service_time": {
     "50_0": 330.9018334985012,
     "90_0": 359.4596035036375,
     "100_0": 403.1063139991602,
     "mean": 337.06681210023817,
     "unit": "ms"
    },
    "client_processing_time": {
     "50_0": 0.06598948675673455,
     "90_0": 0.09986021032091232,
     "100_0": 0.13689699699170887,
     "mean": 0.07312182075111195,
     "unit": "ms"
    },
    "processing_time": {
     "50_0": 331.10067249799613,
     "90_0": 359.65173051081365,
     "100_0": 403.3126170106698,
     "mean": 337.2637368191499,
     "unit": "ms"
    },
    "error_rate": 0.0,
    "duration": 29502.18209400191
   },
   {
    "task": "autohisto_agg",
    "operation": "autohisto_agg",
    "throughput": {
     "min": 1.5122476446445376,
     "mean": 1.5317981193964314,
     "median": 1.5222388052075797,
     "max": 1.619178943912326,
     "unit": "ops/s"
    },
    "latency": {
     "50_0": 9.481902176048607,
     "90_0": 11.54308516997844,
     "99_0": 14.371558045822898,
     "100_0": 15.201677335426211,
     "mean": 9.864383618551074,
     "unit": "ms"
    },
    "service_time": {
     "50_0": 8.220311501645483,
     "90_0": 10.146943690779153,
     "99_0": 12.684321107371948,
     "100_0": 13.659185002325103,
     "mean": 8.69646866893163,
     "unit": "ms"
    },
    "client_processing_time": {
     "50_0": 0.05278851313050836,
     "90_0": 0.06480419833678752,
     "99_0": 0.09279151097871363,
     "100_0": 0.09353499626740813,
     "mean": 0.05511392097105272,
     "unit": "ms"
    },
    "processing_time": {
     "50_0": 8.312165999086574,
     "90_0": 10.236067006189842,
     "99_0": 12.844327367929514,
     "100_0": 13.812286997563206,
     "mean": 8.801445730496198,
     "unit": "ms"
    },
    "error_rate": 0.0,
    "duration": 72668.80979700363
   },
   {
    "task": "date_histogram_agg",
    "operation": "date_histogram_agg",
    "throughput": {
     "min": 1.5134447481436375,
     "mean": 1.5349733335517282,
     "median": 1.524416945918825,
     "max": 1.631723266720377,
     "unit": "ops/s"
    },
    "latency": {
     "50_0": 8.553308500268031,
     "90_0": 9.707743088074498,
     "99_0": 12.200333404180135,
     "100_0": 13.671018328750506,
     "mean": 8.733059302612673,
     "unit": "ms"
    },
    "service_time": {
     "50_0": 7.388437996269204,
     "90_0": 8.550932089565322,
     "99_0": 10.525140240497429,
     "100_0": 12.066890994901769,
     "mean": 7.651838671299629,
     "unit": "ms"
    },
    "client_processing_time": {
     "50_0": 0.05671349208569154,
     "90_0": 0.07895630114944657,
     "99_0": 0.0986329806619324,
     "100_0": 0.10269100312143564,
     "mean": 0.06074288932722993,
     "unit": "ms"
    },
    "processing_time": {
     "50_0": 7.506408997869585,
     "90_0": 8.650473908346612,
     "99_0": 10.68698028233485,
     "100_0": 12.222300007124431,
     "mean": 7.775724289967911,
     "unit": "ms"
    },
    "error_rate": 0.0,
    "duration": 72668.96949900547
   },
   {
    "task": "desc_sort_tip_amount",
    "operation": "desc_sort_tip_amount",
    "throughput": {
     "min": 0.504445025511682,
     "mean": 0.511832494875425,
     "median": 0.5081411205963959,
     "max": 0.5483206771995696,
     "unit": "ops/s"
    },
    "latency": {
     "50_0": 13.420876501186285,
     "90_0": 14.821273708366789,