{
  "test_run_id": "0eec010b-f957-4687-abb4-f093bd9603b5",
  "throughput": {
    "min": 485198.65013665624,
    "mean": 488541.2170625934,
    "median": 488691.85065631766,
    "max": 490166.1335484815,
    "unit": "docs/s"
  },
  "latency": {
    "50_0": 1907.434398017358,
    "90_0": 2874.160325608683,
    "99_0": 3927.190182218318,
    "99_9": 4845.313079566352,
    "100_0": 5165.758865012322,
    "mean": 1882.194481301116,
    "unit": "ms"
  },
  "service_time": {
    "50_0": 1907.434398017358,
    "90_0": 2874.160325608683,
    "99_0": 3927.190182218318,
    "99_9": 4845.313079566352,
    "100_0": 5165.758865012322,
    "mean": 1882.194481301116,
    "unit": "ms"
  },
  "error_rate": 0.025417745351847494
}
