{
  "test_run_id": "a7874c33-5e7d-4541-a2a5-88b9478b51dd",
  "throughput": {
    "min": 512938.0285915137,
    "mean": 516026.7472744003,
    "median": 515327.7670979898,
    "max": 521629.9662420591,
    "unit": "docs/s"
  },
  "latency": {
    "50_0": 1878.5452969896141,
    "90_0": 2839.7898146067746,
    "99_0": 3723.5222965321746,
    "99_9": 4237.844980736897,
    "100_0": 4936.468410975067,
    "mean": 1889.810653828421,
    "unit": "ms"
  },
  "service_time": {
    "50_0": 1878.5452969896141,
    "90_0": 2839.7898146067746,
    "99_0": 3723.5222965321746,
    "99_9": 4237.844980736897,
    "100_0": 4936.468410975067,
    "mean": 1889.810653828421,
    "unit": "ms"
  },
  "error_rate": 0.0
}
