{
  "test_run_id": "6044e172-d233-4adb-a644-1a8fc68da224",
  "throughput": {
    "min": 547112.1995123947,
    "mean": 552148.56245261,
    "median": 551211.9701875277,
    "max": 559752.3230188129,
    "unit": "docs/s"
  },
  "latency": {
    "50_0": 1839.3962949921843,
    "90_0": 3035.816366004292,
    "99_0": 3963.847999292189,
    "99_9": 4632.19961671962,
    "100_0": 5885.623062000377,
    "mean": 1858.1324971282459,
    "unit": "ms"
  },
  "service_time": {
    "50_0": 1839.3962949921843,
    "90_0": 3035.816366004292,
    "99_0": 3963.847999292189,
    "99_9": 4632.19961671962,
    "100_0": 5885.623062000377,
    "mean": 1858.1324971282459,
    "unit": "ms"
  },
  "error_rate": 0.0
}
