{
  "test_run_id": "3dfb690f-cb61-4391-bd0d-7b2d068abd82",
  "throughput": {
    "min": 535049.361630335,
    "mean": 542393.9857020756,
    "median": 541193.6754163224,
    "max": 549483.3696606315,
    "unit": "docs/s"
  },
  "latency": {
    "50_0": 1791.3036239915527,
    "90_0": 2815.112344780937,
    "99_0": 4152.341562444334,
    "99_9": 5033.136618705466,
    "100_0": 5170.526418020017,
    "mean": 1857.3059072275807,
    "unit": "ms"
  },
  "service_time": {
    "50_0": 1791.3036239915527,
    "90_0": 2815.112344780937,
    "99_0": 4152.341562444334,
    "99_9": 5033.136618705466,
    "100_0": 5170.526418020017,
    "mean": 1857.3059072275807,
    "unit": "ms"
  },
  "error_rate": 0.0
}
