{
  "test_run_id": "b3a41429-7b53-4a81-8d2c-62b028e844a1",
  "throughput": {
    "min": 556037.2744679782,
    "mean": 560158.3033648147,
    "median": 560104.1955031866,
    "max": 564082.3705753114,
    "unit": "docs/s"
  },
  "latency": {
    "50_0": 1668.0403359932825,
    "90_0": 2863.5882388072787,
    "99_0": 3716.6520834495896,
    "99_9": 4875.586821315867,
    "100_0": 5105.371289013419,
    "mean": 1740.7070096646378,
    "unit": "ms"
  },
  "service_time": {
    "50_0": 1668.0403359932825,
    "90_0": 2863.5882388072787,
    "99_0": 3716.6520834495896,
    "99_9": 4875.586821315867,
    "100_0": 5105.371289013419,
    "mean": 1740.7070096646378,
    "unit": "ms"
  },
  "error_rate": 0.0
}
