{
  "test_run_id": "d1733ccb-95e5-4d7c-82fa-dd7291210d5d",
  "throughput": {
    "min": 548673.4562642657,
    "mean": 552292.3545353133,
    "median": 551720.3245914767,
    "max": 558525.4652769361,
    "unit": "docs/s"
  },
  "latency": {
    "50_0": 1738.927115991828,
    "90_0": 2779.7674575005663,
    "99_0": 3676.0057880388927,
    "99_9": 4633.158701064809,
    "100_0": 4849.128258996643,
    "mean": 1799.5489853941117,
    "unit": "ms"
  },
  "service_time": {
    "50_0": 1738.927115991828,
    "90_0": 2779.7674575005663,
    "99_0": 3676.0057880388927,
    "99_9": 4633.158701064809,
    "100_0": 4849.128258996643,
    "mean": 1799.5489853941117,
    "unit": "ms"
  },
  "error_rate": 0.0
}
