{
  "test_run_id": "9744431a-4e94-4a49-81ac-51f598acd92f",
  "throughput": {
    "min": 548058.5895195142,
    "mean": 553523.0819287355,
    "median": 551994.1786890498,
    "max": 562841.201396545,
    "unit": "docs/s"
  },
  "latency": {
    "50_0": 1832.935741491383,
    "90_0": 2997.7993211039575,
    "99_0": 4146.200634264095,
    "99_9": 5141.529325578847,
    "100_0": 5762.766378989909,
    "mean": 1873.3803373539556,
    "unit": "ms"
  },
  "service_time": {
    "50_0": 1832.935741491383,
    "90_0": 2997.7993211039575,
    "99_0": 4146.200634264095,
    "99_9": 5141.529325578847,
    "100_0": 5762.766378989909,
    "mean": 1873.3803373539556,
    "unit": "ms"
  },
  "error_rate": 0.0
}
