{
 "benchmark-version": "2.0.0",
 "benchmark-revision": null,
 "environment": "local",
 "test-run-id": "b32b21f8-b177-46e1-81fd-6e3ef41a6399",
 "test-run-timestamp": "20251008T213540Z",
 "pipeline": "benchmark-only",
 "user-tags": {},
 "workload": "nyc_taxis",
 "cluster-config-instance": [
  "external"
 ],
 "cluster": {
  "revision": "8ff7c6ee924a49f0f59f80a6e1c73073c8904214",
  "distribution-version": "3.1.0",
  "distribution-flavor": "oss",
  "cluster-config-revision": null
 },
 "results": {
  "op_metrics": [
   {
    "task": "index",
    "operation": "index",
    "throughput": {
     "min": 512332.19838662643,
     "mean": 521996.0910308542,
     "median": 519711.6097245012,
     "max": 531010.3343560902,
     "unit": "docs/s"
    },
    "latency": {
     "50_0": 1959.66023002984,
     "90_0": 3066.0628096200526,
     "99_0": 4128.283468475566,
     "99_9": 5193.925024405832,
     "100_0": 5383.54991003871,
     "mean": 1974.155008137,
     "unit": "ms"
    },
    "service_time": {
     "50_0": 1959.66023002984,
     "90_0": 3066.0628096200526,
     "99_0": 4128.283468475566,
     "99_9": 5193.925024405832,
     "100_0": 5383.54991003871,
     "mean": 1974.155008137,
     "unit": "ms"
    },
    "client_processing_time": {
     "50_0": 1.345904020126909,
     "90_0": 1.4664825983345509,
     "99_0": 6.379892623517663,
     "99_9": 19.33837978891181,
     "100_0": 34.32283195434138,
     "mean": 1.371653702108299,
     "unit": "ms"
    },
    "processing_time": {
     "50_0": 1963.2560689933598,
     "90_0": 3069.236527988687,
     "99_0": 4131.403889590875,
     "99_9": 5203.361635373687,
     "100_0": 5388.334035989828,
     "mean": 1978.2388685286146,
     "unit": "ms"
    },
    "error_rate": 0.030408340573414423,
    "duration": 314394.4444929948
   }
  ],
  "correctness_metrics": [
   {
    "task": "index",
    "operation": "index",
    "recall@k": {},
    "recall@1": {},
    "error_rate": 0.030408340573414423,
    "duration": 314394.4444929948
   }
  ],
  "profile_metrics": [],
  "total_time": 49460723,
  "total_time_per_shard": {
   "min": 159,
   "median": 2019079,
   "max": 2988479,
   "unit": "ms"
  },
  "indexing_throttle_time": 0,
  "indexing_throttle_time_per_shard": {
   "min": 0,
   "median": 0,
   "max": 0,
   "unit": "ms"
  },
  "merge_time": 8445968,
  "merge_time_per_shard": {
   "min": 0,
   "median": 351618,
   "max": 443483,
   "unit": "ms"
  },
  "merge_count": 1129,
  "refresh_time": 1314349,
  "refresh_time_per_shard": {
   "min": 25,
   "median": 56293,
   "max": 82071,
   "unit": "ms"
  },
  "refresh_count": 558,
  "flush_time": 677909,
  "flush_time_per_shard": {
   "min": 0,
   "median": 27019,
   "max": 38456,
   "unit": "ms"
  },
  "flush_count": 72,
  "merge_throttle_time": 493805,
  "merge_throttle_time_per_shard": {
   "min": 0,
   "median": 18817,
   "max": 37114,
   "unit": "ms"
  },
  "ml_processing_time": [],
  "young_gc_time": 232489,
  "young_gc_count": 5086,
  "old_gc_time": 0,
  "old_gc_count": 0,
  "memory_segments": 0,
  "memory_doc_values": 0,
  "memory_terms": 0,
  "memory_norms": 0,
  "memory_points": 0,
  "memory_stored_fields": 0,
  "store_size": 81741183693,
  "translog_size": 26403991483,
  "segment_count": 1335,
  "total_transform_search_times": [],
  "total_transform_index_times": [],
  "total_transform_processing_times": [],
  "total_transform_throughput": []
 },
 "workload-revision": "32d8806",
 "test_procedure": "append-no-conflicts",
 "workload-params": {
  "bulk_indexing_clients": 100,
  "bulk_size": 10000
 }
}