{
 "benchmark-version": "2.0.0",
 "benchmark-revision": null,
 "environment": "local",
 "test-run-id": "686ff830-7e7d-4991-9274-64d7cba82730",
 "test-run-timestamp": "20251008T203534Z",
 "pipeline": "benchmark-only",
 "user-tags": {},
 "workload": "nyc_taxis",
 "cluster-config-instance": [
  "external"
 ],
 "cluster": {
  "revision": "8ff7c6ee924a49f0f59f80a6e1c73073c8904214",
  "distribution-version": "3.1.0",
  "distribution-flavor": "oss",
  "cluster-config-revision": null
 },
 "results": {
  "op_metrics": [
   {
    "task": "index",
    "operation": "index",
    "throughput": {
     "min": 539059.2750720688,
     "mean": 542382.3199044886,
     "median": 540878.9414843677,
     "max": 549077.8882911507,
     "unit": "docs/s"
    },
    "latency": {
     "50_0": 1885.203684490989,
     "90_0": 2857.810352600063,
     "99_0": 3692.52326849557,
     "99_9": 4398.102153930564,
     "100_0": 4848.111289989902,
     "mean": 1875.849326107994,
     "unit": "ms"
    },
    "service_time": {
     "50_0": 1885.203684490989,
     "90_0": 2857.810352600063,
     "99_0": 3692.52326849557,
     "99_9": 4398.102153930564,
     "100_0": 4848.111289989902,
     "mean": 1875.849326107994,
     "unit": "ms"
    },
    "client_processing_time": {
     "50_0": 1.3385865022428334,
     "90_0": 1.450529691646807,
     "99_0": 8.817706587433353,
     "99_9": 22.308939671697505,
     "100_0": 35.66761699039489,
     "mean": 1.500180705068728,
     "unit": "ms"
    },
    "processing_time": {
     "50_0": 1888.689854502445,
     "90_0": 2861.712675209856,
     "99_0": 3695.5135983778746,
     "99_9": 4401.095804581839,
     "100_0": 4851.135106000584,
     "mean": 1879.6491062829766,
     "unit": "ms"
    },
    "error_rate": 0.0,
    "duration": 304115.8783500141
   }
  ],
  "correctness_metrics": [
   {
    "task": "index",
    "operation": "index",
    "recall@k": {},
    "recall@1": {},
    "error_rate": 0.0,
    "duration": 304115.8783500141
   }
  ],
  "profile_metrics": [],
  "total_time": 57913969,
  "total_time_per_shard": {
   "min": 2,
   "median": 2381727,
   "max": 2873473,
   "unit": "ms"
  },
  "indexing_throttle_time": 0,
  "indexing_throttle_time_per_shard": {
   "min": 0,
   "median": 0,
   "max": 0,
   "unit": "ms"
  },
  "merge_time": 7782904,
  "merge_time_per_shard": {
   "min": 0,
   "median": 322392,
   "max": 395976,
   "unit": "ms"
  },
  "merge_count": 1014,
  "refresh_time": 1146229,
  "refresh_time_per_shard": {
   "min": 227,
   "median": 46869,
   "max": 67653,
   "unit": "ms"
  },
  "refresh_count": 453,
  "flush_time": 751204,
  "flush_time_per_shard": {
   "min": 0,
   "median": 30182,
   "max": 41444,
   "unit": "ms"
  },
  "flush_count": 72,
  "merge_throttle_time": 610704,
  "merge_throttle_time_per_shard": {
   "min": 0,
   "median": 23446,
   "max": 42996,
   "unit": "ms"
  },
  "ml_processing_time": [],
  "young_gc_time": 125576,
  "young_gc_count": 2586,
  "old_gc_time": 0,
  "old_gc_count": 0,
  "memory_segments": 0,
  "memory_doc_values": 0,
  "memory_terms": 0,
  "memory_norms": 0,
  "memory_points": 0,
  "memory_stored_fields": 0,
  "store_size": 85121155697,
  "translog_size": 31595331253,
  "segment_count": 1363,
  "total_transform_search_times": [],
  "total_transform_index_times": [],
  "total_transform_processing_times": [],
  "total_transform_throughput": []
 },
 "workload-revision": "32d8806",
 "test_procedure": "append-no-conflicts",
 "workload-params": {
  "bulk_indexing_clients": 100,
  "bulk_size": 10000
 }
}