{
  "test_run_id": "454bf366-abaa-4fa3-9f24-e20a32791f37",
  "throughput": {
    "min": 537126.5277362476,
    "mean": 539094.2148809427,
    "median": 539018.2731901368,
    "max": 541475.8552601823,
    "unit": "docs/s"
  },
  "latency": {
    "50_0": 1742.5166269531474,
    "90_0": 2765.9069289802574,
    "99_0": 3666.6618283838034,
    "99_9": 5392.110941477626,
    "100_0": 5554.982344037853,
    "mean": 1770.69074293791,
    "unit": "ms"
  },
  "service_time": {
    "50_0": 1742.5166269531474,
    "90_0": 2765.9069289802574,
    "99_0": 3666.6618283838034,
    "99_9": 5392.110941477626,
    "100_0": 5554.982344037853,
    "mean": 1770.69074293791,
    "unit": "ms"
  },
  "error_rate": 0.0
}
