{
 "benchmark-version": "2.0.0",
 "benchmark-revision": null,
 "environment": "local",
 "test-run-id": "f77ea6a9-f8c1-4b50-bfc4-65c8e025703e",
 "test-run-timestamp": "20251008T195255Z",
 "pipeline": "benchmark-only",
 "user-tags": {},
 "workload": "nyc_taxis",
 "cluster-config-instance": [
  "external"
 ],
 "cluster": {
  "revision": "8ff7c6ee924a49f0f59f80a6e1c73073c8904214",
  "distribution-version": "3.1.0",
  "distribution-flavor": "oss",
  "cluster-config-revision": null
 },
 "results": {
  "op_metrics": [
   {
    "task": "index",
    "operation": "index",
    "throughput": {
     "min": 548295.7435891732,
     "mean": 552332.5239289196,
     "median": 551215.8783126019,
     "max": 558281.4614598417,
     "unit": "docs/s"
    },
    "latency": {
     "50_0": 1774.8883375024889,
     "90_0": 2784.7094071214087,
     "99_0": 4007.2458501183414,
     "99_9": 4687.131650781277,
     "100_0": 5103.803700010758,
     "mean": 1814.0854505020777,
     "unit": "ms"
    },
    "service_time": {
     "50_0": 1774.8883375024889,
     "90_0": 2784.7094071214087,
     "99_0": 4007.2458501183414,
     "99_9": 4687.131650781277,
     "100_0": 5103.803700010758,
     "mean": 1814.0854505020777,
     "unit": "ms"
    },
    "client_processing_time": {
     "50_0": 1.3266824826132506,
     "90_0": 1.4058259024750441,
     "99_0": 2.440050870354752,
     "99_9": 35.89640148531211,
     "100_0": 65.63398297294043,
     "mean": 1.2095991614438513,
     "unit": "ms"
    },
    "processing_time": {
     "50_0": 1783.8381140027195,
     "90_0": 2791.8219555140245,
     "99_0": 4010.2759225782925,
     "99_9": 4690.129454096943,
     "100_0": 5107.053557992913,
     "mean": 1820.612986953381,
     "unit": "ms"
    },
    "error_rate": 0.0,
    "duration": 300167.3015849956
   }
  ],
  "correctness_metrics": [
   {
    "task": "index",
    "operation": "index",
    "recall@k": {},
    "recall@1": {},
    "error_rate": 0.0,
    "duration": 300167.3015849956
   }
  ],
  "profile_metrics": [],
  "total_time": 52667232,
  "total_time_per_shard": {
   "min": 1,
   "median": 2193180,
   "max": 2427695,
   "unit": "ms"
  },
  "indexing_throttle_time": 0,
  "indexing_throttle_time_per_shard": {
   "min": 0,
   "median": 0,
   "max": 0,
   "unit": "ms"
  },
  "merge_time": 8504187,
  "merge_time_per_shard": {
   "min": 0,
   "median": 363197,
   "max": 408651,
   "unit": "ms"
  },
  "merge_count": 995,
  "refresh_time": 1355178,
  "refresh_time_per_shard": {
   "min": 365,
   "median": 57370,
   "max": 74994,
   "unit": "ms"
  },
  "refresh_count": 469,
  "flush_time": 913417,
  "flush_time_per_shard": {
   "min": 0,
   "median": 36952,
   "max": 53203,
   "unit": "ms"
  },
  "flush_count": 74,
  "merge_throttle_time": 791414,
  "merge_throttle_time_per_shard": {
   "min": 0,
   "median": 32497,
   "max": 54581,
   "unit": "ms"
  },
  "ml_processing_time": [],
  "young_gc_time": 96292,
  "young_gc_count": 1837,
  "old_gc_time": 0,
  "old_gc_count": 0,
  "memory_segments": 0,
  "memory_doc_values": 0,
  "memory_terms": 0,
  "memory_norms": 0,
  "memory_points": 0,
  "memory_stored_fields": 0,
  "store_size": 88415756835,
  "translog_size": 27261177920,
  "segment_count": 1263,
  "total_transform_search_times": [],
  "total_transform_index_times": [],
  "total_transform_processing_times": [],
  "total_transform_throughput": []
 },
 "workload-revision": "32d8806",
 "test_procedure": "append-no-conflicts",
 "workload-params": {
  "bulk_indexing_clients": 100,
  "bulk_size": 10000
 }
}