{
  "test_run_id": "b32b21f8-b177-46e1-81fd-6e3ef41a6399",
  "throughput": {
    "min": 512332.19838662643,
    "mean": 521996.0910308542,
    "median": 519711.6097245012,
    "max": 531010.3343560902,
    "unit": "docs/s"
  },
  "latency": {
    "50_0": 1959.66023002984,
    "90_0": 3066.0628096200526,
    "99_0": 4128.283468475566,
    "99_9": 5193.925024405832,
    "100_0": 5383.54991003871,
    "mean": 1974.155008137,
    "unit": "ms"
  },
  "service_time": {
    "50_0": 1959.66023002984,
    "90_0": 3066.0628096200526,
    "99_0": 4128.283468475566,
    "99_9": 5193.925024405832,
    "100_0": 5383.54991003871,
    "mean": 1974.155008137,
    "unit": "ms"
  },
  "error_rate": 0.030408340573414423
}
