{
  "test_run_id": "fbb0d1c3-117e-4e3c-8fae-9f1324aaa159",
  "throughput": {
    "min": 541533.4766426133,
    "mean": 546426.7794094504,
    "median": 545279.8993569121,
    "max": 554181.8280837507,
    "unit": "docs/s"
  },
  "latency": {
    "50_0": 1848.5895904887002,
    "90_0": 2855.664329504362,
    "99_0": 4015.390153937626,
    "99_9": 4909.116828191288,
    "100_0": 5282.293917960487,
    "mean": 1860.9814530344138,
    "unit": "ms"
  },
  "service_time": {
    "50_0": 1848.5895904887002,
    "90_0": 2855.664329504362,
    "99_0": 4015.390153937626,
    "99_9": 4909.116828191288,
    "100_0": 5282.293917960487,
    "mean": 1860.9814530344138,
    "unit": "ms"
  },
  "error_rate": 0.0
}
