{
 "benchmark-version": "2.0.0",
 "benchmark-revision": null,
 "environment": "local",
 "test-run-id": "9744431a-4e94-4a49-81ac-51f598acd92f",
 "test-run-timestamp": "20251008T194727Z",
 "pipeline": "benchmark-only",
 "user-tags": {},
 "workload": "nyc_taxis",
 "cluster-config-instance": [
  "external"
 ],
 "cluster": {
  "revision": "8ff7c6ee924a49f0f59f80a6e1c73073c8904214",
  "distribution-version": "3.1.0",
  "distribution-flavor": "oss",
  "cluster-config-revision": null
 },
 "results": {
  "op_metrics": [
   {
    "task": "index",
    "operation": "index",
    "throughput": {
     "min": 548058.5895195142,
     "mean": 553523.0819287355,
     "median": 551994.1786890498,
     "max": 562841.201396545,
     "unit": "docs/s"
    },
    "latency": {
     "50_0": 1832.935741491383,
     "90_0": 2997.7993211039575,
     "99_0": 4146.200634264095,
     "99_9": 5141.529325578847,
     "100_0": 5762.766378989909,
     "mean": 1873.3803373539556,
     "unit": "ms"
    },
    "service_time": {
     "50_0": 1832.935741491383,
     "90_0": 2997.7993211039575,
     "99_0": 4146.200634264095,
     "99_9": 5141.529325578847,
     "100_0": 5762.766378989909,
     "mean": 1873.3803373539556,
     "unit": "ms"
    },
    "client_processing_time": {
     "50_0": 1.3391779939411208,
     "90_0": 1.6027233999921013,
     "99_0": 10.937153785780476,
     "99_9": 27.582091408146272,
     "100_0": 42.484998004511,
     "mean": 1.6096342042570606,
     "unit": "ms"
    },
    "processing_time": {
     "50_0": 1837.361856480129,
     "90_0": 3001.0101216932526,
     "99_0": 4156.228229111874,
     "99_9": 5144.532490558971,
     "100_0": 5765.806158975465,
     "mean": 1877.5766174573125,
     "unit": "ms"
    },
    "error_rate": 0.0,
    "duration": 299294.7561139881
   }
  ],
  "correctness_metrics": [
   {
    "task": "index",
    "operation": "index",
    "recall@k": {},
    "recall@1": {},
    "error_rate": 0.0,
    "duration": 299294.7561139881
   }
  ],
  "profile_metrics": [],
  "total_time": 55146635,
  "total_time_per_shard": {
   "min": 2,
   "median": 2271900,
   "max": 2613281,
   "unit": "ms"
  },
  "indexing_throttle_time": 0,
  "indexing_throttle_time_per_shard": {
   "min": 0,
   "median": 0,
   "max": 0,
   "unit": "ms"
  },
  "merge_time": 8088148,
  "merge_time_per_shard": {
   "min": 0,
   "median": 345010,
   "max": 403665,
   "unit": "ms"
  },
  "merge_count": 1008,
  "refresh_time": 1226543,
  "refresh_time_per_shard": {
   "min": 180,
   "median": 48795,
   "max": 77841,
   "unit": "ms"
  },
  "refresh_count": 464,
  "flush_time": 921742,
  "flush_time_per_shard": {
   "min": 0,
   "median": 36711,
   "max": 49409,
   "unit": "ms"
  },
  "flush_count": 72,
  "merge_throttle_time": 696927,
  "merge_throttle_time_per_shard": {
   "min": 0,
   "median": 28158,
   "max": 49193,
   "unit": "ms"
  },
  "ml_processing_time": [],
  "young_gc_time": 97029,
  "young_gc_count": 1809,
  "old_gc_time": 0,
  "old_gc_count": 0,
  "memory_segments": 0,
  "memory_doc_values": 0,
  "memory_terms": 0,
  "memory_norms": 0,
  "memory_points": 0,
  "memory_stored_fields": 0,
  "store_size": 83959863620,
  "translog_size": 26139875768,
  "segment_count": 1360,
  "total_transform_search_times": [],
  "total_transform_index_times": [],
  "total_transform_processing_times": [],
  "total_transform_throughput": []
 },
 "workload-revision": "32d8806",
 "test_procedure": "append-no-conflicts",
 "workload-params": {
  "bulk_indexing_clients": 100,
  "bulk_size": 10000
 }
}