{
  "test_run_id": "d113f9df-87dc-432c-a9d1-5740eb06d4fa",
  "throughput": {
    "min": 534817.6757683923,
    "mean": 538920.1235082338,
    "median": 539352.8534026176,
    "max": 543304.1711910969,
    "unit": "docs/s"
  },
  "latency": {
    "50_0": 1702.345769997919,
    "90_0": 2747.6267850026493,
    "99_0": 3542.4369007954374,
    "99_9": 3887.7266115200537,
    "100_0": 3963.9471429982223,
    "mean": 1742.1387525115047,
    "unit": "ms"
  },
  "service_time": {
    "50_0": 1702.345769997919,
    "90_0": 2747.6267850026493,
    "99_0": 3542.4369007954374,
    "99_9": 3887.7266115200537,
    "100_0": 3963.9471429982223,
    "mean": 1742.1387525115047,
    "unit": "ms"
  },
  "error_rate": 0.0
}
