{
  "test_run_id": "c27d3ed2-b4c8-4423-b2d7-668a820a8e77",
  "throughput": {
    "min": 534848.8347749277,
    "mean": 541506.5364128262,
    "median": 541949.349289946,
    "max": 546168.8149053692,
    "unit": "docs/s"
  },
  "latency": {
    "50_0": 1806.4474340062588,
    "90_0": 2748.7725539831445,
    "99_0": 3452.0977478008704,
    "99_9": 4174.834755487988,
    "100_0": 4631.7148270318285,
    "mean": 1786.6723968510767,
    "unit": "ms"
  },
  "service_time": {
    "50_0": 1806.4474340062588,
    "90_0": 2748.7725539831445,
    "99_0": 3452.0977478008704,
    "99_9": 4174.834755487988,
    "100_0": 4631.7148270318285,
    "mean": 1786.6723968510767,
    "unit": "ms"
  },
  "error_rate": 0.0191763596353348
}
