{
  "test_run_id": "686ff830-7e7d-4991-9274-64d7cba82730",
  "throughput": {
    "min": 539059.2750720688,
    "mean": 542382.3199044886,
    "median": 540878.9414843677,
    "max": 549077.8882911507,
    "unit": "docs/s"
  },
  "latency": {
    "50_0": 1885.203684490989,
    "90_0": 2857.810352600063,
    "99_0": 3692.52326849557,
    "99_9": 4398.102153930564,
    "100_0": 4848.111289989902,
    "mean": 1875.849326107994,
    "unit": "ms"
  },
  "service_time": {
    "50_0": 1885.203684490989,
    "90_0": 2857.810352600063,
    "99_0": 3692.52326849557,
    "99_9": 4398.102153930564,
    "100_0": 4848.111289989902,
    "mean": 1875.849326107994,
    "unit": "ms"
  },
  "error_rate": 0.0
}
