{
  "test_run_id": "f77ea6a9-f8c1-4b50-bfc4-65c8e025703e",
  "throughput": {
    "min": 548295.7435891732,
    "mean": 552332.5239289196,
    "median": 551215.8783126019,
    "max": 558281.4614598417,
    "unit": "docs/s"
  },
  "latency": {
    "50_0": 1774.8883375024889,
    "90_0": 2784.7094071214087,
    "99_0": 4007.2458501183414,
    "99_9": 4687.131650781277,
    "100_0": 5103.803700010758,
    "mean": 1814.0854505020777,
    "unit": "ms"
  },
  "service_time": {
    "50_0": 1774.8883375024889,
    "90_0": 2784.7094071214087,
    "99_0": 4007.2458501183414,
    "99_9": 4687.131650781277,
    "100_0": 5103.803700010758,
    "mean": 1814.0854505020777,
    "unit": "ms"
  },
  "error_rate": 0.0
}
