{
  "test_run_id": "ec7b04e5-5aa6-492e-b25d-fb6f3367937f",
  "throughput": {
    "min": 543432.5622229923,
    "mean": 546818.7808693949,
    "median": 546637.523914934,
    "max": 549020.9154319322,
    "unit": "docs/s"
  },
  "latency": {
    "50_0": 1652.0675879728515,
    "90_0": 2789.6530048863497,
    "99_0": 3949.7393686143887,
    "99_9": 5027.629111179659,
    "100_0": 5081.616223033052,
    "mean": 1703.4868366119056,
    "unit": "ms"
  },
  "service_time": {
    "50_0": 1652.0675879728515,
    "90_0": 2789.6530048863497,
    "99_0": 3949.7393686143887,
    "99_9": 5027.629111179659,
    "100_0": 5081.616223033052,
    "mean": 1703.4868366119056,
    "unit": "ms"
  },
  "error_rate": 0.02765273311897106
}
