{
 "benchmark-version": "2.0.0",
 "benchmark-revision": null,
 "environment": "local",
 "test-run-id": "bef43484-908a-4f02-96b2-614c7bd738c9",
 "test-run-timestamp": "20251008T211109Z",
 "pipeline": "benchmark-only",
 "user-tags": {},
 "workload": "nyc_taxis",
 "cluster-config-instance": [
  "external"
 ],
 "cluster": {
  "revision": "8ff7c6ee924a49f0f59f80a6e1c73073c8904214",
  "distribution-version": "3.1.0",
  "distribution-flavor": "oss",
  "cluster-config-revision": null
 },
 "results": {
  "op_metrics": [
   {
    "task": "index",
    "operation": "index",
    "throughput": {
     "min": 527302.1887293615,
     "mean": 532027.4334045248,
     "median": 530418.1501897243,
     "max": 538091.9203837207,
     "unit": "docs/s"
    },
    "latency": {
     "50_0": 1953.8571400335059,
     "90_0": 2999.8066559783183,
     "99_0": 3902.257850795286,
     "99_9": 4889.279847878514,
     "100_0": 5420.59514101129,
     "mean": 1920.208791790567,
     "unit": "ms"
    },
    "service_time": {
     "50_0": 1953.8571400335059,
     "90_0": 2999.8066559783183,
     "99_0": 3902.257850795286,
     "99_9": 4889.279847878514,
     "100_0": 5420.59514101129,
     "mean": 1920.208791790567,
     "unit": "ms"
    },
    "client_processing_time": {
     "50_0": 1.3449789839796722,
     "90_0": 1.4678430161438882,
     "99_0": 7.652059069368952,
     "99_9": 18.541143729817133,
     "100_0": 31.975777936168015,
     "mean": 1.470140768784114,
     "unit": "ms"
    },
    "processing_time": {
     "50_0": 1958.5184250026941,
     "90_0": 3002.869933960028,
     "99_0": 3905.2539016818628,
     "99_9": 4891.907138254627,
     "100_0": 5423.702280037105,
     "mean": 1923.9396800267484,
     "unit": "ms"
    },
    "error_rate": 0.0,
    "duration": 311331.1205600039
   }
  ],
  "correctness_metrics": [
   {
    "task": "index",
    "operation": "index",
    "recall@k": {},
    "recall@1": {},
    "error_rate": 0.0,
    "duration": 311331.1205600039
   }
  ],
  "profile_metrics": [],
  "total_time": 58702250,
  "total_time_per_shard": {
   "min": 3,
   "median": 2407966,
   "max": 2882856,
   "unit": "ms"
  },
  "indexing_throttle_time": 0,
  "indexing_throttle_time_per_shard": {
   "min": 0,
   "median": 0,
   "max": 0,
   "unit": "ms"
  },
  "merge_time": 8685208,
  "merge_time_per_shard": {
   "min": 0,
   "median": 363429,
   "max": 433706,
   "unit": "ms"
  },
  "merge_count": 1165,
  "refresh_time": 1328964,
  "refresh_time_per_shard": {
   "min": 39,
   "median": 53234,
   "max": 73208,
   "unit": "ms"
  },
  "refresh_count": 530,
  "flush_time": 745454,
  "flush_time_per_shard": {
   "min": 0,
   "median": 31303,
   "max": 41428,
   "unit": "ms"
  },
  "flush_count": 72,
  "merge_throttle_time": 546289,
  "merge_throttle_time_per_shard": {
   "min": 0,
   "median": 21421,
   "max": 38979,
   "unit": "ms"
  },
  "ml_processing_time": [],
  "young_gc_time": 168400,
  "young_gc_count": 3352,
  "old_gc_time": 0,
  "old_gc_count": 0,
  "memory_segments": 0,
  "memory_doc_values": 0,
  "memory_terms": 0,
  "memory_norms": 0,
  "memory_points": 0,
  "memory_stored_fields": 0,
  "store_size": 87422054330,
  "translog_size": 28996220829,
  "segment_count": 1397,
  "total_transform_search_times": [],
  "total_transform_index_times": [],
  "total_transform_processing_times": [],
  "total_transform_throughput": []
 },
 "workload-revision": "32d8806",
 "test_procedure": "append-no-conflicts",
 "workload-params": {
  "bulk_indexing_clients": 100,
  "bulk_size": 10000
 }
}