{
 "benchmark-version": "2.0.0",
 "benchmark-revision": null,
 "environment": "local",
 "test-run-id": "454bf366-abaa-4fa3-9f24-e20a32791f37",
 "test-run-timestamp": "20251008T205954Z",
 "pipeline": "benchmark-only",
 "user-tags": {},
 "workload": "nyc_taxis",
 "cluster-config-instance": [
  "external"
 ],
 "cluster": {
  "revision": "8ff7c6ee924a49f0f59f80a6e1c73073c8904214",
  "distribution-version": "3.1.0",
  "distribution-flavor": "oss",
  "cluster-config-revision": null
 },
 "results": {
  "op_metrics": [
   {
    "task": "index",
    "operation": "index",
    "throughput": {
     "min": 537126.5277362476,
     "mean": 539094.2148809427,
     "median": 539018.2731901368,
     "max": 541475.8552601823,
     "unit": "docs/s"
    },
    "latency": {
     "50_0": 1742.5166269531474,
     "90_0": 2765.9069289802574,
     "99_0": 3666.6618283838034,
     "99_9": 5392.110941477626,
     "100_0": 5554.982344037853,
     "mean": 1770.69074293791,
     "unit": "ms"
    },
    "service_time": {
     "50_0": 1742.5166269531474,
     "90_0": 2765.9069289802574,
     "99_0": 3666.6618283838034,
     "99_9": 5392.110941477626,
     "100_0": 5554.982344037853,
     "mean": 1770.69074293791,
     "unit": "ms"
    },
    "client_processing_time": {
     "50_0": 1.3475739979185164,
     "90_0": 1.4442179817706347,
     "99_0": 5.386314028874065,
     "99_9": 28.71922714868956,
     "100_0": 38.392129994463176,
     "mean": 1.4252621557120082,
     "unit": "ms"
    },
    "processing_time": {
     "50_0": 1746.0620059864596,
     "90_0": 2769.041211984586,
     "99_0": 3670.651995833032,
     "99_9": 5395.158053651725,
     "100_0": 5558.011852030177,
     "mean": 1774.445301314754,
     "unit": "ms"
    },
    "error_rate": 0.0,
    "duration": 305993.6218530056
   }
  ],
  "correctness_metrics": [
   {
    "task": "index",
    "operation": "index",
    "recall@k": {},
    "recall@1": {},
    "error_rate": 0.0,
    "duration": 305993.6218530056
   }
  ],
  "profile_metrics": [],
  "total_time": 54862174,
  "total_time_per_shard": {
   "min": 70,
   "median": 2269463,
   "max": 2887950,
   "unit": "ms"
  },
  "indexing_throttle_time": 0,
  "indexing_throttle_time_per_shard": {
   "min": 0,
   "median": 0,
   "max": 0,
   "unit": "ms"
  },
  "merge_time": 9020038,
  "merge_time_per_shard": {
   "min": 45,
   "median": 379708,
   "max": 445590,
   "unit": "ms"
  },
  "merge_count": 1125,
  "refresh_time": 1302095,
  "refresh_time_per_shard": {
   "min": 535,
   "median": 52917,
   "max": 72169,
   "unit": "ms"
  },
  "refresh_count": 519,
  "flush_time": 725935,
  "flush_time_per_shard": {
   "min": 238,
   "median": 29889,
   "max": 38604,
   "unit": "ms"
  },
  "flush_count": 73,
  "merge_throttle_time": 714856,
  "merge_throttle_time_per_shard": {
   "min": 0,
   "median": 27123,
   "max": 77644,
   "unit": "ms"
  },
  "ml_processing_time": [],
  "young_gc_time": 173166,
  "young_gc_count": 3464,
  "old_gc_time": 0,
  "old_gc_count": 0,
  "memory_segments": 0,
  "memory_doc_values": 0,
  "memory_terms": 0,
  "memory_norms": 0,
  "memory_points": 0,
  "memory_stored_fields": 0,
  "store_size": 85856559082,
  "translog_size": 28599211998,
  "segment_count": 1162,
  "total_transform_search_times": [],
  "total_transform_index_times": [],
  "total_transform_processing_times": [],
  "total_transform_throughput": []
 },
 "workload-revision": "32d8806",
 "test_procedure": "append-no-conflicts",
 "workload-params": {
  "bulk_indexing_clients": 100,
  "bulk_size": 10000
 }
}