{
  "test_run_id": "acb41cf5-6960-45ee-94e4-f980ae51ca06",
  "throughput": {
    "min": 542006.2879277118,
    "mean": 546490.7429680596,
    "median": 545754.0151739761,
    "max": 551300.664429357,
    "unit": "docs/s"
  },
  "latency": {
    "50_0": 1834.6065584919415,
    "90_0": 2957.1078948996733,
    "99_0": 3898.2327094874922,
    "99_9": 4975.745738721608,
    "100_0": 5220.022087014513,
    "mean": 1825.802718930132,
    "unit": "ms"
  },
  "service_time": {
    "50_0": 1834.6065584919415,
    "90_0": 2957.1078948996733,
    "99_0": 3898.2327094874922,
    "99_9": 4975.745738721608,
    "100_0": 5220.022087014513,
    "mean": 1825.802718930132,
    "unit": "ms"
  },
  "error_rate": 0.0
}
