{
  "test_run_id": "49e3c3f5-e4c8-4140-af88-391119bd8fa6",
  "throughput": {
    "min": 534478.3127072097,
    "mean": 541299.3841464976,
    "median": 540772.7322944147,
    "max": 546722.6244031363,
    "unit": "docs/s"
  },
  "latency": {
    "50_0": 1793.5719009838067,
    "90_0": 2789.3763494794257,
    "99_0": 3713.4529802278835,
    "99_9": 4214.182310587378,
    "100_0": 4825.259811943397,
    "mean": 1814.963926522187,
    "unit": "ms"
  },
  "service_time": {
    "50_0": 1793.5719009838067,
    "90_0": 2789.3763494794257,
    "99_0": 3713.4529802278835,
    "99_9": 4214.182310587378,
    "100_0": 4825.259811943397,
    "mean": 1814.963926522187,
    "unit": "ms"
  },
  "error_rate": 0.0
}
