{
 "benchmark-version": "2.0.0",
 "benchmark-revision": null,
 "environment": "local",
 "test-run-id": "a7874c33-5e7d-4541-a2a5-88b9478b51dd",
 "test-run-timestamp": "20251008T202946Z",
 "pipeline": "benchmark-only",
 "user-tags": {},
 "workload": "nyc_taxis",
 "cluster-config-instance": [
  "external"
 ],
 "cluster": {
  "revision": "8ff7c6ee924a49f0f59f80a6e1c73073c8904214",
  "distribution-version": "3.1.0",
  "distribution-flavor": "oss",
  "cluster-config-revision": null
 },
 "results": {
  "op_metrics": [
   {
    "task": "index",
    "operation": "index",
    "throughput": {
     "min": 512938.0285915137,
     "mean": 516026.7472744003,
     "median": 515327.7670979898,
     "max": 521629.9662420591,
     "unit": "docs/s"
    },
    "latency": {
     "50_0": 1878.5452969896141,
     "90_0": 2839.7898146067746,
     "99_0": 3723.5222965321746,
     "99_9": 4237.844980736897,
     "100_0": 4936.468410975067,
     "mean": 1889.810653828421,
     "unit": "ms"
    },
    "service_time": {
     "50_0": 1878.5452969896141,
     "90_0": 2839.7898146067746,
     "99_0": 3723.5222965321746,
     "99_9": 4237.844980736897,
     "100_0": 4936.468410975067,
     "mean": 1889.810653828421,
     "unit": "ms"
    },
    "client_processing_time": {
     "50_0": 1.320268987910822,
     "90_0": 1.4130706083960831,
     "99_0": 6.356595385004769,
     "99_9": 65.84422674338664,
     "100_0": 86.76248500705697,
     "mean": 1.342937883820495,
     "unit": "ms"
    },
    "processing_time": {
     "50_0": 1882.8673579846509,
     "90_0": 2848.619745793985,
     "99_0": 3732.530880321284,
     "99_9": 4240.9441832863895,
     "100_0": 4939.454704988748,
     "mean": 1900.90421143917,
     "unit": "ms"
    },
    "error_rate": 0.0,
    "duration": 316661.82884701993
   }
  ],
  "correctness_metrics": [
   {
    "task": "index",
    "operation": "index",
    "recall@k": {},
    "recall@1": {},
    "error_rate": 0.0,
    "duration": 316661.82884701993
   }
  ],
  "profile_metrics": [],
  "total_time": 65548216,
  "total_time_per_shard": {
   "min": 9498,
   "median": 2699106,
   "max": 3279796,
   "unit": "ms"
  },
  "indexing_throttle_time": 0,
  "indexing_throttle_time_per_shard": {
   "min": 0,
   "median": 0,
   "max": 0,
   "unit": "ms"
  },
  "merge_time": 8044162,
  "merge_time_per_shard": {
   "min": 278,
   "median": 323499,
   "max": 433934,
   "unit": "ms"
  },
  "merge_count": 1061,
  "refresh_time": 1428258,
  "refresh_time_per_shard": {
   "min": 2092,
   "median": 58577,
   "max": 95674,
   "unit": "ms"
  },
  "refresh_count": 461,
  "flush_time": 847740,
  "flush_time_per_shard": {
   "min": 475,
   "median": 34782,
   "max": 43277,
   "unit": "ms"
  },
  "flush_count": 73,
  "merge_throttle_time": 632641,
  "merge_throttle_time_per_shard": {
   "min": 0,
   "median": 23219,
   "max": 56346,
   "unit": "ms"
  },
  "ml_processing_time": [],
  "young_gc_time": 140012,
  "young_gc_count": 2671,
  "old_gc_time": 0,
  "old_gc_count": 0,
  "memory_segments": 0,
  "memory_doc_values": 0,
  "memory_terms": 0,
  "memory_norms": 0,
  "memory_points": 0,
  "memory_stored_fields": 0,
  "store_size": 87437806139,
  "translog_size": 29589233784,
  "segment_count": 1318,
  "total_transform_search_times": [],
  "total_transform_index_times": [],
  "total_transform_processing_times": [],
  "total_transform_throughput": []
 },
 "workload-revision": "32d8806",
 "test_procedure": "append-no-conflicts",
 "workload-params": {
  "bulk_indexing_clients": 100,
  "bulk_size": 10000
 }
}