{
  "test_run_id": "3a7c134e-b38d-4be4-a6da-d2a9ff1da102",
  "throughput": {
    "min": 524103.8853479836,
    "mean": 526073.527425018,
    "median": 525714.8830743056,
    "max": 528798.8843518967,
    "unit": "docs/s"
  },
  "latency": {
    "50_0": 1802.0534720126307,
    "90_0": 2856.0804738983284,
    "99_0": 3559.1598759865155,
    "99_9": 4044.649824639376,
    "100_0": 4188.853693980491,
    "mean": 1817.2904650290147,
    "unit": "ms"
  },
  "service_time": {
    "50_0": 1802.0534720126307,
    "90_0": 2856.0804738983284,
    "99_0": 3559.1598759865155,
    "99_9": 4044.649824639376,
    "100_0": 4188.853693980491,
    "mean": 1817.2904650290147,
    "unit": "ms"
  },
  "error_rate": 0.0
}
