{
  "test_run_id": "e5787f1a-6ff5-4fbf-93b1-e92f37fa3139",
  "throughput": {
    "min": 513925.4745809545,
    "mean": 516979.0197144785,
    "median": 517230.01476368145,
    "max": 519563.19763758313,
    "unit": "docs/s"
  },
  "latency": {
    "50_0": 1815.543950011488,
    "90_0": 2771.080768224784,
    "99_0": 3847.0790941035393,
    "99_9": 4342.600233902691,
    "100_0": 5212.472117040306,
    "mean": 1839.1209105034222,
    "unit": "ms"
  },
  "service_time": {
    "50_0": 1815.543950011488,
    "90_0": 2771.080768224784,
    "99_0": 3847.0790941035393,
    "99_9": 4342.600233902691,
    "100_0": 5212.472117040306,
    "mean": 1839.1209105034222,
    "unit": "ms"
  },
  "error_rate": 0.0
}
