{
  "test_run_id": "bef43484-908a-4f02-96b2-614c7bd738c9",
  "throughput": {
    "min": 527302.1887293615,
    "mean": 532027.4334045248,
    "median": 530418.1501897243,
    "max": 538091.9203837207,
    "unit": "docs/s"
  },
  "latency": {
    "50_0": 1953.8571400335059,
    "90_0": 2999.8066559783183,
    "99_0": 3902.257850795286,
    "99_9": 4889.279847878514,
    "100_0": 5420.59514101129,
    "mean": 1920.208791790567,
    "unit": "ms"
  },
  "service_time": {
    "50_0": 1953.8571400335059,
    "90_0": 2999.8066559783183,
    "99_0": 3902.257850795286,
    "99_9": 4889.279847878514,
    "100_0": 5420.59514101129,
    "mean": 1920.208791790567,
    "unit": "ms"
  },
  "error_rate": 0.0
}
