{
 "benchmark-version": "2.0.0",
 "benchmark-revision": null,
 "environment": "local",
 "test-run-id": "9c91a73c-3022-40ff-a8c2-44a386005dcc",
 "test-run-timestamp": "20251008T044510Z",
 "pipeline": "benchmark-only",
 "user-tags": {},
 "workload": "nyc_taxis",
 "cluster-config-instance": [
  "external"
 ],
 "cluster": {
  "revision": "8ff7c6ee924a49f0f59f80a6e1c73073c8904214",
  "distribution-version": "3.1.0",
  "distribution-flavor": "oss",
  "cluster-config-revision": null
 },
 "results": {
  "op_metrics": [
   {
    "task": "index",
    "operation": "index",
    "throughput": {
     "min": 571974.2364960156,
     "mean": 581569.0561442934,
     "median": 582702.2416012728,
     "max": 585029.2759237027,
     "unit": "docs/s"
    },
    "latency": {
     "50_0": 840.415465994738,
     "90_0": 1951.64313649002,
     "99_0": 2643.725391860056,
     "99_9": 3177.874762801221,
     "100_0": 3772.1189850126393,
     "mean": 1062.963246057186,
     "unit": "ms"
    },
    "service_time": {
     "50_0": 840.415465994738,
     "90_0": 1951.64313649002,
     "99_0": 2643.725391860056,
     "99_9": 3177.874762801221,
     "100_0": 3772.1189850126393,
     "mean": 1062.963246057186,
     "unit": "ms"
    },
    "client_processing_time": {
     "50_0": 1.294884001254104,
     "90_0": 1.410655997460708,
     "99_0": 4.84684015973469,
     "99_9": 35.423816158436324,
     "100_0": 68.07130199740641,
     "mean": 1.4618823345133796,
     "unit": "ms"
    },
    "processing_time": {
     "50_0": 844.0854190121172,
     "90_0": 1954.4856654974865,
     "99_0": 2646.555487207655,
     "99_9": 3180.7005857945483,
     "100_0": 3775.077470985707,
     "mean": 1066.23183997039,
     "unit": "ms"
    },
    "error_rate": 0.0,
    "duration": 287734.30235599517
   }
  ],
  "correctness_metrics": [
   {
    "task": "index",
    "operation": "index",
    "recall@k": {},
    "recall@1": {},
    "error_rate": 0.0,
    "duration": 287734.30235599517
   }
  ],
  "profile_metrics": [],
  "total_time": 41174811,
  "total_time_per_shard": {
   "min": 2,
   "median": 853231,
   "max": 985425,
   "unit": "ms"
  },
  "indexing_throttle_time": 0,
  "indexing_throttle_time_per_shard": {
   "min": 0,
   "median": 0,
   "max": 0,
   "unit": "ms"
  },
  "merge_time": 6271464,
  "merge_time_per_shard": {
   "min": 15,
   "median": 132622,
   "max": 184902,
   "unit": "ms"
  },
  "merge_count": 677,
  "refresh_time": 1085040,
  "refresh_time_per_shard": {
   "min": 27,
   "median": 23207,
   "max": 37823,
   "unit": "ms"
  },
  "refresh_count": 613,
  "flush_time": 278562,
  "flush_time_per_shard": {
   "min": 230,
   "median": 4759,
   "max": 12193,
   "unit": "ms"
  },
  "flush_count": 49,
  "merge_throttle_time": 690538,
  "merge_throttle_time_per_shard": {
   "min": 0,
   "median": 13705,
   "max": 28717,
   "unit": "ms"
  },
  "ml_processing_time": [],
  "young_gc_time": 59703,
  "young_gc_count": 958,
  "old_gc_time": 0,
  "old_gc_count": 0,
  "memory_segments": 0,
  "memory_doc_values": 0,
  "memory_terms": 0,
  "memory_norms": 0,
  "memory_points": 0,
  "memory_stored_fields": 0,
  "store_size": 95597185022,
  "translog_size": 73569828363,
  "segment_count": 1314,
  "total_transform_search_times": [],
  "total_transform_index_times": [],
  "total_transform_processing_times": [],
  "total_transform_throughput": []
 },
 "workload-revision": "32d8806",
 "test_procedure": "append-no-conflicts",
 "workload-params": {
  "bulk_indexing_clients": 60,
  "bulk_size": 10000
 }
}