{
  "test_run_id": "9c91a73c-3022-40ff-a8c2-44a386005dcc",
  "throughput": {
    "min": 571974.2364960156,
    "mean": 581569.0561442934,
    "median": 582702.2416012728,
    "max": 585029.2759237027,
    "unit": "docs/s"
  },
  "latency": {
    "50_0": 840.415465994738,
    "90_0": 1951.64313649002,
    "99_0": 2643.725391860056,
    "99_9": 3177.874762801221,
    "100_0": 3772.1189850126393,
    "mean": 1062.963246057186,
    "unit": "ms"
  },
  "service_time": {
    "50_0": 840.415465994738,
    "90_0": 1951.64313649002,
    "99_0": 2643.725391860056,
    "99_9": 3177.874762801221,
    "100_0": 3772.1189850126393,
    "mean": 1062.963246057186,
    "unit": "ms"
  },
  "error_rate": 0.0
}
