{
  "test_run_id": "d9e8b2b8-3a4f-420f-9945-7a5424f25399",
  "throughput": {
    "min": 552942.8577593727,
    "mean": 555575.4107090207,
    "median": 555588.9564612949,
    "max": 556878.8015321002,
    "unit": "docs/s"
  },
  "latency": {
    "50_0": 818.4121469967067,
    "90_0": 1835.4305767978076,
    "99_0": 2381.9373470777646,
    "99_9": 2963.7231689721907,
    "100_0": 3148.453764995793,
    "mean": 1014.7998228657475,
    "unit": "ms"
  },
  "service_time": {
    "50_0": 818.4121469967067,
    "90_0": 1835.4305767978076,
    "99_0": 2381.9373470777646,
    "99_9": 2963.7231689721907,
    "100_0": 3148.453764995793,
    "mean": 1014.7998228657475,
    "unit": "ms"
  },
  "error_rate": 0.0
}
