{
  "test_run_id": "c3227ff5-295f-43bc-a4cb-3d68e7e58ad0",
  "throughput": {
    "min": 568053.8152216636,
    "mean": 572682.8216050395,
    "median": 572810.8954204178,
    "max": 573753.7565507559,
    "unit": "docs/s"
  },
  "latency": {
    "50_0": 765.9486620104872,
    "90_0": 1865.446970195626,
    "99_0": 2398.8561617987584,
    "99_9": 2672.315513749848,
    "100_0": 2845.973616989795,
    "mean": 988.9503312519387,
    "unit": "ms"
  },
  "service_time": {
    "50_0": 765.9486620104872,
    "90_0": 1865.446970195626,
    "99_0": 2398.8561617987584,
    "99_9": 2672.315513749848,
    "100_0": 2845.973616989795,
    "mean": 988.9503312519387,
    "unit": "ms"
  },
  "error_rate": 0.0
}
