{
  "test_run_id": "5a4b2314-a31f-472b-ab88-300cc4e49fc6",
  "throughput": {
    "min": 579727.5758301602,
    "mean": 585448.3409657291,
    "median": 585850.4822812451,
    "max": 588232.2624131929,
    "unit": "docs/s"
  },
  "latency": {
    "50_0": 887.201275996631,
    "90_0": 1807.1732922107915,
    "99_0": 2399.061147934988,
    "99_9": 2700.6139153090785,
    "100_0": 2855.644670984475,
    "mean": 1009.1653317759144,
    "unit": "ms"
  },
  "service_time": {
    "50_0": 887.201275996631,
    "90_0": 1807.1732922107915,
    "99_0": 2399.061147934988,
    "99_9": 2700.6139153090785,
    "100_0": 2855.644670984475,
    "mean": 1009.1653317759144,
    "unit": "ms"
  },
  "error_rate": 0.0
}
