{
 "benchmark-version": "2.0.0",
 "benchmark-revision": null,
 "environment": "local",
 "test-run-id": "a297dc9d-a2aa-479b-84c0-22acfe4ac46b",
 "test-run-timestamp": "20251008T050349Z",
 "pipeline": "benchmark-only",
 "user-tags": {},
 "workload": "nyc_taxis",
 "cluster-config-instance": [
  "external"
 ],
 "cluster": {
  "revision": "8ff7c6ee924a49f0f59f80a6e1c73073c8904214",
  "distribution-version": "3.1.0",
  "distribution-flavor": "oss",
  "cluster-config-revision": null
 },
 "results": {
  "op_metrics": [
   {
    "task": "index",
    "operation": "index",
    "throughput": {
     "min": 513278.43119325174,
     "mean": 519297.7885093595,
     "median": 519574.2917430429,
     "max": 522967.34992116294,
     "unit": "docs/s"
    },
    "latency": {
     "50_0": 1070.8670500025619,
     "90_0": 1870.8676190144615,
     "99_0": 2407.99359614175,
     "99_9": 3427.0256069603906,
     "100_0": 3717.537112010177,
     "mean": 1156.2289243201412,
     "unit": "ms"
    },
    "service_time": {
     "50_0": 1070.8670500025619,
     "90_0": 1870.8676190144615,
     "99_0": 2407.99359614175,
     "99_9": 3427.0256069603906,
     "100_0": 3717.537112010177,
     "mean": 1156.2289243201412,
     "unit": "ms"
    },
    "client_processing_time": {
     "50_0": 1.3160729868104681,
     "90_0": 1.4337879983941093,
     "99_0": 34.797569282818564,
     "99_9": 66.53465806259217,
     "100_0": 72.64221599325538,
     "mean": 1.8946160844284459,
     "unit": "ms"
    },
    "processing_time": {
     "50_0": 1077.160973509308,
     "90_0": 1875.3362894931342,
     "99_0": 2410.971799792605,
     "99_9": 3429.96134782284,
     "100_0": 3720.504719996825,
     "mean": 1161.7109889784688,
     "unit": "ms"
    },
    "error_rate": 0.0,
    "duration": 320791.30043898476
   }
  ],
  "correctness_metrics": [
   {
    "task": "index",
    "operation": "index",
    "recall@k": {},
    "recall@1": {},
    "error_rate": 0.0,
    "duration": 320791.30043898476
   }
  ],
  "profile_metrics": [],
  "total_time": 43423932,
  "total_time_per_shard": {
   "min": 2,
   "median": 900657,
   "max": 976444,
   "unit": "ms"
  },
  "indexing_throttle_time": 0,
  "indexing_throttle_time_per_shard": {
   "min": 0,
   "median": 0,
   "max": 0,
   "unit": "ms"
  },
  "merge_time": 8798235,
  "merge_time_per_shard": {
   "min": 0,
   "median": 178503,
   "max": 267641,
   "unit": "ms"
  },
  "merge_count": 1133,
  "refresh_time": 1415391,
  "refresh_time_per_shard": {
   "min": 304,
   "median": 29113,
   "max": 45574,
   "unit": "ms"
  },
  "refresh_count": 817,
  "flush_time": 391236,
  "flush_time_per_shard": {
   "min": 0,
   "median": 8453,
   "max": 10582,
   "unit": "ms"
  },
  "flush_count": 48,
  "merge_throttle_time": 602617,
  "merge_throttle_time_per_shard": {
   "min": 0,
   "median": 11850,
   "max": 21652,
   "unit": "ms"
  },
  "ml_processing_time": [],
  "young_gc_time": 109473,
  "young_gc_count": 2085,
  "old_gc_time": 0,
  "old_gc_count": 0,
  "memory_segments": 0,
  "memory_doc_values": 0,
  "memory_terms": 0,
  "memory_norms": 0,
  "memory_points": 0,
  "memory_stored_fields": 0,
  "store_size": 98828045882,
  "translog_size": 73231466614,
  "segment_count": 1440,
  "total_transform_search_times": [],
  "total_transform_index_times": [],
  "total_transform_processing_times": [],
  "total_transform_throughput": []
 },
 "workload-revision": "32d8806",
 "test_procedure": "append-no-conflicts",
 "workload-params": {
  "bulk_indexing_clients": 60,
  "bulk_size": 10000
 }
}