{
  "test_run_id": "2797f219-4ca1-4a58-97cc-91076a115c97",
  "throughput": {
    "min": 508607.02765746263,
    "mean": 515636.36396752147,
    "median": 515787.77459321707,
    "max": 519231.7574761941,
    "unit": "docs/s"
  },
  "latency": {
    "50_0": 1145.1724729849957,
    "90_0": 1854.1989139921498,
    "99_0": 2504.66147219704,
    "99_9": 2959.0339138160944,
    "100_0": 3612.649140995927,
    "mean": 1172.4271604831383,
    "unit": "ms"
  },
  "service_time": {
    "50_0": 1145.1724729849957,
    "90_0": 1854.1989139921498,
    "99_0": 2504.66147219704,
    "99_9": 2959.0339138160944,
    "100_0": 3612.649140995927,
    "mean": 1172.4271604831383,
    "unit": "ms"
  },
  "error_rate": 0.0
}
