{
  "test_run_id": "92773e68-a993-48d4-a79f-7fbe18377423",
  "throughput": {
    "min": 497859.2966526401,
    "mean": 503454.29075504624,
    "median": 503557.18877510336,
    "max": 505803.12466990674,
    "unit": "docs/s"
  },
  "latency": {
    "50_0": 1092.9744780005421,
    "90_0": 1867.7041489863768,
    "99_0": 2380.698619244504,
    "99_9": 2869.77649135035,
    "100_0": 3043.875425006263,
    "mean": 1160.937220705682,
    "unit": "ms"
  },
  "service_time": {
    "50_0": 1092.9744780005421,
    "90_0": 1867.7041489863768,
    "99_0": 2380.698619244504,
    "99_9": 2869.77649135035,
    "100_0": 3043.875425006263,
    "mean": 1160.937220705682,
    "unit": "ms"
  },
  "error_rate": 0.0
}
