{
 "benchmark-version": "2.0.0",
 "benchmark-revision": null,
 "environment": "local",
 "test-run-id": "8399d88e-7677-487f-803e-57d8fba46f84",
 "test-run-timestamp": "20251008T052321Z",
 "pipeline": "benchmark-only",
 "user-tags": {},
 "workload": "nyc_taxis",
 "cluster-config-instance": [
  "external"
 ],
 "cluster": {
  "revision": "8ff7c6ee924a49f0f59f80a6e1c73073c8904214",
  "distribution-version": "3.1.0",
  "distribution-flavor": "oss",
  "cluster-config-revision": null
 },
 "results": {
  "op_metrics": [
   {
    "task": "index",
    "operation": "index",
    "throughput": {
     "min": 498915.5387012556,
     "mean": 506564.25419063715,
     "median": 507447.54995458125,
     "max": 511328.5748149904,
     "unit": "docs/s"
    },
    "latency": {
     "50_0": 1105.251180502819,
     "90_0": 1984.2878543044208,
     "99_0": 2601.044405639406,
     "99_9": 3258.050765879049,
     "100_0": 5620.867557008751,
     "mean": 1198.5906903746745,
     "unit": "ms"
    },
    "service_time": {
     "50_0": 1105.251180502819,
     "90_0": 1984.2878543044208,
     "99_0": 2601.044405639406,
     "99_9": 3258.050765879049,
     "100_0": 5620.867557008751,
     "mean": 1198.5906903746745,
     "unit": "ms"
    },
    "client_processing_time": {
     "50_0": 1.302656004554592,
     "90_0": 1.4130325173027813,
     "99_0": 6.933610802516468,
     "99_9": 15.655398861855119,
     "100_0": 34.56973299034871,
     "mean": 1.420303792041678,
     "unit": "ms"
    },
    "processing_time": {
     "50_0": 1109.2411239951616,
     "90_0": 1987.3133429064183,
     "99_0": 2603.8956376852016,
     "99_9": 3261.7139080012303,
     "100_0": 5623.89320100192,
     "mean": 1202.1118377966275,
     "unit": "ms"
    },
    "error_rate": 0.0,
    "duration": 329175.244440994
   }
  ],
  "correctness_metrics": [
   {
    "task": "index",
    "operation": "index",
    "recall@k": {},
    "recall@1": {},
    "error_rate": 0.0,
    "duration": 329175.244440994
   }
  ],
  "profile_metrics": [],
  "total_time": 48410651,
  "total_time_per_shard": {
   "min": 6,
   "median": 1005977,
   "max": 1136467,
   "unit": "ms"
  },
  "indexing_throttle_time": 0,
  "indexing_throttle_time_per_shard": {
   "min": 0,
   "median": 0,
   "max": 0,
   "unit": "ms"
  },
  "merge_time": 8814610,
  "merge_time_per_shard": {
   "min": 0,
   "median": 178578,
   "max": 278399,
   "unit": "ms"
  },
  "merge_count": 1163,
  "refresh_time": 1414546,
  "refresh_time_per_shard": {
   "min": 166,
   "median": 28365,
   "max": 47121,
   "unit": "ms"
  },
  "refresh_count": 804,
  "flush_time": 466201,
  "flush_time_per_shard": {
   "min": 0,
   "median": 9548,
   "max": 15256,
   "unit": "ms"
  },
  "flush_count": 48,
  "merge_throttle_time": 518978,
  "merge_throttle_time_per_shard": {
   "min": 0,
   "median": 10228,
   "max": 22573,
   "unit": "ms"
  },
  "ml_processing_time": [],
  "young_gc_time": 126083,
  "young_gc_count": 2492,
  "old_gc_time": 0,
  "old_gc_count": 0,
  "memory_segments": 0,
  "memory_doc_values": 0,
  "memory_terms": 0,
  "memory_norms": 0,
  "memory_points": 0,
  "memory_stored_fields": 0,
  "store_size": 96336845848,
  "translog_size": 73740591329,
  "segment_count": 1428,
  "total_transform_search_times": [],
  "total_transform_index_times": [],
  "total_transform_processing_times": [],
  "total_transform_throughput": []
 },
 "workload-revision": "32d8806",
 "test_procedure": "append-no-conflicts",
 "workload-params": {
  "bulk_indexing_clients": 60,
  "bulk_size": 10000
 }
}