{
  "test_run_id": "9cc1908f-621a-4817-bab3-b33c011791d1",
  "throughput": {
    "min": 518174.73551499436,
    "mean": 523693.8841123506,
    "median": 523851.99349104904,
    "max": 527386.2948173617,
    "unit": "docs/s"
  },
  "latency": {
    "50_0": 1032.2376800031634,
    "90_0": 1920.1725012855604,
    "99_0": 2450.133977946536,
    "99_9": 2778.9761973754635,
    "100_0": 2999.903710995568,
    "mean": 1143.790334926884,
    "unit": "ms"
  },
  "service_time": {
    "50_0": 1032.2376800031634,
    "90_0": 1920.1725012855604,
    "99_0": 2450.133977946536,
    "99_9": 2778.9761973754635,
    "100_0": 2999.903710995568,
    "mean": 1143.790334926884,
    "unit": "ms"
  },
  "error_rate": 0.0
}
