{
  "test_run_id": "5b0a901c-2ada-4793-a1b3-da5b892eac03",
  "throughput": {
    "min": 494775.5034501169,
    "mean": 499460.616017582,
    "median": 499279.70512929984,
    "max": 504260.09799689037,
    "unit": "docs/s"
  },
  "latency": {
    "50_0": 1153.1993825046811,
    "90_0": 1947.3445044859545,
    "99_0": 2541.1720689575295,
    "99_9": 2804.791917477851,
    "100_0": 3097.3689149832353,
    "mean": 1213.7064654515734,
    "unit": "ms"
  },
  "service_time": {
    "50_0": 1153.1993825046811,
    "90_0": 1947.3445044859545,
    "99_0": 2541.1720689575295,
    "99_9": 2804.791917477851,
    "100_0": 3097.3689149832353,
    "mean": 1213.7064654515734,
    "unit": "ms"
  },
  "error_rate": 0.0
}
