{
  "test_run_id": "d5bd7f85-e3a7-4931-9436-639b315245ba",
  "throughput": {
    "min": 481622.76876231487,
    "mean": 485602.9428581244,
    "median": 485702.3474858759,
    "max": 487513.1581636611,
    "unit": "docs/s"
  },
  "latency": {
    "50_0": 1137.826345016947,
    "90_0": 1858.2011813996357,
    "99_0": 2409.0389394538943,
    "99_9": 2799.877686174893,
    "100_0": 3392.902102001244,
    "mean": 1184.0415779473985,
    "unit": "ms"
  },
  "service_time": {
    "50_0": 1137.826345016947,
    "90_0": 1858.2011813996357,
    "99_0": 2409.0389394538943,
    "99_9": 2799.877686174893,
    "100_0": 3392.902102001244,
    "mean": 1184.0415779473985,
    "unit": "ms"
  },
  "error_rate": 0.0
}
