{
  "test_run_id": "a297dc9d-a2aa-479b-84c0-22acfe4ac46b",
  "throughput": {
    "min": 513278.43119325174,
    "mean": 519297.7885093595,
    "median": 519574.2917430429,
    "max": 522967.34992116294,
    "unit": "docs/s"
  },
  "latency": {
    "50_0": 1070.8670500025619,
    "90_0": 1870.8676190144615,
    "99_0": 2407.99359614175,
    "99_9": 3427.0256069603906,
    "100_0": 3717.537112010177,
    "mean": 1156.2289243201412,
    "unit": "ms"
  },
  "service_time": {
    "50_0": 1070.8670500025619,
    "90_0": 1870.8676190144615,
    "99_0": 2407.99359614175,
    "99_9": 3427.0256069603906,
    "100_0": 3717.537112010177,
    "mean": 1156.2289243201412,
    "unit": "ms"
  },
  "error_rate": 0.0
}
