{
  "test_run_id": "8399d88e-7677-487f-803e-57d8fba46f84",
  "throughput": {
    "min": 498915.5387012556,
    "mean": 506564.25419063715,
    "median": 507447.54995458125,
    "max": 511328.5748149904,
    "unit": "docs/s"
  },
  "latency": {
    "50_0": 1105.251180502819,
    "90_0": 1984.2878543044208,
    "99_0": 2601.044405639406,
    "99_9": 3258.050765879049,
    "100_0": 5620.867557008751,
    "mean": 1198.5906903746745,
    "unit": "ms"
  },
  "service_time": {
    "50_0": 1105.251180502819,
    "90_0": 1984.2878543044208,
    "99_0": 2601.044405639406,
    "99_9": 3258.050765879049,
    "100_0": 5620.867557008751,
    "mean": 1198.5906903746745,
    "unit": "ms"
  },
  "error_rate": 0.0
}
