{
 "benchmark-version": "2.0.0",
 "benchmark-revision": null,
 "environment": "local",
 "test-run-id": "9cc1908f-621a-4817-bab3-b33c011791d1",
 "test-run-timestamp": "20251008T050942Z",
 "pipeline": "benchmark-only",
 "user-tags": {},
 "workload": "nyc_taxis",
 "cluster-config-instance": [
  "external"
 ],
 "cluster": {
  "revision": "8ff7c6ee924a49f0f59f80a6e1c73073c8904214",
  "distribution-version": "3.1.0",
  "distribution-flavor": "oss",
  "cluster-config-revision": null
 },
 "results": {
  "op_metrics": [
   {
    "task": "index",
    "operation": "index",
    "throughput": {
     "min": 518174.73551499436,
     "mean": 523693.8841123506,
     "median": 523851.99349104904,
     "max": 527386.2948173617,
     "unit": "docs/s"
    },
    "latency": {
     "50_0": 1032.2376800031634,
     "90_0": 1920.1725012855604,
     "99_0": 2450.133977946536,
     "99_9": 2778.9761973754635,
     "100_0": 2999.903710995568,
     "mean": 1143.790334926884,
     "unit": "ms"
    },
    "service_time": {
     "50_0": 1032.2376800031634,
     "90_0": 1920.1725012855604,
     "99_0": 2450.133977946536,
     "99_9": 2778.9761973754635,
     "100_0": 2999.903710995568,
     "mean": 1143.790334926884,
     "unit": "ms"
    },
    "client_processing_time": {
     "50_0": 1.3016970187891275,
     "90_0": 1.4389414922334254,
     "99_0": 8.909267439448756,
     "99_9": 37.81663460459095,
     "100_0": 69.26108899642713,
     "mean": 1.59079392244339,
     "unit": "ms"
    },
    "processing_time": {
     "50_0": 1036.0725079954136,
     "90_0": 1923.3152712084118,
     "99_0": 2452.9136492477865,
     "99_9": 2784.7527536481334,
     "100_0": 3002.90031201439,
     "mean": 1147.4858594360828,
     "unit": "ms"
    },
    "error_rate": 0.0,
    "duration": 317990.22295800387
   }
  ],
  "correctness_metrics": [
   {
    "task": "index",
    "operation": "index",
    "recall@k": {},
    "recall@1": {},
    "error_rate": 0.0,
    "duration": 317990.22295800387
   }
  ],
  "profile_metrics": [],
  "total_time": 44949803,
  "total_time_per_shard": {
   "min": 1,
   "median": 939959,
   "max": 1038894,
   "unit": "ms"
  },
  "indexing_throttle_time": 0,
  "indexing_throttle_time_per_shard": {
   "min": 0,
   "median": 0,
   "max": 0,
   "unit": "ms"
  },
  "merge_time": 8338822,
  "merge_time_per_shard": {
   "min": 119,
   "median": 166310,
   "max": 261094,
   "unit": "ms"
  },
  "merge_count": 1106,
  "refresh_time": 1422443,
  "refresh_time_per_shard": {
   "min": 323,
   "median": 30274,
   "max": 46430,
   "unit": "ms"
  },
  "refresh_count": 813,
  "flush_time": 404210,
  "flush_time_per_shard": {
   "min": 328,
   "median": 8371,
   "max": 14392,
   "unit": "ms"
  },
  "flush_count": 49,
  "merge_throttle_time": 600932,
  "merge_throttle_time_per_shard": {
   "min": 0,
   "median": 11584,
   "max": 21577,
   "unit": "ms"
  },
  "ml_processing_time": [],
  "young_gc_time": 103207,
  "young_gc_count": 2075,
  "old_gc_time": 0,
  "old_gc_count": 0,
  "memory_segments": 0,
  "memory_doc_values": 0,
  "memory_terms": 0,
  "memory_norms": 0,
  "memory_points": 0,
  "memory_stored_fields": 0,
  "store_size": 96365766995,
  "translog_size": 73957482594,
  "segment_count": 1303,
  "total_transform_search_times": [],
  "total_transform_index_times": [],
  "total_transform_processing_times": [],
  "total_transform_throughput": []
 },
 "workload-revision": "32d8806",
 "test_procedure": "append-no-conflicts",
 "workload-params": {
  "bulk_indexing_clients": 60,
  "bulk_size": 10000
 }
}