{
  "test_run_id": "b4034d25-5ff8-452e-8e61-fce6320835d3",
  "throughput": {
    "min": 513090.30217353464,
    "mean": 521999.2040968102,
    "median": 522682.41113333264,
    "max": 528315.7867695409,
    "unit": "docs/s"
  },
  "latency": {
    "50_0": 1115.570599984494,
    "90_0": 1850.6361934996676,
    "99_0": 2513.8196265877937,
    "99_9": 2811.4021788851865,
    "100_0": 3011.9679359777365,
    "mean": 1188.8070139332801,
    "unit": "ms"
  },
  "service_time": {
    "50_0": 1115.570599984494,
    "90_0": 1850.6361934996676,
    "99_0": 2513.8196265877937,
    "99_9": 2811.4021788851865,
    "100_0": 3011.9679359777365,
    "mean": 1188.8070139332801,
    "unit": "ms"
  },
  "error_rate": 0.0
}
