{
 "benchmark-version": "2.0.0",
 "benchmark-revision": null,
 "environment": "local",
 "test-run-id": "2797f219-4ca1-4a58-97cc-91076a115c97",
 "test-run-timestamp": "20251008T052920Z",
 "pipeline": "benchmark-only",
 "user-tags": {},
 "workload": "nyc_taxis",
 "cluster-config-instance": [
  "external"
 ],
 "cluster": {
  "revision": "8ff7c6ee924a49f0f59f80a6e1c73073c8904214",
  "distribution-version": "3.1.0",
  "distribution-flavor": "oss",
  "cluster-config-revision": null
 },
 "results": {
  "op_metrics": [
   {
    "task": "index",
    "operation": "index",
    "throughput": {
     "min": 508607.02765746263,
     "mean": 515636.36396752147,
     "median": 515787.77459321707,
     "max": 519231.7574761941,
     "unit": "docs/s"
    },
    "latency": {
     "50_0": 1145.1724729849957,
     "90_0": 1854.1989139921498,
     "99_0": 2504.66147219704,
     "99_9": 2959.0339138160944,
     "100_0": 3612.649140995927,
     "mean": 1172.4271604831383,
     "unit": "ms"
    },
    "service_time": {
     "50_0": 1145.1724729849957,
     "90_0": 1854.1989139921498,
     "99_0": 2504.66147219704,
     "99_9": 2959.0339138160944,
     "100_0": 3612.649140995927,
     "mean": 1172.4271604831383,
     "unit": "ms"
    },
    "client_processing_time": {
     "50_0": 1.3089999847579747,
     "90_0": 1.4126340101938695,
     "99_0": 34.15371502342156,
     "99_9": 41.28647126286536,
     "100_0": 73.492552008247,
     "mean": 1.7629089848049673,
     "unit": "ms"
    },
    "processing_time": {
     "50_0": 1153.7247230007779,
     "90_0": 1859.403165988624,
     "99_0": 2507.6923303015064,
     "99_9": 2980.022476172312,
     "100_0": 3615.5979660106823,
     "mean": 1177.3055234823066,
     "unit": "ms"
    },
    "error_rate": 0.0,
    "duration": 324220.66101201926
   }
  ],
  "correctness_metrics": [
   {
    "task": "index",
    "operation": "index",
    "recall@k": {},
    "recall@1": {},
    "error_rate": 0.0,
    "duration": 324220.66101201926
   }
  ],
  "profile_metrics": [],
  "total_time": 46064739,
  "total_time_per_shard": {
   "min": 8,
   "median": 952905,
   "max": 1097652,
   "unit": "ms"
  },
  "indexing_throttle_time": 0,
  "indexing_throttle_time_per_shard": {
   "min": 0,
   "median": 0,
   "max": 0,
   "unit": "ms"
  },
  "merge_time": 8453239,
  "merge_time_per_shard": {
   "min": 0,
   "median": 165683,
   "max": 264228,
   "unit": "ms"
  },
  "merge_count": 1121,
  "refresh_time": 1339051,
  "refresh_time_per_shard": {
   "min": 90,
   "median": 29325,
   "max": 46228,
   "unit": "ms"
  },
  "refresh_count": 801,
  "flush_time": 423451,
  "flush_time_per_shard": {
   "min": 0,
   "median": 8792,
   "max": 11892,
   "unit": "ms"
  },
  "flush_count": 48,
  "merge_throttle_time": 518770,
  "merge_throttle_time_per_shard": {
   "min": 0,
   "median": 9878,
   "max": 19465,
   "unit": "ms"
  },
  "ml_processing_time": [],
  "young_gc_time": 127297,
  "young_gc_count": 2519,
  "old_gc_time": 0,
  "old_gc_count": 0,
  "memory_segments": 0,
  "memory_doc_values": 0,
  "memory_terms": 0,
  "memory_norms": 0,
  "memory_points": 0,
  "memory_stored_fields": 0,
  "store_size": 96473939450,
  "translog_size": 72479698542,
  "segment_count": 1415,
  "total_transform_search_times": [],
  "total_transform_index_times": [],
  "total_transform_processing_times": [],
  "total_transform_throughput": []
 },
 "workload-revision": "32d8806",
 "test_procedure": "append-no-conflicts",
 "workload-params": {
  "bulk_indexing_clients": 60,
  "bulk_size": 10000
 }
}