{
  "test_run_id": "5ab289c8-884d-4bec-a5ea-154c5fe1d6a0",
  "throughput": {
    "min": 493322.5219601154,
    "mean": 498366.8869762285,
    "median": 498350.9421422484,
    "max": 502608.1941741076,
    "unit": "docs/s"
  },
  "latency": {
    "50_0": 1134.5226959965657,
    "90_0": 1866.4419571927283,
    "99_0": 2457.7525008667744,
    "99_9": 2913.883236526471,
    "100_0": 3144.4212409842294,
    "mean": 1208.6328652528366,
    "unit": "ms"
  },
  "service_time": {
    "50_0": 1134.5226959965657,
    "90_0": 1866.4419571927283,
    "99_0": 2457.7525008667744,
    "99_9": 2913.883236526471,
    "100_0": 3144.4212409842294,
    "mean": 1208.6328652528366,
    "unit": "ms"
  },
  "error_rate": 0.0
}
