{
 "benchmark-version": "2.0.0",
 "benchmark-revision": null,
 "environment": "local",
 "test-run-id": "8a58c222-391e-4eca-b583-45301738da64",
 "test-run-timestamp": "20251008T053512Z",
 "pipeline": "benchmark-only",
 "user-tags": {},
 "workload": "nyc_taxis",
 "cluster-config-instance": [
  "external"
 ],
 "cluster": {
  "revision": "8ff7c6ee924a49f0f59f80a6e1c73073c8904214",
  "distribution-version": "3.1.0",
  "distribution-flavor": "oss",
  "cluster-config-revision": null
 },
 "results": {
  "op_metrics": [
   {
    "task": "index",
    "operation": "index",
    "throughput": {
     "min": 508469.90460432967,
     "mean": 510829.9858975114,
     "median": 510789.4244409658,
     "max": 512096.236502332,
     "unit": "docs/s"
    },
    "latency": {
     "50_0": 1112.3509660246782,
     "90_0": 1793.0584607995115,
     "99_0": 2253.694188378286,
     "99_9": 2485.643096954043,
     "100_0": 2703.264379990287,
     "mean": 1144.416701237116,
     "unit": "ms"
    },
    "service_time": {
     "50_0": 1112.3509660246782,
     "90_0": 1793.0584607995115,
     "99_0": 2253.694188378286,
     "99_9": 2485.643096954043,
     "100_0": 2703.264379990287,
     "mean": 1144.416701237116,
     "unit": "ms"
    },
    "client_processing_time": {
     "50_0": 1.3072020083200186,
     "90_0": 1.4134943834505975,
     "99_0": 4.252843341673753,
     "99_9": 31.237854497856876,
     "100_0": 59.499728988157585,
     "mean": 1.431257833846153,
     "unit": "ms"
    },
    "processing_time": {
     "50_0": 1116.764570993837,
     "90_0": 1795.4913587949704,
     "99_0": 2256.6523552651056,
     "99_9": 2488.5836008490346,
     "100_0": 2706.3968169968575,
     "mean": 1147.7343728613682,
     "unit": "ms"
    },
    "error_rate": 0.0,
    "duration": 323681.1372030061
   }
  ],
  "correctness_metrics": [
   {
    "task": "index",
    "operation": "index",
    "recall@k": {},
    "recall@1": {},
    "error_rate": 0.0,
    "duration": 323681.1372030061
   }
  ],
  "profile_metrics": [],
  "total_time": 45187260,
  "total_time_per_shard": {
   "min": 1,
   "median": 934743,
   "max": 1098100,
   "unit": "ms"
  },
  "indexing_throttle_time": 0,
  "indexing_throttle_time_per_shard": {
   "min": 0,
   "median": 0,
   "max": 0,
   "unit": "ms"
  },
  "merge_time": 8556081,
  "merge_time_per_shard": {
   "min": 11,
   "median": 175274,
   "max": 267799,
   "unit": "ms"
  },
  "merge_count": 1088,
  "refresh_time": 1358347,
  "refresh_time_per_shard": {
   "min": 22,
   "median": 28152,
   "max": 43050,
   "unit": "ms"
  },
  "refresh_count": 795,
  "flush_time": 382345,
  "flush_time_per_shard": {
   "min": 298,
   "median": 7767,
   "max": 16320,
   "unit": "ms"
  },
  "flush_count": 49,
  "merge_throttle_time": 522283,
  "merge_throttle_time_per_shard": {
   "min": 0,
   "median": 10650,
   "max": 23441,
   "unit": "ms"
  },
  "ml_processing_time": [],
  "young_gc_time": 125549,
  "young_gc_count": 2522,
  "old_gc_time": 0,
  "old_gc_count": 0,
  "memory_segments": 0,
  "memory_doc_values": 0,
  "memory_terms": 0,
  "memory_norms": 0,
  "memory_points": 0,
  "memory_stored_fields": 0,
  "store_size": 96785654678,
  "translog_size": 74426137246,
  "segment_count": 1352,
  "total_transform_search_times": [],
  "total_transform_index_times": [],
  "total_transform_processing_times": [],
  "total_transform_throughput": []
 },
 "workload-revision": "32d8806",
 "test_procedure": "append-no-conflicts",
 "workload-params": {
  "bulk_indexing_clients": 60,
  "bulk_size": 10000
 }
}