{
 "benchmark-version": "2.0.0",
 "benchmark-revision": null,
 "environment": "local",
 "test-run-id": "b4034d25-5ff8-452e-8e61-fce6320835d3",
 "test-run-timestamp": "20251008T055509Z",
 "pipeline": "benchmark-only",
 "user-tags": {},
 "workload": "nyc_taxis",
 "cluster-config-instance": [
  "external"
 ],
 "cluster": {
  "revision": "8ff7c6ee924a49f0f59f80a6e1c73073c8904214",
  "distribution-version": "3.1.0",
  "distribution-flavor": "oss",
  "cluster-config-revision": null
 },
 "results": {
  "op_metrics": [
   {
    "task": "index",
    "operation": "index",
    "throughput": {
     "min": 513090.30217353464,
     "mean": 521999.2040968102,
     "median": 522682.41113333264,
     "max": 528315.7867695409,
     "unit": "docs/s"
    },
    "latency": {
     "50_0": 1115.570599984494,
     "90_0": 1850.6361934996676,
     "99_0": 2513.8196265877937,
     "99_9": 2811.4021788851865,
     "100_0": 3011.9679359777365,
     "mean": 1188.8070139332801,
     "unit": "ms"
    },
    "service_time": {
     "50_0": 1115.570599984494,
     "90_0": 1850.6361934996676,
     "99_0": 2513.8196265877937,
     "99_9": 2811.4021788851865,
     "100_0": 3011.9679359777365,
     "mean": 1188.8070139332801,
     "unit": "ms"
    },
    "client_processing_time": {
     "50_0": 1.3220455002738163,
     "90_0": 1.4372315054060891,
     "99_0": 35.91374927054859,
     "99_9": 69.96730055368997,
     "100_0": 77.04870600719005,
     "mean": 1.9775354011921267,
     "unit": "ms"
    },
    "processing_time": {
     "50_0": 1120.9454190102406,
     "90_0": 1857.6041234919103,
     "99_0": 2520.491661736742,
     "99_9": 2814.337453281482,
     "100_0": 3015.018581005279,
     "mean": 1194.9965428244693,
     "unit": "ms"
    },
    "error_rate": 0.0,
    "duration": 321161.2571309961
   }
  ],
  "correctness_metrics": [
   {
    "task": "index",
    "operation": "index",
    "recall@k": {},
    "recall@1": {},
    "error_rate": 0.0,
    "duration": 321161.2571309961
   }
  ],
  "profile_metrics": [],
  "total_time": 37672674,
  "total_time_per_shard": {
   "min": 2,
   "median": 761013,
   "max": 1266131,
   "unit": "ms"
  },
  "indexing_throttle_time": 0,
  "indexing_throttle_time_per_shard": {
   "min": 0,
   "median": 0,
   "max": 0,
   "unit": "ms"
  },
  "merge_time": 7558029,
  "merge_time_per_shard": {
   "min": 53,
   "median": 151736,
   "max": 223289,
   "unit": "ms"
  },
  "merge_count": 1188,
  "refresh_time": 1316136,
  "refresh_time_per_shard": {
   "min": 67,
   "median": 26932,
   "max": 40695,
   "unit": "ms"
  },
  "refresh_count": 951,
  "flush_time": 412803,
  "flush_time_per_shard": {
   "min": 344,
   "median": 8314,
   "max": 17081,
   "unit": "ms"
  },
  "flush_count": 49,
  "merge_throttle_time": 709637,
  "merge_throttle_time_per_shard": {
   "min": 0,
   "median": 14115,
   "max": 30724,
   "unit": "ms"
  },
  "ml_processing_time": [],
  "young_gc_time": 154392,
  "young_gc_count": 3338,
  "old_gc_time": 0,
  "old_gc_count": 0,
  "memory_segments": 0,
  "memory_doc_values": 0,
  "memory_terms": 0,
  "memory_norms": 0,
  "memory_points": 0,
  "memory_stored_fields": 0,
  "store_size": 95210302637,
  "translog_size": 72026211577,
  "segment_count": 1393,
  "total_transform_search_times": [],
  "total_transform_index_times": [],
  "total_transform_processing_times": [],
  "total_transform_throughput": []
 },
 "workload-revision": "32d8806",
 "test_procedure": "append-no-conflicts",
 "workload-params": {
  "bulk_indexing_clients": 60,
  "bulk_size": 10000
 }
}