{
 "benchmark-version": "2.0.0",
 "benchmark-revision": null,
 "environment": "local",
 "test-run-id": "5b0a901c-2ada-4793-a1b3-da5b892eac03",
 "test-run-timestamp": "20251008T054906Z",
 "pipeline": "benchmark-only",
 "user-tags": {},
 "workload": "nyc_taxis",
 "cluster-config-instance": [
  "external"
 ],
 "cluster": {
  "revision": "8ff7c6ee924a49f0f59f80a6e1c73073c8904214",
  "distribution-version": "3.1.0",
  "distribution-flavor": "oss",
  "cluster-config-revision": null
 },
 "results": {
  "op_metrics": [
   {
    "task": "index",
    "operation": "index",
    "throughput": {
     "min": 494775.5034501169,
     "mean": 499460.616017582,
     "median": 499279.70512929984,
     "max": 504260.09799689037,
     "unit": "docs/s"
    },
    "latency": {
     "50_0": 1153.1993825046811,
     "90_0": 1947.3445044859545,
     "99_0": 2541.1720689575295,
     "99_9": 2804.791917477851,
     "100_0": 3097.3689149832353,
     "mean": 1213.7064654515734,
     "unit": "ms"
    },
    "service_time": {
     "50_0": 1153.1993825046811,
     "90_0": 1947.3445044859545,
     "99_0": 2541.1720689575295,
     "99_9": 2804.791917477851,
     "100_0": 3097.3689149832353,
     "mean": 1213.7064654515734,
     "unit": "ms"
    },
    "client_processing_time": {
     "50_0": 1.3301389844855294,
     "90_0": 1.4453250041697174,
     "99_0": 8.584064616297798,
     "99_9": 31.517799884313725,
     "100_0": 59.80600998736918,
     "mean": 1.4969606115161025,
     "unit": "ms"
    },
    "processing_time": {
     "50_0": 1157.119599491125,
     "90_0": 1952.7618400024949,
     "99_0": 2544.163493353698,
     "99_9": 2807.702158529428,
     "100_0": 3100.2711420005653,
     "mean": 1217.1266422449603,
     "unit": "ms"
    },
    "error_rate": 0.0,
    "duration": 331854.97831599787
   }
  ],
  "correctness_metrics": [
   {
    "task": "index",
    "operation": "index",
    "recall@k": {},
    "recall@1": {},
    "error_rate": 0.0,
    "duration": 331854.97831599787
   }
  ],
  "profile_metrics": [],
  "total_time": 44148957,
  "total_time_per_shard": {
   "min": 1,
   "median": 913708,
   "max": 1105567,
   "unit": "ms"
  },
  "indexing_throttle_time": 0,
  "indexing_throttle_time_per_shard": {
   "min": 0,
   "median": 0,
   "max": 0,
   "unit": "ms"
  },
  "merge_time": 9371542,
  "merge_time_per_shard": {
   "min": 0,
   "median": 195009,
   "max": 254578,
   "unit": "ms"
  },
  "merge_count": 1271,
  "refresh_time": 1487445,
  "refresh_time_per_shard": {
   "min": 116,
   "median": 30253,
   "max": 41177,
   "unit": "ms"
  },
  "refresh_count": 933,
  "flush_time": 401684,
  "flush_time_per_shard": {
   "min": 0,
   "median": 8172,
   "max": 16174,
   "unit": "ms"
  },
  "flush_count": 48,
  "merge_throttle_time": 513162,
  "merge_throttle_time_per_shard": {
   "min": 0,
   "median": 10700,
   "max": 17623,
   "unit": "ms"
  },
  "ml_processing_time": [],
  "young_gc_time": 156470,
  "young_gc_count": 3227,
  "old_gc_time": 0,
  "old_gc_count": 0,
  "memory_segments": 0,
  "memory_doc_values": 0,
  "memory_terms": 0,
  "memory_norms": 0,
  "memory_points": 0,
  "memory_stored_fields": 0,
  "store_size": 96616209415,
  "translog_size": 74060535921,
  "segment_count": 1321,
  "total_transform_search_times": [],
  "total_transform_index_times": [],
  "total_transform_processing_times": [],
  "total_transform_throughput": []
 },
 "workload-revision": "32d8806",
 "test_procedure": "append-no-conflicts",
 "workload-params": {
  "bulk_indexing_clients": 60,
  "bulk_size": 10000
 }
}