{
 "benchmark-version": "2.0.0",
 "benchmark-revision": null,
 "environment": "local",
 "test-run-id": "58307a76-09e1-4adc-a496-b2b18d2bf9b2",
 "test-run-timestamp": "20251008T054249Z",
 "pipeline": "benchmark-only",
 "user-tags": {},
 "workload": "nyc_taxis",
 "cluster-config-instance": [
  "external"
 ],
 "cluster": {
  "revision": "8ff7c6ee924a49f0f59f80a6e1c73073c8904214",
  "distribution-version": "3.1.0",
  "distribution-flavor": "oss",
  "cluster-config-revision": null
 },
 "results": {
  "op_metrics": [
   {
    "task": "index",
    "operation": "index",
    "throughput": {
     "min": 467843.81525037065,
     "mean": 470373.63882169744,
     "median": 470363.0614824146,
     "max": 472960.86485033383,
     "unit": "docs/s"
    },
    "latency": {
     "50_0": 1177.8842759958934,
     "90_0": 1947.1836299926508,
     "99_0": 2646.6356672171974,
     "99_9": 3399.196564361967,
     "100_0": 3675.859397975728,
     "mean": 1223.219462209866,
     "unit": "ms"
    },
    "service_time": {
     "50_0": 1177.8842759958934,
     "90_0": 1947.1836299926508,
     "99_0": 2646.6356672171974,
     "99_9": 3399.196564361967,
     "100_0": 3675.859397975728,
     "mean": 1223.219462209866,
     "unit": "ms"
    },
    "client_processing_time": {
     "50_0": 1.3314219831954688,
     "90_0": 1.446895010303706,
     "99_0": 33.106034027878195,
     "99_9": 58.72631052684436,
     "100_0": 71.67219102848321,
     "mean": 1.7454886886002683,
     "unit": "ms"
    },
    "processing_time": {
     "50_0": 1183.0339599982835,
     "90_0": 1954.4445300125517,
     "99_0": 2649.6486420161095,
     "99_9": 3402.1579954209055,
     "100_0": 3681.382482027402,
     "mean": 1227.9043880939637,
     "unit": "ms"
    },
    "error_rate": 0.0,
    "duration": 348735.82429400994
   }
  ],
  "correctness_metrics": [
   {
    "task": "index",
    "operation": "index",
    "recall@k": {},
    "recall@1": {},
    "error_rate": 0.0,
    "duration": 348735.82429400994
   }
  ],
  "profile_metrics": [],
  "total_time": 47868956,
  "total_time_per_shard": {
   "min": 5832,
   "median": 987322,
   "max": 1154075,
   "unit": "ms"
  },
  "indexing_throttle_time": 0,
  "indexing_throttle_time_per_shard": {
   "min": 0,
   "median": 0,
   "max": 0,
   "unit": "ms"
  },
  "merge_time": 10502573,
  "merge_time_per_shard": {
   "min": 333,
   "median": 215768,
   "max": 326706,
   "unit": "ms"
  },
  "merge_count": 1283,
  "refresh_time": 1899635,
  "refresh_time_per_shard": {
   "min": 2125,
   "median": 39544,
   "max": 57284,
   "unit": "ms"
  },
  "refresh_count": 956,
  "flush_time": 363332,
  "flush_time_per_shard": {
   "min": 0,
   "median": 7227,
   "max": 11701,
   "unit": "ms"
  },
  "flush_count": 48,
  "merge_throttle_time": 530377,
  "merge_throttle_time_per_shard": {
   "min": 0,
   "median": 10924,
   "max": 17635,
   "unit": "ms"
  },
  "ml_processing_time": [],
  "young_gc_time": 174416,
  "young_gc_count": 3248,
  "old_gc_time": 0,
  "old_gc_count": 0,
  "memory_segments": 0,
  "memory_doc_values": 0,
  "memory_terms": 0,
  "memory_norms": 0,
  "memory_points": 0,
  "memory_stored_fields": 0,
  "store_size": 97387375611,
  "translog_size": 74052351750,
  "segment_count": 1500,
  "total_transform_search_times": [],
  "total_transform_index_times": [],
  "total_transform_processing_times": [],
  "total_transform_throughput": []
 },
 "workload-revision": "32d8806",
 "test_procedure": "append-no-conflicts",
 "workload-params": {
  "bulk_indexing_clients": 60,
  "bulk_size": 10000
 }
}