{
  "test_run_id": "75bd8ee0-3864-48c6-a534-526a0b9c6fa9",
  "throughput": {
    "min": 508546.34069128963,
    "mean": 511347.8108294109,
    "median": 511452.7404373132,
    "max": 513672.10606705537,
    "unit": "docs/s"
  },
  "latency": {
    "50_0": 1084.053174505243,
    "90_0": 1930.2514371054713,
    "99_0": 2619.5170101471003,
    "99_9": 3015.518922068329,
    "100_0": 3952.903065015562,
    "mean": 1164.3731159745325,
    "unit": "ms"
  },
  "service_time": {
    "50_0": 1084.053174505243,
    "90_0": 1930.2514371054713,
    "99_0": 2619.5170101471003,
    "99_9": 3015.518922068329,
    "100_0": 3952.903065015562,
    "mean": 1164.3731159745325,
    "unit": "ms"
  },
  "error_rate": 0.0
}
