{
  "test_run_id": "8a58c222-391e-4eca-b583-45301738da64",
  "throughput": {
    "min": 508469.90460432967,
    "mean": 510829.9858975114,
    "median": 510789.4244409658,
    "max": 512096.236502332,
    "unit": "docs/s"
  },
  "latency": {
    "50_0": 1112.3509660246782,
    "90_0": 1793.0584607995115,
    "99_0": 2253.694188378286,
    "99_9": 2485.643096954043,
    "100_0": 2703.264379990287,
    "mean": 1144.416701237116,
    "unit": "ms"
  },
  "service_time": {
    "50_0": 1112.3509660246782,
    "90_0": 1793.0584607995115,
    "99_0": 2253.694188378286,
    "99_9": 2485.643096954043,
    "100_0": 2703.264379990287,
    "mean": 1144.416701237116,
    "unit": "ms"
  },
  "error_rate": 0.0
}
