{
  "test_run_id": "58307a76-09e1-4adc-a496-b2b18d2bf9b2",
  "throughput": {
    "min": 467843.81525037065,
    "mean": 470373.63882169744,
    "median": 470363.0614824146,
    "max": 472960.86485033383,
    "unit": "docs/s"
  },
  "latency": {
    "50_0": 1177.8842759958934,
    "90_0": 1947.1836299926508,
    "99_0": 2646.6356672171974,
    "99_9": 3399.196564361967,
    "100_0": 3675.859397975728,
    "mean": 1223.219462209866,
    "unit": "ms"
  },
  "service_time": {
    "50_0": 1177.8842759958934,
    "90_0": 1947.1836299926508,
    "99_0": 2646.6356672171974,
    "99_9": 3399.196564361967,
    "100_0": 3675.859397975728,
    "mean": 1223.219462209866,
    "unit": "ms"
  },
  "error_rate": 0.0
}
