{
 "benchmark-version": "2.0.0",
 "benchmark-revision": null,
 "environment": "local",
 "test-run-id": "308c4d20-6bf0-47c6-97d0-4bdb3b4f533e",
 "test-run-timestamp": "20251008T060902Z",
 "pipeline": "benchmark-only",
 "user-tags": {},
 "workload": "nyc_taxis",
 "cluster-config-instance": [
  "external"
 ],
 "cluster": {
  "revision": "8ff7c6ee924a49f0f59f80a6e1c73073c8904214",
  "distribution-version": "3.1.0",
  "distribution-flavor": "oss",
  "cluster-config-revision": null
 },
 "results": {
  "op_metrics": [
   {
    "task": "index",
    "operation": "index",
    "throughput": {
     "min": 463526.68846367224,
     "mean": 466091.15496394335,
     "median": 466262.8174519485,
     "max": 467661.52658670093,
     "unit": "docs/s"
    },
    "latency": {
     "50_0": 1221.4907850138843,
     "90_0": 1929.188275791239,
     "99_0": 2450.0304563052478,
     "99_9": 3074.653460347098,
     "100_0": 3788.7000019836705,
     "mean": 1232.0116809045498,
     "unit": "ms"
    },
    "service_time": {
     "50_0": 1221.4907850138843,
     "90_0": 1929.188275791239,
     "99_0": 2450.0304563052478,
     "99_9": 3074.653460347098,
     "100_0": 3788.7000019836705,
     "mean": 1232.0116809045498,
     "unit": "ms"
    },
    "client_processing_time": {
     "50_0": 1.338692003628239,
     "90_0": 1.4487756066955626,
     "99_0": 30.93490779516286,
     "99_9": 38.38798414799397,
     "100_0": 59.00681402999908,
     "mean": 1.7443244863807712,
     "unit": "ms"
    },
    "processing_time": {
     "50_0": 1224.5120579900686,
     "90_0": 1933.1423694035036,
     "99_0": 2453.0345851171282,
     "99_9": 3077.715128706307,
     "100_0": 3791.792234987952,
     "mean": 1236.1041245396818,
     "unit": "ms"
    },
    "error_rate": 0.0,
    "duration": 351565.42612597696
   }
  ],
  "correctness_metrics": [
   {
    "task": "index",
    "operation": "index",
    "recall@k": {},
    "recall@1": {},
    "error_rate": 0.0,
    "duration": 351565.42612597696
   }
  ],
  "profile_metrics": [],
  "total_time": 44216603,
  "total_time_per_shard": {
   "min": 2627,
   "median": 918418,
   "max": 1092896,
   "unit": "ms"
  },
  "indexing_throttle_time": 0,
  "indexing_throttle_time_per_shard": {
   "min": 0,
   "median": 0,
   "max": 0,
   "unit": "ms"
  },
  "merge_time": 10516281,
  "merge_time_per_shard": {
   "min": 286,
   "median": 220608,
   "max": 293782,
   "unit": "ms"
  },
  "merge_count": 1366,
  "refresh_time": 1991151,
  "refresh_time_per_shard": {
   "min": 2185,
   "median": 41548,
   "max": 58260,
   "unit": "ms"
  },
  "refresh_count": 1098,
  "flush_time": 322830,
  "flush_time_per_shard": {
   "min": 0,
   "median": 6373,
   "max": 11820,
   "unit": "ms"
  },
  "flush_count": 48,
  "merge_throttle_time": 619868,
  "merge_throttle_time_per_shard": {
   "min": 0,
   "median": 12390,
   "max": 24120,
   "unit": "ms"
  },
  "ml_processing_time": [],
  "young_gc_time": 230125,
  "young_gc_count": 4699,
  "old_gc_time": 0,
  "old_gc_count": 0,
  "memory_segments": 0,
  "memory_doc_values": 0,
  "memory_terms": 0,
  "memory_norms": 0,
  "memory_points": 0,
  "memory_stored_fields": 0,
  "store_size": 97725183535,
  "translog_size": 74883325401,
  "segment_count": 1463,
  "total_transform_search_times": [],
  "total_transform_index_times": [],
  "total_transform_processing_times": [],
  "total_transform_throughput": []
 },
 "workload-revision": "32d8806",
 "test_procedure": "append-no-conflicts",
 "workload-params": {
  "bulk_indexing_clients": 60,
  "bulk_size": 10000
 }
}