{
  "test_run_id": "3d5da095-af6f-466f-bdd1-3e063cab8f91",
  "throughput": {
    "min": 488740.83184452937,
    "mean": 494844.1305888619,
    "median": 495087.2023670326,
    "max": 500187.3999378995,
    "unit": "docs/s"
  },
  "latency": {
    "50_0": 1276.8289535015356,
    "90_0": 1923.3837275096448,
    "99_0": 2613.2059288531304,
    "99_9": 3028.3989400339537,
    "100_0": 3145.077800989384,
    "mean": 1257.072320858033,
    "unit": "ms"
  },
  "service_time": {
    "50_0": 1276.8289535015356,
    "90_0": 1923.3837275096448,
    "99_0": 2613.2059288531304,
    "99_9": 3028.3989400339537,
    "100_0": 3145.077800989384,
    "mean": 1257.072320858033,
    "unit": "ms"
  },
  "error_rate": 0.0
}
