{
  "test_run_id": "a8c98313-fe35-47e2-a05a-787b5b8dda15",
  "throughput": {
    "min": 508394.3124698901,
    "mean": 513967.44258487155,
    "median": 514054.6729506866,
    "max": 515997.6362967585,
    "unit": "docs/s"
  },
  "latency": {
    "50_0": 1081.413417996373,
    "90_0": 1726.7283267923635,
    "99_0": 2218.105705319904,
    "99_9": 2606.252892908175,
    "100_0": 2828.310512006283,
    "mean": 1120.206745933107,
    "unit": "ms"
  },
  "service_time": {
    "50_0": 1081.413417996373,
    "90_0": 1726.7283267923635,
    "99_0": 2218.105705319904,
    "99_9": 2606.252892908175,
    "100_0": 2828.310512006283,
    "mean": 1120.206745933107,
    "unit": "ms"
  },
  "error_rate": 0.0
}
