{
 "benchmark-version": "2.0.0",
 "benchmark-revision": null,
 "environment": "local",
 "test-run-id": "3b8b242c-69fa-4cad-bf5a-059c158e5d2c",
 "test-run-timestamp": "20251008T061524Z",
 "pipeline": "benchmark-only",
 "user-tags": {},
 "workload": "nyc_taxis",
 "cluster-config-instance": [
  "external"
 ],
 "cluster": {
  "revision": "8ff7c6ee924a49f0f59f80a6e1c73073c8904214",
  "distribution-version": "3.1.0",
  "distribution-flavor": "oss",
  "cluster-config-revision": null
 },
 "results": {
  "op_metrics": [
   {
    "task": "index",
    "operation": "index",
    "throughput": {
     "min": 496012.3639186024,
     "mean": 498737.72326783516,
     "median": 498689.02789351816,
     "max": 500892.7027516096,
     "unit": "docs/s"
    },
    "latency": {
     "50_0": 1170.5826965044253,
     "90_0": 1796.690041013062,
     "99_0": 2420.760509602842,
     "99_9": 2845.4730473607283,
     "100_0": 3379.882428998826,
     "mean": 1173.6949261763907,
     "unit": "ms"
    },
    "service_time": {
     "50_0": 1170.5826965044253,
     "90_0": 1796.690041013062,
     "99_0": 2420.760509602842,
     "99_9": 2845.4730473607283,
     "100_0": 3379.882428998826,
     "mean": 1173.6949261763907,
     "unit": "ms"
    },
    "client_processing_time": {
     "50_0": 1.3314694951986894,
     "90_0": 1.4230022061383352,
     "99_0": 2.565723098814489,
     "99_9": 28.190825892699777,
     "100_0": 40.80087301554158,
     "mean": 1.4266072573700015,
     "unit": "ms"
    },
    "processing_time": {
     "50_0": 1173.9145944884513,
     "90_0": 1799.635085396585,
     "99_0": 2423.724243035249,
     "99_9": 2848.455635667758,
     "100_0": 3382.9100170114543,
     "mean": 1176.894472707164,
     "unit": "ms"
    },
    "error_rate": 0.0,
    "duration": 330800.03586100065
   }
  ],
  "correctness_metrics": [
   {
    "task": "index",
    "operation": "index",
    "recall@k": {},
    "recall@1": {},
    "error_rate": 0.0,
    "duration": 330800.03586100065
   }
  ],
  "profile_metrics": [],
  "total_time": 42868534,
  "total_time_per_shard": {
   "min": 17,
   "median": 874071,
   "max": 1126217,
   "unit": "ms"
  },
  "indexing_throttle_time": 0,
  "indexing_throttle_time_per_shard": {
   "min": 0,
   "median": 0,
   "max": 0,
   "unit": "ms"
  },
  "merge_time": 9316127,
  "merge_time_per_shard": {
   "min": 0,
   "median": 190968,
   "max": 260673,
   "unit": "ms"
  },
  "merge_count": 1398,
  "refresh_time": 1627700,
  "refresh_time_per_shard": {
   "min": 135,
   "median": 32901,
   "max": 55058,
   "unit": "ms"
  },
  "refresh_count": 1065,
  "flush_time": 334904,
  "flush_time_per_shard": {
   "min": 0,
   "median": 6763,
   "max": 9407,
   "unit": "ms"
  },
  "flush_count": 48,
  "merge_throttle_time": 621364,
  "merge_throttle_time_per_shard": {
   "min": 0,
   "median": 12262,
   "max": 21851,
   "unit": "ms"
  },
  "ml_processing_time": [],
  "young_gc_time": 235228,
  "young_gc_count": 4835,
  "old_gc_time": 0,
  "old_gc_count": 0,
  "memory_segments": 0,
  "memory_doc_values": 0,
  "memory_terms": 0,
  "memory_norms": 0,
  "memory_points": 0,
  "memory_stored_fields": 0,
  "store_size": 97106544670,
  "translog_size": 73492717142,
  "segment_count": 1317,
  "total_transform_search_times": [],
  "total_transform_index_times": [],
  "total_transform_processing_times": [],
  "total_transform_throughput": []
 },
 "workload-revision": "32d8806",
 "test_procedure": "append-no-conflicts",
 "workload-params": {
  "bulk_indexing_clients": 60,
  "bulk_size": 10000
 }
}