{
  "test_run_id": "3b8b242c-69fa-4cad-bf5a-059c158e5d2c",
  "throughput": {
    "min": 496012.3639186024,
    "mean": 498737.72326783516,
    "median": 498689.02789351816,
    "max": 500892.7027516096,
    "unit": "docs/s"
  },
  "latency": {
    "50_0": 1170.5826965044253,
    "90_0": 1796.690041013062,
    "99_0": 2420.760509602842,
    "99_9": 2845.4730473607283,
    "100_0": 3379.882428998826,
    "mean": 1173.6949261763907,
    "unit": "ms"
  },
  "service_time": {
    "50_0": 1170.5826965044253,
    "90_0": 1796.690041013062,
    "99_0": 2420.760509602842,
    "99_9": 2845.4730473607283,
    "100_0": 3379.882428998826,
    "mean": 1173.6949261763907,
    "unit": "ms"
  },
  "error_rate": 0.0
}
