{
 "benchmark-version": "2.0.0",
 "benchmark-revision": null,
 "environment": "local",
 "test-run-id": "3d5da095-af6f-466f-bdd1-3e063cab8f91",
 "test-run-timestamp": "20251008T062720Z",
 "pipeline": "benchmark-only",
 "user-tags": {},
 "workload": "nyc_taxis",
 "cluster-config-instance": [
  "external"
 ],
 "cluster": {
  "revision": "8ff7c6ee924a49f0f59f80a6e1c73073c8904214",
  "distribution-version": "3.1.0",
  "distribution-flavor": "oss",
  "cluster-config-revision": null
 },
 "results": {
  "op_metrics": [
   {
    "task": "index",
    "operation": "index",
    "throughput": {
     "min": 488740.83184452937,
     "mean": 494844.1305888619,
     "median": 495087.2023670326,
     "max": 500187.3999378995,
     "unit": "docs/s"
    },
    "latency": {
     "50_0": 1276.8289535015356,
     "90_0": 1923.3837275096448,
     "99_0": 2613.2059288531304,
     "99_9": 3028.3989400339537,
     "100_0": 3145.077800989384,
     "mean": 1257.072320858033,
     "unit": "ms"
    },
    "service_time": {
     "50_0": 1276.8289535015356,
     "90_0": 1923.3837275096448,
     "99_0": 2613.2059288531304,
     "99_9": 3028.3989400339537,
     "100_0": 3145.077800989384,
     "mean": 1257.072320858033,
     "unit": "ms"
    },
    "client_processing_time": {
     "50_0": 1.3362639874685556,
     "90_0": 1.4574884989997372,
     "99_0": 9.208446541742878,
     "99_9": 30.907916885627543,
     "100_0": 35.56446699076332,
     "mean": 1.5277631483899956,
     "unit": "ms"
    },
    "processing_time": {
     "50_0": 1279.6996440156363,
     "90_0": 1926.468523510266,
     "99_0": 2616.15188109572,
     "99_9": 3031.4763362021818,
     "100_0": 3148.072146024788,
     "mean": 1260.5799664455421,
     "unit": "ms"
    },
    "error_rate": 0.0,
    "duration": 336409.079923993
   }
  ],
  "correctness_metrics": [
   {
    "task": "index",
    "operation": "index",
    "recall@k": {},
    "recall@1": {},
    "error_rate": 0.0,
    "duration": 336409.079923993
   }
  ],
  "profile_metrics": [],
  "total_time": 42362492,
  "total_time_per_shard": {
   "min": 1,
   "median": 878957,
   "max": 1115765,
   "unit": "ms"
  },
  "indexing_throttle_time": 0,
  "indexing_throttle_time_per_shard": {
   "min": 0,
   "median": 0,
   "max": 0,
   "unit": "ms"
  },
  "merge_time": 10251140,
  "merge_time_per_shard": {
   "min": 0,
   "median": 212477,
   "max": 284001,
   "unit": "ms"
  },
  "merge_count": 1438,
  "refresh_time": 1736712,
  "refresh_time_per_shard": {
   "min": 147,
   "median": 34971,
   "max": 52535,
   "unit": "ms"
  },
  "refresh_count": 1073,
  "flush_time": 352852,
  "flush_time_per_shard": {
   "min": 0,
   "median": 7018,
   "max": 16760,
   "unit": "ms"
  },
  "flush_count": 48,
  "merge_throttle_time": 593917,
  "merge_throttle_time_per_shard": {
   "min": 0,
   "median": 12689,
   "max": 20002,
   "unit": "ms"
  },
  "ml_processing_time": [],
  "young_gc_time": 221988,
  "young_gc_count": 4905,
  "old_gc_time": 0,
  "old_gc_count": 0,
  "memory_segments": 0,
  "memory_doc_values": 0,
  "memory_terms": 0,
  "memory_norms": 0,
  "memory_points": 0,
  "memory_stored_fields": 0,
  "store_size": 96451506720,
  "translog_size": 74496894603,
  "segment_count": 1411,
  "total_transform_search_times": [],
  "total_transform_index_times": [],
  "total_transform_processing_times": [],
  "total_transform_throughput": []
 },
 "workload-revision": "32d8806",
 "test_procedure": "append-no-conflicts",
 "workload-params": {
  "bulk_indexing_clients": 60,
  "bulk_size": 10000
 }
}