{
  "test_run_id": "308c4d20-6bf0-47c6-97d0-4bdb3b4f533e",
  "throughput": {
    "min": 463526.68846367224,
    "mean": 466091.15496394335,
    "median": 466262.8174519485,
    "max": 467661.52658670093,
    "unit": "docs/s"
  },
  "latency": {
    "50_0": 1221.4907850138843,
    "90_0": 1929.188275791239,
    "99_0": 2450.0304563052478,
    "99_9": 3074.653460347098,
    "100_0": 3788.7000019836705,
    "mean": 1232.0116809045498,
    "unit": "ms"
  },
  "service_time": {
    "50_0": 1221.4907850138843,
    "90_0": 1929.188275791239,
    "99_0": 2450.0304563052478,
    "99_9": 3074.653460347098,
    "100_0": 3788.7000019836705,
    "mean": 1232.0116809045498,
    "unit": "ms"
  },
  "error_rate": 0.0
}
