{
  "test_run_id": "a4f7e82a-63df-4e58-95d3-07322c7659c3",
  "throughput": {
    "min": 550938.669231467,
    "mean": 552929.0779359825,
    "median": 552904.4639821651,
    "max": 554471.2659846747,
    "unit": "docs/s"
  },
  "latency": {
    "50_0": 1120.3260865004268,
    "90_0": 1886.5003354963847,
    "99_0": 2427.941057065326,
    "99_9": 3039.4368978096795,
    "100_0": 3131.145186984213,
    "mean": 1217.6750115741947,
    "unit": "ms"
  },
  "service_time": {
    "50_0": 1120.3260865004268,
    "90_0": 1886.5003354963847,
    "99_0": 2427.941057065326,
    "99_9": 3039.4368978096795,
    "100_0": 3131.145186984213,
    "mean": 1217.6750115741947,
    "unit": "ms"
  },
  "error_rate": 0.0
}
