{
  "test_run_id": "93ff7ab7-43e4-44af-960f-4dd7ddab9fcd",
  "throughput": {
    "min": 533089.233117834,
    "mean": 540350.8269874435,
    "median": 541871.990715322,
    "max": 544756.7352527578,
    "unit": "docs/s"
  },
  "latency": {
    "50_0": 1210.805418988457,
    "90_0": 2086.7225925961975,
    "99_0": 2548.4946124325506,
    "99_9": 3227.344599098734,
    "100_0": 3846.4521990099456,
    "mean": 1305.8823268726567,
    "unit": "ms"
  },
  "service_time": {
    "50_0": 1210.805418988457,
    "90_0": 2086.7225925961975,
    "99_0": 2548.4946124325506,
    "99_9": 3227.344599098734,
    "100_0": 3846.4521990099456,
    "mean": 1305.8823268726567,
    "unit": "ms"
  },
  "error_rate": 0.0
}
