{
  "test_run_id": "e162dfdd-f02b-4a03-a056-fe61c4915a21",
  "throughput": {
    "min": 525881.9096577229,
    "mean": 530599.5049062055,
    "median": 531838.070106155,
    "max": 533681.8681763019,
    "unit": "docs/s"
  },
  "latency": {
    "50_0": 1148.0333110084757,
    "90_0": 1835.3594606945992,
    "99_0": 2451.2685942157987,
    "99_9": 2871.689839301926,
    "100_0": 3258.493401022861,
    "mean": 1208.9396776346418,
    "unit": "ms"
  },
  "service_time": {
    "50_0": 1148.0333110084757,
    "90_0": 1835.3594606945992,
    "99_0": 2451.2685942157987,
    "99_9": 2871.689839301926,
    "100_0": 3258.493401022861,
    "mean": 1208.9396776346418,
    "unit": "ms"
  },
  "error_rate": 0.0
}
