{
 "benchmark-version": "2.0.0",
 "benchmark-revision": null,
 "environment": "local",
 "test-run-id": "a4f7e82a-63df-4e58-95d3-07322c7659c3",
 "test-run-timestamp": "20251008T064414Z",
 "pipeline": "benchmark-only",
 "user-tags": {},
 "workload": "nyc_taxis",
 "cluster-config-instance": [
  "external"
 ],
 "cluster": {
  "revision": "8ff7c6ee924a49f0f59f80a6e1c73073c8904214",
  "distribution-version": "3.1.0",
  "distribution-flavor": "oss",
  "cluster-config-revision": null
 },
 "results": {
  "op_metrics": [
   {
    "task": "index",
    "operation": "index",
    "throughput": {
     "min": 550938.669231467,
     "mean": 552929.0779359825,
     "median": 552904.4639821651,
     "max": 554471.2659846747,
     "unit": "docs/s"
    },
    "latency": {
     "50_0": 1120.3260865004268,
     "90_0": 1886.5003354963847,
     "99_0": 2427.941057065326,
     "99_9": 3039.4368978096795,
     "100_0": 3131.145186984213,
     "mean": 1217.6750115741947,
     "unit": "ms"
    },
    "service_time": {
     "50_0": 1120.3260865004268,
     "90_0": 1886.5003354963847,
     "99_0": 2427.941057065326,
     "99_9": 3039.4368978096795,
     "100_0": 3131.145186984213,
     "mean": 1217.6750115741947,
     "unit": "ms"
    },
    "client_processing_time": {
     "50_0": 1.3005614891881123,
     "90_0": 1.4174313022522256,
     "99_0": 14.331204373447672,
     "99_9": 38.54888689640233,
     "100_0": 69.88101999741048,
     "mean": 1.6154018041188232,
     "unit": "ms"
    },
    "processing_time": {
     "50_0": 1126.0259749979014,
     "90_0": 1890.010142000392,
     "99_0": 2430.823895052016,
     "99_9": 3044.365096765226,
     "100_0": 3134.2120619956404,
     "mean": 1222.0050223997252,
     "unit": "ms"
    },
    "error_rate": 0.0,
    "duration": 297987.12387497653
   }
  ],
  "correctness_metrics": [
   {
    "task": "index",
    "operation": "index",
    "recall@k": {},
    "recall@1": {},
    "error_rate": 0.0,
    "duration": 297987.12387497653
   }
  ],
  "profile_metrics": [],
  "total_time": 43579960,
  "total_time_per_shard": {
   "min": 5,
   "median": 876342,
   "max": 1256206,
   "unit": "ms"
  },
  "indexing_throttle_time": 0,
  "indexing_throttle_time_per_shard": {
   "min": 0,
   "median": 0,
   "max": 0,
   "unit": "ms"
  },
  "merge_time": 6406769,
  "merge_time_per_shard": {
   "min": 0,
   "median": 135728,
   "max": 177155,
   "unit": "ms"
  },
  "merge_count": 979,
  "refresh_time": 1264568,
  "refresh_time_per_shard": {
   "min": 181,
   "median": 26477,
   "max": 46112,
   "unit": "ms"
  },
  "refresh_count": 794,
  "flush_time": 573466,
  "flush_time_per_shard": {
   "min": 0,
   "median": 12038,
   "max": 16691,
   "unit": "ms"
  },
  "flush_count": 48,
  "merge_throttle_time": 782531,
  "merge_throttle_time_per_shard": {
   "min": 0,
   "median": 15420,
   "max": 25358,
   "unit": "ms"
  },
  "ml_processing_time": [],
  "young_gc_time": 85835,
  "young_gc_count": 1776,
  "old_gc_time": 0,
  "old_gc_count": 0,
  "memory_segments": 0,
  "memory_doc_values": 0,
  "memory_terms": 0,
  "memory_norms": 0,
  "memory_points": 0,
  "memory_stored_fields": 0,
  "store_size": 94318315785,
  "translog_size": 69555459783,
  "segment_count": 1256,
  "total_transform_search_times": [],
  "total_transform_index_times": [],
  "total_transform_processing_times": [],
  "total_transform_throughput": []
 },
 "workload-revision": "32d8806",
 "test_procedure": "append-no-conflicts",
 "workload-params": {
  "bulk_indexing_clients": 70,
  "bulk_size": 10000
 }
}