{
  "test_run_id": "126f6295-d3b6-4d2f-b581-1ce3e73e7afc",
  "throughput": {
    "min": 529660.2846466583,
    "mean": 537350.9738763686,
    "median": 538715.4802036886,
    "max": 541933.8582211478,
    "unit": "docs/s"
  },
  "latency": {
    "50_0": 1182.3569069965743,
    "90_0": 2223.100827104645,
    "99_0": 2935.4595365203545,
    "99_9": 4100.90173218106,
    "100_0": 4892.003921995638,
    "mean": 1314.1317741066975,
    "unit": "ms"
  },
  "service_time": {
    "50_0": 1182.3569069965743,
    "90_0": 2223.100827104645,
    "99_0": 2935.4595365203545,
    "99_9": 4100.90173218106,
    "100_0": 4892.003921995638,
    "mean": 1314.1317741066975,
    "unit": "ms"
  },
  "error_rate": 0.0
}
