{
 "benchmark-version": "2.0.0",
 "benchmark-revision": null,
 "environment": "local",
 "test-run-id": "d3ba934e-e638-4ca2-b62f-4fae23624b53",
 "test-run-timestamp": "20251008T081055Z",
 "pipeline": "benchmark-only",
 "user-tags": {},
 "workload": "nyc_taxis",
 "cluster-config-instance": [
  "external"
 ],
 "cluster": {
  "revision": "8ff7c6ee924a49f0f59f80a6e1c73073c8904214",
  "distribution-version": "3.1.0",
  "distribution-flavor": "oss",
  "cluster-config-revision": null
 },
 "results": {
  "op_metrics": [
   {
    "task": "index",
    "operation": "index",
    "throughput": {
     "min": 499025.0912738705,
     "mean": 503897.4628544856,
     "median": 503747.6219427709,
     "max": 507299.98412618577,
     "unit": "docs/s"
    },
    "latency": {
     "50_0": 1313.2996629865374,
     "90_0": 2153.7008343962952,
     "99_0": 2881.984093829525,
     "99_9": 3592.891059531729,
     "100_0": 4212.903848005226,
     "mean": 1385.7041311031687,
     "unit": "ms"
    },
    "service_time": {
     "50_0": 1313.2996629865374,
     "90_0": 2153.7008343962952,
     "99_0": 2881.984093829525,
     "99_9": 3592.891059531729,
     "100_0": 4212.903848005226,
     "mean": 1385.7041311031687,
     "unit": "ms"
    },
    "client_processing_time": {
     "50_0": 1.3310160138644278,
     "90_0": 1.4534999849274755,
     "99_0": 8.90962256933571,
     "99_9": 41.19592210359514,
     "100_0": 81.39164198655635,
     "mean": 1.5464424633886773,
     "unit": "ms"
    },
    "processing_time": {
     "50_0": 1317.6866460125893,
     "90_0": 2158.3668328123167,
     "99_0": 2884.952193233186,
     "99_9": 3595.9362821650725,
     "100_0": 4215.930048027076,
     "mean": 1389.782853753021,
     "unit": "ms"
    },
    "error_rate": 0.0,
    "duration": 329782.3068370053
   }
  ],
  "correctness_metrics": [
   {
    "task": "index",
    "operation": "index",
    "recall@k": {},
    "recall@1": {},
    "error_rate": 0.0,
    "duration": 329782.3068370053
   }
  ],
  "profile_metrics": [],
  "total_time": 43613285,
  "total_time_per_shard": {
   "min": 7,
   "median": 888880,
   "max": 1418318,
   "unit": "ms"
  },
  "indexing_throttle_time": 0,
  "indexing_throttle_time_per_shard": {
   "min": 0,
   "median": 0,
   "max": 0,
   "unit": "ms"
  },
  "merge_time": 9199131,
  "merge_time_per_shard": {
   "min": 0,
   "median": 190668,
   "max": 281273,
   "unit": "ms"
  },
  "merge_count": 1238,
  "refresh_time": 1474389,
  "refresh_time_per_shard": {
   "min": 216,
   "median": 29834,
   "max": 51726,
   "unit": "ms"
  },
  "refresh_count": 942,
  "flush_time": 435617,
  "flush_time_per_shard": {
   "min": 0,
   "median": 8598,
   "max": 18201,
   "unit": "ms"
  },
  "flush_count": 48,
  "merge_throttle_time": 588310,
  "merge_throttle_time_per_shard": {
   "min": 0,
   "median": 11770,
   "max": 22902,
   "unit": "ms"
  },
  "ml_processing_time": [],
  "young_gc_time": 161832,
  "young_gc_count": 3415,
  "old_gc_time": 0,
  "old_gc_count": 0,
  "memory_segments": 0,
  "memory_doc_values": 0,
  "memory_terms": 0,
  "memory_norms": 0,
  "memory_points": 0,
  "memory_stored_fields": 0,
  "store_size": 96778179844,
  "translog_size": 71697847189,
  "segment_count": 1622,
  "total_transform_search_times": [],
  "total_transform_index_times": [],
  "total_transform_processing_times": [],
  "total_transform_throughput": []
 },
 "workload-revision": "32d8806",
 "test_procedure": "append-no-conflicts",
 "workload-params": {
  "bulk_indexing_clients": 70,
  "bulk_size": 10000
 }
}