{
  "test_run_id": "54cdf5b1-5f3e-4054-8dda-087e78b1f13e",
  "throughput": {
    "min": 511318.9227454289,
    "mean": 516235.98567839165,
    "median": 516714.3677402518,
    "max": 521485.40158056235,
    "unit": "docs/s"
  },
  "latency": {
    "50_0": 1353.4566419984912,
    "90_0": 2152.322820702102,
    "99_0": 2789.601795790658,
    "99_9": 3544.508132608404,
    "100_0": 3852.0186459936667,
    "mean": 1393.4520565449873,
    "unit": "ms"
  },
  "service_time": {
    "50_0": 1353.4566419984912,
    "90_0": 2152.322820702102,
    "99_0": 2789.601795790658,
    "99_9": 3544.508132608404,
    "100_0": 3852.0186459936667,
    "mean": 1393.4520565449873,
    "unit": "ms"
  },
  "error_rate": 0.0
}
