{
  "test_run_id": "d3ba934e-e638-4ca2-b62f-4fae23624b53",
  "throughput": {
    "min": 499025.0912738705,
    "mean": 503897.4628544856,
    "median": 503747.6219427709,
    "max": 507299.98412618577,
    "unit": "docs/s"
  },
  "latency": {
    "50_0": 1313.2996629865374,
    "90_0": 2153.7008343962952,
    "99_0": 2881.984093829525,
    "99_9": 3592.891059531729,
    "100_0": 4212.903848005226,
    "mean": 1385.7041311031687,
    "unit": "ms"
  },
  "service_time": {
    "50_0": 1313.2996629865374,
    "90_0": 2153.7008343962952,
    "99_0": 2881.984093829525,
    "99_9": 3592.891059531729,
    "100_0": 4212.903848005226,
    "mean": 1385.7041311031687,
    "unit": "ms"
  },
  "error_rate": 0.0
}
