{
  "test_run_id": "7cf65264-9e70-4405-a308-adbc0dfc4310",
  "throughput": {
    "min": 482111.1056043919,
    "mean": 486118.3504973051,
    "median": 486144.5319844963,
    "max": 489066.56655007164,
    "unit": "docs/s"
  },
  "latency": {
    "50_0": 1258.2427360030124,
    "90_0": 2299.1593776067016,
    "99_0": 3036.627827821648,
    "99_9": 3656.7847699991726,
    "100_0": 4565.600956004346,
    "mean": 1349.9755847865927,
    "unit": "ms"
  },
  "service_time": {
    "50_0": 1258.2427360030124,
    "90_0": 2299.1593776067016,
    "99_0": 3036.627827821648,
    "99_9": 3656.7847699991726,
    "100_0": 4565.600956004346,
    "mean": 1349.9755847865927,
    "unit": "ms"
  },
  "error_rate": 0.0
}
