{
  "test_run_id": "12aecd7a-5cc3-4217-a48c-32a2e661c2ca",
  "throughput": {
    "min": 491873.1517582435,
    "mean": 501429.03110529354,
    "median": 501926.5806951419,
    "max": 507815.191182237,
    "unit": "docs/s"
  },
  "latency": {
    "50_0": 1351.4176820026478,
    "90_0": 2304.102782404516,
    "99_0": 3048.8845188933187,
    "99_9": 3529.73486881974,
    "100_0": 3827.1409989974927,
    "mean": 1441.5425354892855,
    "unit": "ms"
  },
  "service_time": {
    "50_0": 1351.4176820026478,
    "90_0": 2304.102782404516,
    "99_0": 3048.8845188933187,
    "99_9": 3529.73486881974,
    "100_0": 3827.1409989974927,
    "mean": 1441.5425354892855,
    "unit": "ms"
  },
  "error_rate": 0.0
}
