{
 "benchmark-version": "2.0.0",
 "benchmark-revision": null,
 "environment": "local",
 "test-run-id": "315fc726-dda9-4665-afb0-00a4252cea31",
 "test-run-timestamp": "20251008T075237Z",
 "pipeline": "benchmark-only",
 "user-tags": {},
 "workload": "nyc_taxis",
 "cluster-config-instance": [
  "external"
 ],
 "cluster": {
  "revision": "8ff7c6ee924a49f0f59f80a6e1c73073c8904214",
  "distribution-version": "3.1.0",
  "distribution-flavor": "oss",
  "cluster-config-revision": null
 },
 "results": {
  "op_metrics": [
   {
    "task": "index",
    "operation": "index",
    "throughput": {
     "min": 458078.1241060203,
     "mean": 461534.40473032335,
     "median": 461071.8648900541,
     "max": 464737.81341800845,
     "unit": "docs/s"
    },
    "latency": {
     "50_0": 1396.8845909985248,
     "90_0": 2183.788374689175,
     "99_0": 2718.2867213495774,
     "99_9": 3290.9399073821637,
     "100_0": 4554.449937015306,
     "mean": 1421.1810054299428,
     "unit": "ms"
    },
    "service_time": {
     "50_0": 1396.8845909985248,
     "90_0": 2183.788374689175,
     "99_0": 2718.2867213495774,
     "99_9": 3290.9399073821637,
     "100_0": 4554.449937015306,
     "mean": 1421.1810054299428,
     "unit": "ms"
    },
    "client_processing_time": {
     "50_0": 1.330617509665899,
     "90_0": 1.4368607167853042,
     "99_0": 5.476025843236229,
     "99_9": 39.76719605148541,
     "100_0": 94.69407200231217,
     "mean": 1.5286552963232785,
     "unit": "ms"
    },
    "processing_time": {
     "50_0": 1401.5859535138588,
     "90_0": 2188.7119637074647,
     "99_0": 2722.5314652753877,
     "99_9": 3294.0257053629116,
     "100_0": 4556.452771998011,
     "mean": 1425.6762575013765,
     "unit": "ms"
    },
    "error_rate": 0.0,
    "duration": 352031.80739301024
   }
  ],
  "correctness_metrics": [
   {
    "task": "index",
    "operation": "index",
    "recall@k": {},
    "recall@1": {},
    "error_rate": 0.0,
    "duration": 352031.80739301024
   }
  ],
  "profile_metrics": [],
  "total_time": 46594193,
  "total_time_per_shard": {
   "min": 3722,
   "median": 949094,
   "max": 1581657,
   "unit": "ms"
  },
  "indexing_throttle_time": 0,
  "indexing_throttle_time_per_shard": {
   "min": 0,
   "median": 0,
   "max": 0,
   "unit": "ms"
  },
  "merge_time": 10227422,
  "merge_time_per_shard": {
   "min": 0,
   "median": 215033,
   "max": 304396,
   "unit": "ms"
  },
  "merge_count": 1281,
  "refresh_time": 1819321,
  "refresh_time_per_shard": {
   "min": 1525,
   "median": 36638,
   "max": 71391,
   "unit": "ms"
  },
  "refresh_count": 933,
  "flush_time": 394294,
  "flush_time_per_shard": {
   "min": 0,
   "median": 8205,
   "max": 15183,
   "unit": "ms"
  },
  "flush_count": 48,
  "merge_throttle_time": 670577,
  "merge_throttle_time_per_shard": {
   "min": 0,
   "median": 12720,
   "max": 25301,
   "unit": "ms"
  },
  "ml_processing_time": [],
  "young_gc_time": 167734,
  "young_gc_count": 3452,
  "old_gc_time": 0,
  "old_gc_count": 0,
  "memory_segments": 0,
  "memory_doc_values": 0,
  "memory_terms": 0,
  "memory_norms": 0,
  "memory_points": 0,
  "memory_stored_fields": 0,
  "store_size": 96643346593,
  "translog_size": 69828257254,
  "segment_count": 1307,
  "total_transform_search_times": [],
  "total_transform_index_times": [],
  "total_transform_processing_times": [],
  "total_transform_throughput": []
 },
 "workload-revision": "32d8806",
 "test_procedure": "append-no-conflicts",
 "workload-params": {
  "bulk_indexing_clients": 70,
  "bulk_size": 10000
 }
}