{
  "test_run_id": "3c36c1d9-e36d-4fd7-8654-de6127d81a9b",
  "throughput": {
    "min": 500685.97381223104,
    "mean": 506948.0783035924,
    "median": 506220.69835284713,
    "max": 512154.6857602993,
    "unit": "docs/s"
  },
  "latency": {
    "50_0": 1388.4566650085617,
    "90_0": 2265.774438594235,
    "99_0": 2905.2912917290823,
    "99_9": 3600.6556662415833,
    "100_0": 4086.7237630009186,
    "mean": 1403.675527957941,
    "unit": "ms"
  },
  "service_time": {
    "50_0": 1388.4566650085617,
    "90_0": 2265.774438594235,
    "99_0": 2905.2912917290823,
    "99_9": 3600.6556662415833,
    "100_0": 4086.7237630009186,
    "mean": 1403.675527957941,
    "unit": "ms"
  },
  "error_rate": 0.0
}
