{
  "test_run_id": "315fc726-dda9-4665-afb0-00a4252cea31",
  "throughput": {
    "min": 458078.1241060203,
    "mean": 461534.40473032335,
    "median": 461071.8648900541,
    "max": 464737.81341800845,
    "unit": "docs/s"
  },
  "latency": {
    "50_0": 1396.8845909985248,
    "90_0": 2183.788374689175,
    "99_0": 2718.2867213495774,
    "99_9": 3290.9399073821637,
    "100_0": 4554.449937015306,
    "mean": 1421.1810054299428,
    "unit": "ms"
  },
  "service_time": {
    "50_0": 1396.8845909985248,
    "90_0": 2183.788374689175,
    "99_0": 2718.2867213495774,
    "99_9": 3290.9399073821637,
    "100_0": 4554.449937015306,
    "mean": 1421.1810054299428,
    "unit": "ms"
  },
  "error_rate": 0.0
}
