{
  "test_run_id": "c8c5ee96-6c6a-4b82-aa6f-bbe68e7faadd",
  "throughput": {
    "min": 516359.1426456224,
    "mean": 519323.84096252674,
    "median": 519489.86867888184,
    "max": 521992.91713304934,
    "unit": "docs/s"
  },
  "latency": {
    "50_0": 1178.3153770084027,
    "90_0": 1964.323098002933,
    "99_0": 2684.0332334348927,
    "99_9": 3248.671779371128,
    "100_0": 4273.0489620007575,
    "mean": 1251.0912574608387,
    "unit": "ms"
  },
  "service_time": {
    "50_0": 1178.3153770084027,
    "90_0": 1964.323098002933,
    "99_0": 2684.0332334348927,
    "99_9": 3248.671779371128,
    "100_0": 4273.0489620007575,
    "mean": 1251.0912574608387,
    "unit": "ms"
  },
  "error_rate": 0.0
}
