{
  "test_run_id": "382c5d3d-0845-4e4c-83c9-87643d749530",
  "throughput": {
    "min": 543773.1706670733,
    "mean": 547821.3438387136,
    "median": 547834.7033438397,
    "max": 549612.8354194852,
    "unit": "docs/s"
  },
  "latency": {
    "50_0": 1162.0820259995526,
    "90_0": 1931.457184403553,
    "99_0": 2488.3119963595527,
    "99_9": 3017.0241383597618,
    "100_0": 3050.568322010804,
    "mean": 1238.6416979282535,
    "unit": "ms"
  },
  "service_time": {
    "50_0": 1162.0820259995526,
    "90_0": 1931.457184403553,
    "99_0": 2488.3119963595527,
    "99_9": 3017.0241383597618,
    "100_0": 3050.568322010804,
    "mean": 1238.6416979282535,
    "unit": "ms"
  },
  "error_rate": 0.0
}
