{
  "test_run_id": "58e41c88-356a-4a03-9ecc-058dd21bf852",
  "throughput": {
    "min": 537572.9385467863,
    "mean": 540853.1808545679,
    "median": 541222.9644226474,
    "max": 542971.7679806583,
    "unit": "docs/s"
  },
  "latency": {
    "50_0": 1126.0429819958517,
    "90_0": 1808.2945115835175,
    "99_0": 2401.418032418588,
    "99_9": 2648.9422782228285,
    "100_0": 3120.3060600091703,
    "mean": 1195.5153180452612,
    "unit": "ms"
  },
  "service_time": {
    "50_0": 1126.0429819958517,
    "90_0": 1808.2945115835175,
    "99_0": 2401.418032418588,
    "99_9": 2648.9422782228285,
    "100_0": 3120.3060600091703,
    "mean": 1195.5153180452612,
    "unit": "ms"
  },
  "error_rate": 0.0
}
