{
  "test_run_id": "f869bc21-36ff-40ba-9eb4-714a04281a1f",
  "throughput": {
    "min": 500613.6025695282,
    "mean": 507638.45975562127,
    "median": 507465.86810090207,
    "max": 511245.4423792311,
    "unit": "docs/s"
  },
  "latency": {
    "50_0": 1355.1302580162883,
    "90_0": 2197.76272449526,
    "99_0": 2852.5460364433825,
    "99_9": 3593.1095068891213,
    "100_0": 3946.941305999644,
    "mean": 1376.8698238292945,
    "unit": "ms"
  },
  "service_time": {
    "50_0": 1355.1302580162883,
    "90_0": 2197.76272449526,
    "99_0": 2852.5460364433825,
    "99_9": 3593.1095068891213,
    "100_0": 3946.941305999644,
    "mean": 1376.8698238292945,
    "unit": "ms"
  },
  "error_rate": 0.0
}
