{
  "test_run_id": "b76bbbcd-2ed1-488d-984b-48e9e4378300",
  "throughput": {
    "min": 506648.22735411895,
    "mean": 514661.2495385184,
    "median": 515063.36624498985,
    "max": 517759.8419542474,
    "unit": "docs/s"
  },
  "latency": {
    "50_0": 1300.6363379827235,
    "90_0": 2268.587633402785,
    "99_0": 2865.2319595147846,
    "99_9": 3355.827547714412,
    "100_0": 3715.997460996732,
    "mean": 1375.8888170222565,
    "unit": "ms"
  },
  "service_time": {
    "50_0": 1300.6363379827235,
    "90_0": 2268.587633402785,
    "99_0": 2865.2319595147846,
    "99_9": 3355.827547714412,
    "100_0": 3715.997460996732,
    "mean": 1375.8888170222565,
    "unit": "ms"
  },
  "error_rate": 0.0
}
