{
  "test_run_id": "b9b6d15e-fbfa-4720-a8aa-0c5d17ab3188",
  "throughput": {
    "min": 545691.9486472235,
    "mean": 547528.5526241702,
    "median": 547371.5442113146,
    "max": 549286.6137346259,
    "unit": "docs/s"
  },
  "latency": {
    "50_0": 1136.994558997685,
    "90_0": 1875.8681320032338,
    "99_0": 2472.1116476037423,
    "99_9": 3051.0587628024286,
    "100_0": 3162.601199001074,
    "mean": 1212.6119315633362,
    "unit": "ms"
  },
  "service_time": {
    "50_0": 1136.994558997685,
    "90_0": 1875.8681320032338,
    "99_0": 2472.1116476037423,
    "99_9": 3051.0587628024286,
    "100_0": 3162.601199001074,
    "mean": 1212.6119315633362,
    "unit": "ms"
  },
  "error_rate": 0.0
}
