{
  "test_run_id": "7588889d-fd3a-4af1-b516-0823efd9b9d5",
  "throughput": {
    "min": 485826.3642468537,
    "mean": 493025.7828005067,
    "median": 493288.5854338261,
    "max": 500010.8793104764,
    "unit": "docs/s"
  },
  "latency": {
    "50_0": 1451.3764689909294,
    "90_0": 2230.245986999944,
    "99_0": 2837.087942059152,
    "99_9": 3566.0540710816963,
    "100_0": 4498.442586977035,
    "mean": 1453.2592638585838,
    "unit": "ms"
  },
  "service_time": {
    "50_0": 1451.3764689909294,
    "90_0": 2230.245986999944,
    "99_0": 2837.087942059152,
    "99_9": 3566.0540710816963,
    "100_0": 4498.442586977035,
    "mean": 1453.2592638585838,
    "unit": "ms"
  },
  "error_rate": 0.0
}
