{
 "benchmark-version": "2.0.0",
 "benchmark-revision": null,
 "environment": "local",
 "test-run-id": "779db191-f997-47c5-91c7-56f7e5aaec1a",
 "test-run-timestamp": "20251008T083759Z",
 "pipeline": "benchmark-only",
 "user-tags": {},
 "workload": "nyc_taxis",
 "cluster-config-instance": [
  "external"
 ],
 "cluster": {
  "revision": "8ff7c6ee924a49f0f59f80a6e1c73073c8904214",
  "distribution-version": "3.1.0",
  "distribution-flavor": "oss",
  "cluster-config-revision": null
 },
 "results": {
  "op_metrics": [
   {
    "task": "index",
    "operation": "index",
    "throughput": {
     "min": 487225.289046573,
     "mean": 492566.8556994064,
     "median": 493027.71264344413,
     "max": 496865.4488156388,
     "unit": "docs/s"
    },
    "latency": {
     "50_0": 1471.1829624866368,
     "90_0": 2223.8126348966034,
     "99_0": 2851.587939574389,
     "99_9": 3408.300913133843,
     "100_0": 4429.1650879895315,
     "mean": 1443.332676643521,
     "unit": "ms"
    },
    "service_time": {
     "50_0": 1471.1829624866368,
     "90_0": 2223.8126348966034,
     "99_0": 2851.587939574389,
     "99_9": 3408.300913133843,
     "100_0": 4429.1650879895315,
     "mean": 1443.332676643521,
     "unit": "ms"
    },
    "client_processing_time": {
     "50_0": 1.3393834815360606,
     "90_0": 1.4571104053175077,
     "99_0": 13.044414175674323,
     "99_9": 52.3583868871511,
     "100_0": 87.70068798912689,
     "mean": 1.6574783361617194,
     "unit": "ms"
    },
    "processing_time": {
     "50_0": 1475.0622094870778,
     "90_0": 2228.2911455869908,
     "99_0": 2854.613324907847,
     "99_9": 3411.27448212531,
     "100_0": 4433.554123999784,
     "mean": 1447.3946233290953,
     "unit": "ms"
    },
    "error_rate": 0.0,
    "duration": 337613.18409000523
   }
  ],
  "correctness_metrics": [
   {
    "task": "index",
    "operation": "index",
    "recall@k": {},
    "recall@1": {},
    "error_rate": 0.0,
    "duration": 337613.18409000523
   }
  ],
  "profile_metrics": [],
  "total_time": 46915261,
  "total_time_per_shard": {
   "min": 39,
   "median": 964109,
   "max": 1306645,
   "unit": "ms"
  },
  "indexing_throttle_time": 0,
  "indexing_throttle_time_per_shard": {
   "min": 0,
   "median": 0,
   "max": 0,
   "unit": "ms"
  },
  "merge_time": 11315268,
  "merge_time_per_shard": {
   "min": 0,
   "median": 232434,
   "max": 326132,
   "unit": "ms"
  },
  "merge_count": 1453,
  "refresh_time": 2050945,
  "refresh_time_per_shard": {
   "min": 131,
   "median": 42169,
   "max": 61103,
   "unit": "ms"
  },
  "refresh_count": 1071,
  "flush_time": 405236,
  "flush_time_per_shard": {
   "min": 0,
   "median": 8217,
   "max": 11345,
   "unit": "ms"
  },
  "flush_count": 48,
  "merge_throttle_time": 515114,
  "merge_throttle_time_per_shard": {
   "min": 0,
   "median": 10433,
   "max": 16726,
   "unit": "ms"
  },
  "ml_processing_time": [],
  "young_gc_time": 241514,
  "young_gc_count": 5102,
  "old_gc_time": 0,
  "old_gc_count": 0,
  "memory_segments": 0,
  "memory_doc_values": 0,
  "memory_terms": 0,
  "memory_norms": 0,
  "memory_points": 0,
  "memory_stored_fields": 0,
  "store_size": 97314315158,
  "translog_size": 73273063384,
  "segment_count": 1877,
  "total_transform_search_times": [],
  "total_transform_index_times": [],
  "total_transform_processing_times": [],
  "total_transform_throughput": []
 },
 "workload-revision": "32d8806",
 "test_procedure": "append-no-conflicts",
 "workload-params": {
  "bulk_indexing_clients": 70,
  "bulk_size": 10000
 }
}