{
  "test_run_id": "a45de247-ab65-4c06-922b-010ecb6f04e7",
  "throughput": {
    "min": 459508.5852927778,
    "mean": 462089.6255829778,
    "median": 462205.6740352699,
    "max": 464164.34537101863,
    "unit": "docs/s"
  },
  "latency": {
    "50_0": 1414.7557119867997,
    "90_0": 2278.5505395237124,
    "99_0": 3001.5129661274846,
    "99_9": 3493.5705433605567,
    "100_0": 3640.4705450113397,
    "mean": 1431.3366359766615,
    "unit": "ms"
  },
  "service_time": {
    "50_0": 1414.7557119867997,
    "90_0": 2278.5505395237124,
    "99_0": 3001.5129661274846,
    "99_9": 3493.5705433605567,
    "100_0": 3640.4705450113397,
    "mean": 1431.3366359766615,
    "unit": "ms"
  },
  "error_rate": 0.0
}
