{
  "test_run_id": "e50a4640-b834-4eaf-81b0-668c212d6acf",
  "throughput": {
    "min": 484676.03293961665,
    "mean": 491860.74404309946,
    "median": 491823.50746239006,
    "max": 498236.8871789434,
    "unit": "docs/s"
  },
  "latency": {
    "50_0": 1458.0085329944268,
    "90_0": 2196.663887996692,
    "99_0": 2811.893097619758,
    "99_9": 3400.373238478799,
    "100_0": 4431.071444996633,
    "mean": 1454.7941605811966,
    "unit": "ms"
  },
  "service_time": {
    "50_0": 1458.0085329944268,
    "90_0": 2196.663887996692,
    "99_0": 2811.893097619758,
    "99_9": 3400.373238478799,
    "100_0": 4431.071444996633,
    "mean": 1454.7941605811966,
    "unit": "ms"
  },
  "error_rate": 0.0
}
