{
 "benchmark-version": "2.0.0",
 "benchmark-revision": null,
 "environment": "local",
 "test-run-id": "7588889d-fd3a-4af1-b516-0823efd9b9d5",
 "test-run-timestamp": "20251008T082544Z",
 "pipeline": "benchmark-only",
 "user-tags": {},
 "workload": "nyc_taxis",
 "cluster-config-instance": [
  "external"
 ],
 "cluster": {
  "revision": "8ff7c6ee924a49f0f59f80a6e1c73073c8904214",
  "distribution-version": "3.1.0",
  "distribution-flavor": "oss",
  "cluster-config-revision": null
 },
 "results": {
  "op_metrics": [
   {
    "task": "index",
    "operation": "index",
    "throughput": {
     "min": 485826.3642468537,
     "mean": 493025.7828005067,
     "median": 493288.5854338261,
     "max": 500010.8793104764,
     "unit": "docs/s"
    },
    "latency": {
     "50_0": 1451.3764689909294,
     "90_0": 2230.245986999944,
     "99_0": 2837.087942059152,
     "99_9": 3566.0540710816963,
     "100_0": 4498.442586977035,
     "mean": 1453.2592638585838,
     "unit": "ms"
    },
    "service_time": {
     "50_0": 1451.3764689909294,
     "90_0": 2230.245986999944,
     "99_0": 2837.087942059152,
     "99_9": 3566.0540710816963,
     "100_0": 4498.442586977035,
     "mean": 1453.2592638585838,
     "unit": "ms"
    },
    "client_processing_time": {
     "50_0": 1.3403949851635844,
     "90_0": 1.4619080058764666,
     "99_0": 13.78026719554327,
     "99_9": 36.92565837840116,
     "100_0": 38.38469198672101,
     "mean": 1.6110451910922239,
     "unit": "ms"
    },
    "processing_time": {
     "50_0": 1453.8523060036823,
     "90_0": 2233.846729405923,
     "99_0": 2840.101053236285,
     "99_9": 3569.031163841147,
     "100_0": 4501.451268995879,
     "mean": 1457.0543621286004,
     "unit": "ms"
    },
    "error_rate": 0.0,
    "duration": 337622.9972850124
   }
  ],
  "correctness_metrics": [
   {
    "task": "index",
    "operation": "index",
    "recall@k": {},
    "recall@1": {},
    "error_rate": 0.0,
    "duration": 337622.9972850124
   }
  ],
  "profile_metrics": [],
  "total_time": 47137159,
  "total_time_per_shard": {
   "min": 96,
   "median": 968917,
   "max": 1434109,
   "unit": "ms"
  },
  "indexing_throttle_time": 0,
  "indexing_throttle_time_per_shard": {
   "min": 0,
   "median": 0,
   "max": 0,
   "unit": "ms"
  },
  "merge_time": 11082175,
  "merge_time_per_shard": {
   "min": 0,
   "median": 232008,
   "max": 311670,
   "unit": "ms"
  },
  "merge_count": 1424,
  "refresh_time": 1920111,
  "refresh_time_per_shard": {
   "min": 182,
   "median": 39526,
   "max": 62063,
   "unit": "ms"
  },
  "refresh_count": 1067,
  "flush_time": 495081,
  "flush_time_per_shard": {
   "min": 0,
   "median": 10232,
   "max": 15904,
   "unit": "ms"
  },
  "flush_count": 48,
  "merge_throttle_time": 547366,
  "merge_throttle_time_per_shard": {
   "min": 0,
   "median": 10672,
   "max": 22375,
   "unit": "ms"
  },
  "ml_processing_time": [],
  "young_gc_time": 241849,
  "young_gc_count": 4998,
  "old_gc_time": 0,
  "old_gc_count": 0,
  "memory_segments": 0,
  "memory_doc_values": 0,
  "memory_terms": 0,
  "memory_norms": 0,
  "memory_points": 0,
  "memory_stored_fields": 0,
  "store_size": 98852154777,
  "translog_size": 72549055076,
  "segment_count": 1556,
  "total_transform_search_times": [],
  "total_transform_index_times": [],
  "total_transform_processing_times": [],
  "total_transform_throughput": []
 },
 "workload-revision": "32d8806",
 "test_procedure": "append-no-conflicts",
 "workload-params": {
  "bulk_indexing_clients": 70,
  "bulk_size": 10000
 }
}