{
  "test_run_id": "779db191-f997-47c5-91c7-56f7e5aaec1a",
  "throughput": {
    "min": 487225.289046573,
    "mean": 492566.8556994064,
    "median": 493027.71264344413,
    "max": 496865.4488156388,
    "unit": "docs/s"
  },
  "latency": {
    "50_0": 1471.1829624866368,
    "90_0": 2223.8126348966034,
    "99_0": 2851.587939574389,
    "99_9": 3408.300913133843,
    "100_0": 4429.1650879895315,
    "mean": 1443.332676643521,
    "unit": "ms"
  },
  "service_time": {
    "50_0": 1471.1829624866368,
    "90_0": 2223.8126348966034,
    "99_0": 2851.587939574389,
    "99_9": 3408.300913133843,
    "100_0": 4429.1650879895315,
    "mean": 1443.332676643521,
    "unit": "ms"
  },
  "error_rate": 0.0
}
