{
 "benchmark-version": "2.0.0",
 "benchmark-revision": null,
 "environment": "local",
 "test-run-id": "654d977a-b310-4280-bf6e-e58b20d5eada",
 "test-run-timestamp": "20251008T154520Z",
 "pipeline": "benchmark-only",
 "user-tags": {},
 "workload": "nyc_taxis",
 "cluster-config-instance": [
  "external"
 ],
 "cluster": {
  "revision": "8ff7c6ee924a49f0f59f80a6e1c73073c8904214",
  "distribution-version": "3.1.0",
  "distribution-flavor": "oss",
  "cluster-config-revision": null
 },
 "results": {
  "op_metrics": [
   {
    "task": "index",
    "operation": "index",
    "throughput": {
     "min": 597572.2144331036,
     "mean": 601182.367730514,
     "median": 601122.1319474666,
     "max": 604293.6014019267,
     "unit": "docs/s"
    },
    "latency": {
     "50_0": 1012.7945215062937,
     "90_0": 1976.5767126780702,
     "99_0": 2922.6155468702204,
     "99_9": 3234.373210166562,
     "100_0": 3590.0566049967892,
     "mean": 1155.3026699213535,
     "unit": "ms"
    },
    "service_time": {
     "50_0": 1012.7945215062937,
     "90_0": 1976.5767126780702,
     "99_0": 2922.6155468702204,
     "99_9": 3234.373210166562,
     "100_0": 3590.0566049967892,
     "mean": 1155.3026699213535,
     "unit": "ms"
    },
    "client_processing_time": {
     "50_0": 1.3224324939073995,
     "90_0": 1.4011504244990647,
     "99_0": 7.647461099259417,
     "99_9": 39.299578267208226,
     "100_0": 102.57324200938456,
     "mean": 1.3986383610218898,
     "unit": "ms"
    },
    "processing_time": {
     "50_0": 1016.5631589916302,
     "90_0": 1982.1889092010679,
     "99_0": 2925.5732935300334,
     "99_9": 3237.282098604609,
     "100_0": 3593.009839998558,
     "mean": 1160.6825418363248,
     "unit": "ms"
    },
    "error_rate": 0.0,
    "duration": 273516.32369999425
   }
  ],
  "correctness_metrics": [
   {
    "task": "index",
    "operation": "index",
    "recall@k": {},
    "recall@1": {},
    "error_rate": 0.0,
    "duration": 273516.32369999425
   }
  ],
  "profile_metrics": [],
  "total_time": 40739561,
  "total_time_per_shard": {
   "min": 1410798,
   "median": 1628013.0,
   "max": 2291565,
   "unit": "ms"
  },
  "indexing_throttle_time": 0,
  "indexing_throttle_time_per_shard": {
   "min": 0,
   "median": 0.0,
   "max": 0,
   "unit": "ms"
  },
  "merge_time": 6023089,
  "merge_time_per_shard": {
   "min": 156535,
   "median": 254786.0,
   "max": 364149,
   "unit": "ms"
  },
  "merge_count": 666,
  "refresh_time": 773651,
  "refresh_time_per_shard": {
   "min": 18608,
   "median": 30421.0,
   "max": 47768,
   "unit": "ms"
  },
  "refresh_count": 353,
  "flush_time": 454979,
  "flush_time_per_shard": {
   "min": 13248,
   "median": 17533.0,
   "max": 35382,
   "unit": "ms"
  },
  "flush_count": 72,
  "merge_throttle_time": 1170297,
  "merge_throttle_time_per_shard": {
   "min": 16162,
   "median": 50829.5,
   "max": 75253,
   "unit": "ms"
  },
  "ml_processing_time": [],
  "young_gc_time": 47467,
  "young_gc_count": 942,
  "old_gc_time": 0,
  "old_gc_count": 0,
  "memory_segments": 0,
  "memory_doc_values": 0,
  "memory_terms": 0,
  "memory_norms": 0,
  "memory_points": 0,
  "memory_stored_fields": 0,
  "store_size": 87646784673,
  "translog_size": 29169392344,
  "segment_count": 1049,
  "total_transform_search_times": [],
  "total_transform_index_times": [],
  "total_transform_processing_times": [],
  "total_transform_throughput": []
 },
 "workload-revision": "32d8806",
 "test_procedure": "append-no-conflicts",
 "workload-params": {
  "bulk_indexing_clients": 80,
  "bulk_size": 10000
 }
}