{
  "test_run_id": "a26deaeb-0ca0-4ff1-bf52-62a5e72d5672",
  "throughput": {
    "min": 571771.0728779212,
    "mean": 575766.8338914312,
    "median": 575457.4847950346,
    "max": 579915.9681515463,
    "unit": "docs/s"
  },
  "latency": {
    "50_0": 1009.5206344994949,
    "90_0": 2187.6839794917037,
    "99_0": 3255.3692690355833,
    "99_9": 4645.422084832807,
    "100_0": 4844.829041016055,
    "mean": 1227.52886918982,
    "unit": "ms"
  },
  "service_time": {
    "50_0": 1009.5206344994949,
    "90_0": 2187.6839794917037,
    "99_0": 3255.3692690355833,
    "99_9": 4645.422084832807,
    "100_0": 4844.829041016055,
    "mean": 1227.52886918982,
    "unit": "ms"
  },
  "error_rate": 0.0
}
