{
 "benchmark-version": "2.0.0",
 "benchmark-revision": null,
 "environment": "local",
 "test-run-id": "75cd78ac-0e52-4d97-8054-a2b18a756bda",
 "test-run-timestamp": "20251008T154017Z",
 "pipeline": "benchmark-only",
 "user-tags": {},
 "workload": "nyc_taxis",
 "cluster-config-instance": [
  "external"
 ],
 "cluster": {
  "revision": "8ff7c6ee924a49f0f59f80a6e1c73073c8904214",
  "distribution-version": "3.1.0",
  "distribution-flavor": "oss",
  "cluster-config-revision": null
 },
 "results": {
  "op_metrics": [
   {
    "task": "index",
    "operation": "index",
    "throughput": {
     "min": 600278.2476419708,
     "mean": 603498.0648674273,
     "median": 603105.4619394627,
     "max": 607475.0192054458,
     "unit": "docs/s"
    },
    "latency": {
     "50_0": 991.8110309808981,
     "90_0": 2015.793564991327,
     "99_0": 2825.5566079053096,
     "99_9": 3186.9206118490843,
     "100_0": 3548.788574989885,
     "mean": 1133.9390080648795,
     "unit": "ms"
    },
    "service_time": {
     "50_0": 991.8110309808981,
     "90_0": 2015.793564991327,
     "99_0": 2825.5566079053096,
     "99_9": 3186.9206118490843,
     "100_0": 3548.788574989885,
     "mean": 1133.9390080648795,
     "unit": "ms"
    },
    "client_processing_time": {
     "50_0": 1.3306109758559614,
     "90_0": 1.419886975781992,
     "99_0": 7.671789595042352,
     "99_9": 36.9514108795565,
     "100_0": 42.43306699208915,
     "mean": 1.4597227292630957,
     "unit": "ms"
    },
    "processing_time": {
     "50_0": 999.3495619855821,
     "90_0": 2023.0242899851874,
     "99_0": 2828.4746544988593,
     "99_9": 3189.902885185759,
     "100_0": 3583.6446350149345,
     "mean": 1138.6443713702508,
     "unit": "ms"
    },
    "error_rate": 0.0,
    "duration": 273767.46743399417
   }
  ],
  "correctness_metrics": [
   {
    "task": "index",
    "operation": "index",
    "recall@k": {},
    "recall@1": {},
    "error_rate": 0.0,
    "duration": 273767.46743399417
   }
  ],
  "profile_metrics": [],
  "total_time": 38635753,
  "total_time_per_shard": {
   "min": 1304836,
   "median": 1533867.5,
   "max": 2188598,
   "unit": "ms"
  },
  "indexing_throttle_time": 0,
  "indexing_throttle_time_per_shard": {
   "min": 0,
   "median": 0.0,
   "max": 0,
   "unit": "ms"
  },
  "merge_time": 5666968,
  "merge_time_per_shard": {
   "min": 162928,
   "median": 233560.0,
   "max": 297794,
   "unit": "ms"
  },
  "merge_count": 618,
  "refresh_time": 748024,
  "refresh_time_per_shard": {
   "min": 19212,
   "median": 28677.5,
   "max": 48729,
   "unit": "ms"
  },
  "refresh_count": 357,
  "flush_time": 510118,
  "flush_time_per_shard": {
   "min": 10329,
   "median": 18824.5,
   "max": 41981,
   "unit": "ms"
  },
  "flush_count": 74,
  "merge_throttle_time": 1049283,
  "merge_throttle_time_per_shard": {
   "min": 24218,
   "median": 43457.0,
   "max": 66396,
   "unit": "ms"
  },
  "ml_processing_time": [],
  "young_gc_time": 46910,
  "young_gc_count": 946,
  "old_gc_time": 0,
  "old_gc_count": 0,
  "memory_segments": 0,
  "memory_doc_values": 0,
  "memory_terms": 0,
  "memory_norms": 0,
  "memory_points": 0,
  "memory_stored_fields": 0,
  "store_size": 85364883662,
  "translog_size": 30031196454,
  "segment_count": 1057,
  "total_transform_search_times": [],
  "total_transform_index_times": [],
  "total_transform_processing_times": [],
  "total_transform_throughput": []
 },
 "workload-revision": "32d8806",
 "test_procedure": "append-no-conflicts",
 "workload-params": {
  "bulk_indexing_clients": 80,
  "bulk_size": 10000
 }
}