{
  "test_run_id": "654d977a-b310-4280-bf6e-e58b20d5eada",
  "throughput": {
    "min": 597572.2144331036,
    "mean": 601182.367730514,
    "median": 601122.1319474666,
    "max": 604293.6014019267,
    "unit": "docs/s"
  },
  "latency": {
    "50_0": 1012.7945215062937,
    "90_0": 1976.5767126780702,
    "99_0": 2922.6155468702204,
    "99_9": 3234.373210166562,
    "100_0": 3590.0566049967892,
    "mean": 1155.3026699213535,
    "unit": "ms"
  },
  "service_time": {
    "50_0": 1012.7945215062937,
    "90_0": 1976.5767126780702,
    "99_0": 2922.6155468702204,
    "99_9": 3234.373210166562,
    "100_0": 3590.0566049967892,
    "mean": 1155.3026699213535,
    "unit": "ms"
  },
  "error_rate": 0.0
}
