{
  "test_run_id": "75cd78ac-0e52-4d97-8054-a2b18a756bda",
  "throughput": {
    "min": 600278.2476419708,
    "mean": 603498.0648674273,
    "median": 603105.4619394627,
    "max": 607475.0192054458,
    "unit": "docs/s"
  },
  "latency": {
    "50_0": 991.8110309808981,
    "90_0": 2015.793564991327,
    "99_0": 2825.5566079053096,
    "99_9": 3186.9206118490843,
    "100_0": 3548.788574989885,
    "mean": 1133.9390080648795,
    "unit": "ms"
  },
  "service_time": {
    "50_0": 991.8110309808981,
    "90_0": 2015.793564991327,
    "99_0": 2825.5566079053096,
    "99_9": 3186.9206118490843,
    "100_0": 3548.788574989885,
    "mean": 1133.9390080648795,
    "unit": "ms"
  },
  "error_rate": 0.0
}
