{
  "test_run_id": "2dda7bc0-2bcd-4afd-9672-27c4911f9e97",
  "throughput": {
    "min": 591112.8197822708,
    "mean": 592768.6333735705,
    "median": 592526.0785181681,
    "max": 595139.8103772445,
    "unit": "docs/s"
  },
  "latency": {
    "50_0": 1010.3944299917202,
    "90_0": 2140.6719679944217,
    "99_0": 3053.607307589847,
    "99_9": 3585.358524342306,
    "100_0": 3891.489221015945,
    "mean": 1201.8511176254715,
    "unit": "ms"
  },
  "service_time": {
    "50_0": 1010.3944299917202,
    "90_0": 2140.6719679944217,
    "99_0": 3053.607307589847,
    "99_9": 3585.358524342306,
    "100_0": 3891.489221015945,
    "mean": 1201.8511176254715,
    "unit": "ms"
  },
  "error_rate": 0.0
}
