{
  "test_run_id": "2ad46d72-6a08-42eb-8b28-8f6c3c345a77",
  "throughput": {
    "min": 525867.9030230149,
    "mean": 528754.2187681004,
    "median": 528829.9670681029,
    "max": 531633.7554041061,
    "unit": "docs/s"
  },
  "latency": {
    "50_0": 1434.8584004910663,
    "90_0": 2292.495121617685,
    "99_0": 2839.0172468661326,
    "99_9": 3662.6961570468166,
    "100_0": 5015.700920019299,
    "mean": 1447.470689996202,
    "unit": "ms"
  },
  "service_time": {
    "50_0": 1434.8584004910663,
    "90_0": 2292.495121617685,
    "99_0": 2839.0172468661326,
    "99_9": 3662.6961570468166,
    "100_0": 5015.700920019299,
    "mean": 1447.470689996202,
    "unit": "ms"
  },
  "error_rate": 0.0
}
