{
  "test_run_id": "cb801fc5-1137-443e-b878-56142c25fa17",
  "throughput": {
    "min": 549159.2110992355,
    "mean": 553034.0199140719,
    "median": 552295.2702117435,
    "max": 558453.2829318065,
    "unit": "docs/s"
  },
  "latency": {
    "50_0": 1379.6380194980884,
    "90_0": 2351.6791880945675,
    "99_0": 2983.9905238998467,
    "99_9": 3713.5849136430807,
    "100_0": 4244.329735985957,
    "mean": 1441.5552967377228,
    "unit": "ms"
  },
  "service_time": {
    "50_0": 1379.6380194980884,
    "90_0": 2351.6791880945675,
    "99_0": 2983.9905238998467,
    "99_9": 3713.5849136430807,
    "100_0": 4244.329735985957,
    "mean": 1441.5552967377228,
    "unit": "ms"
  },
  "error_rate": 0.0
}
