{
  "test_run_id": "306c0acd-6427-4c0a-984d-afbf44e09b3e",
  "throughput": {
    "min": 558289.6552922174,
    "mean": 562219.4444996662,
    "median": 561739.9143875662,
    "max": 568470.3208484983,
    "unit": "docs/s"
  },
  "latency": {
    "50_0": 1377.597954007797,
    "90_0": 2273.916575603653,
    "99_0": 2986.5382986643817,
    "99_9": 4320.746266916641,
    "100_0": 4467.12338400539,
    "mean": 1433.576727347131,
    "unit": "ms"
  },
  "service_time": {
    "50_0": 1377.597954007797,
    "90_0": 2273.916575603653,
    "99_0": 2986.5382986643817,
    "99_9": 4320.746266916641,
    "100_0": 4467.12338400539,
    "mean": 1433.576727347131,
    "unit": "ms"
  },
  "error_rate": 0.0
}
