{
  "test_run_id": "8be6ed58-4c3e-4e73-8e6b-7c8515ae127c",
  "throughput": {
    "min": 553354.7472061036,
    "mean": 556427.3520404589,
    "median": 556342.1404629244,
    "max": 560316.9149822183,
    "unit": "docs/s"
  },
  "latency": {
    "50_0": 1313.6848709982587,
    "90_0": 2164.6018249099147,
    "99_0": 3103.7348260288127,
    "99_9": 4465.893767428649,
    "100_0": 4551.287515991135,
    "mean": 1386.145805459146,
    "unit": "ms"
  },
  "service_time": {
    "50_0": 1313.6848709982587,
    "90_0": 2164.6018249099147,
    "99_0": 3103.7348260288127,
    "99_9": 4465.893767428649,
    "100_0": 4551.287515991135,
    "mean": 1386.145805459146,
    "unit": "ms"
  },
  "error_rate": 0.0
}
