{
  "test_run_id": "26e6d701-fd1e-4112-8ebb-82278c46238c",
  "throughput": {
    "min": 545570.2355411091,
    "mean": 549840.4006792603,
    "median": 549025.4732994459,
    "max": 554948.7318994626,
    "unit": "docs/s"
  },
  "latency": {
    "50_0": 1376.6676230006851,
    "90_0": 2281.6333371098153,
    "99_0": 2940.895092610154,
    "99_9": 3370.914901896148,
    "100_0": 3479.29580998607,
    "mean": 1445.492675393539,
    "unit": "ms"
  },
  "service_time": {
    "50_0": 1376.6676230006851,
    "90_0": 2281.6333371098153,
    "99_0": 2940.895092610154,
    "99_9": 3370.914901896148,
    "100_0": 3479.29580998607,
    "mean": 1445.492675393539,
    "unit": "ms"
  },
  "error_rate": 0.0
}
