{
  "test_run_id": "57b14ade-a2f7-43fb-9ab8-6d91132a6538",
  "throughput": {
    "min": 525029.0850231141,
    "mean": 527839.0320680505,
    "median": 528093.6916617954,
    "max": 530175.8081591942,
    "unit": "docs/s"
  },
  "latency": {
    "50_0": 1377.0793809962925,
    "90_0": 2292.263902386185,
    "99_0": 2975.761321706228,
    "99_9": 3584.356572543279,
    "100_0": 4502.888627990615,
    "mean": 1447.7447537242645,
    "unit": "ms"
  },
  "service_time": {
    "50_0": 1377.0793809962925,
    "90_0": 2292.263902386185,
    "99_0": 2975.761321706228,
    "99_9": 3584.356572543279,
    "100_0": 4502.888627990615,
    "mean": 1447.7447537242645,
    "unit": "ms"
  },
  "error_rate": 0.0
}
