{
 "benchmark-version": "2.0.0",
 "benchmark-revision": null,
 "environment": "local",
 "test-run-id": "e401bc27-364c-4d5a-bf67-6309f0180ae0",
 "test-run-timestamp": "20251008T164523Z",
 "pipeline": "benchmark-only",
 "user-tags": {},
 "workload": "nyc_taxis",
 "cluster-config-instance": [
  "external"
 ],
 "cluster": {
  "revision": "8ff7c6ee924a49f0f59f80a6e1c73073c8904214",
  "distribution-version": "3.1.0",
  "distribution-flavor": "oss",
  "cluster-config-revision": null
 },
 "results": {
  "op_metrics": [
   {
    "task": "index",
    "operation": "index",
    "throughput": {
     "min": 506045.0325382664,
     "mean": 508722.5359657114,
     "median": 508623.83160228987,
     "max": 511556.97063542105,
     "unit": "docs/s"
    },
    "latency": {
     "50_0": 1445.5733060021885,
     "90_0": 2246.2679014191963,
     "99_0": 2982.2965222096536,
     "99_9": 3477.735964022057,
     "100_0": 4974.505440011853,
     "mean": 1492.3244927228873,
     "unit": "ms"
    },
    "service_time": {
     "50_0": 1445.5733060021885,
     "90_0": 2246.2679014191963,
     "99_0": 2982.2965222096536,
     "99_9": 3477.735964022057,
     "100_0": 4974.505440011853,
     "mean": 1492.3244927228873,
     "unit": "ms"
    },
    "client_processing_time": {
     "50_0": 1.341412018518895,
     "90_0": 1.4581449795514345,
     "99_0": 8.634747136384169,
     "99_9": 36.92091908829764,
     "100_0": 72.0938180165831,
     "mean": 1.4125823934169621,
     "unit": "ms"
    },
    "processing_time": {
     "50_0": 1453.8404080085456,
     "90_0": 2249.880856985692,
     "99_0": 2986.213711395976,
     "99_9": 3489.204523636206,
     "100_0": 4977.5665040069725,
     "mean": 1498.542915617988,
     "unit": "ms"
    },
    "error_rate": 0.0,
    "duration": 321035.15318600694
   }
  ],
  "correctness_metrics": [
   {
    "task": "index",
    "operation": "index",
    "recall@k": {},
    "recall@1": {},
    "error_rate": 0.0,
    "duration": 321035.15318600694
   }
  ],
  "profile_metrics": [],
  "total_time": 49545282,
  "total_time_per_shard": {
   "min": 1898051,
   "median": 2006321.0,
   "max": 2655061,
   "unit": "ms"
  },
  "indexing_throttle_time": 0,
  "indexing_throttle_time_per_shard": {
   "min": 0,
   "median": 0.0,
   "max": 0,
   "unit": "ms"
  },
  "merge_time": 7755521,
  "merge_time_per_shard": {
   "min": 264416,
   "median": 314392.0,
   "max": 393646,
   "unit": "ms"
  },
  "merge_count": 1074,
  "refresh_time": 1213983,
  "refresh_time_per_shard": {
   "min": 32517,
   "median": 50022.0,
   "max": 70053,
   "unit": "ms"
  },
  "refresh_count": 509,
  "flush_time": 727727,
  "flush_time_per_shard": {
   "min": 23397,
   "median": 30603.0,
   "max": 39175,
   "unit": "ms"
  },
  "flush_count": 72,
  "merge_throttle_time": 817973,
  "merge_throttle_time_per_shard": {
   "min": 16057,
   "median": 31980.5,
   "max": 58062,
   "unit": "ms"
  },
  "ml_processing_time": [],
  "young_gc_time": 166279,
  "young_gc_count": 3295,
  "old_gc_time": 0,
  "old_gc_count": 0,
  "memory_segments": 0,
  "memory_doc_values": 0,
  "memory_terms": 0,
  "memory_norms": 0,
  "memory_points": 0,
  "memory_stored_fields": 0,
  "store_size": 86276859411,
  "translog_size": 32880634108,
  "segment_count": 1130,
  "total_transform_search_times": [],
  "total_transform_index_times": [],
  "total_transform_processing_times": [],
  "total_transform_throughput": []
 },
 "workload-revision": "32d8806",
 "test_procedure": "append-no-conflicts",
 "workload-params": {
  "bulk_indexing_clients": 80,
  "bulk_size": 10000
 }
}