{
  "test_run_id": "e401bc27-364c-4d5a-bf67-6309f0180ae0",
  "throughput": {
    "min": 506045.0325382664,
    "mean": 508722.5359657114,
    "median": 508623.83160228987,
    "max": 511556.97063542105,
    "unit": "docs/s"
  },
  "latency": {
    "50_0": 1445.5733060021885,
    "90_0": 2246.2679014191963,
    "99_0": 2982.2965222096536,
    "99_9": 3477.735964022057,
    "100_0": 4974.505440011853,
    "mean": 1492.3244927228873,
    "unit": "ms"
  },
  "service_time": {
    "50_0": 1445.5733060021885,
    "90_0": 2246.2679014191963,
    "99_0": 2982.2965222096536,
    "99_9": 3477.735964022057,
    "100_0": 4974.505440011853,
    "mean": 1492.3244927228873,
    "unit": "ms"
  },
  "error_rate": 0.0
}
