{
 "benchmark-version": "2.0.0",
 "benchmark-revision": null,
 "environment": "local",
 "test-run-id": "306c0acd-6427-4c0a-984d-afbf44e09b3e",
 "test-run-timestamp": "20251008T163808Z",
 "pipeline": "benchmark-only",
 "user-tags": {},
 "workload": "nyc_taxis",
 "cluster-config-instance": [
  "external"
 ],
 "cluster": {
  "revision": "8ff7c6ee924a49f0f59f80a6e1c73073c8904214",
  "distribution-version": "3.1.0",
  "distribution-flavor": "oss",
  "cluster-config-revision": null
 },
 "results": {
  "op_metrics": [
   {
    "task": "index",
    "operation": "index",
    "throughput": {
     "min": 558289.6552922174,
     "mean": 562219.4444996662,
     "median": 561739.9143875662,
     "max": 568470.3208484983,
     "unit": "docs/s"
    },
    "latency": {
     "50_0": 1377.597954007797,
     "90_0": 2273.916575603653,
     "99_0": 2986.5382986643817,
     "99_9": 4320.746266916641,
     "100_0": 4467.12338400539,
     "mean": 1433.576727347131,
     "unit": "ms"
    },
    "service_time": {
     "50_0": 1377.597954007797,
     "90_0": 2273.916575603653,
     "99_0": 2986.5382986643817,
     "99_9": 4320.746266916641,
     "100_0": 4467.12338400539,
     "mean": 1433.576727347131,
     "unit": "ms"
    },
    "client_processing_time": {
     "50_0": 1.3275800156407058,
     "90_0": 1.4178319950588048,
     "99_0": 9.170819192659087,
     "99_9": 37.21678086475004,
     "100_0": 56.00151896942407,
     "mean": 1.3826257076528228,
     "unit": "ms"
    },
    "processing_time": {
     "50_0": 1381.5789819927886,
     "90_0": 2276.9640355836605,
     "99_0": 2998.607730551155,
     "99_9": 4323.620735619231,
     "100_0": 4470.14022100484,
     "mean": 1439.0018188216259,
     "unit": "ms"
    },
    "error_rate": 0.0,
    "duration": 295657.7540319995
   }
  ],
  "correctness_metrics": [
   {
    "task": "index",
    "operation": "index",
    "recall@k": {},
    "recall@1": {},
    "error_rate": 0.0,
    "duration": 295657.7540319995
   }
  ],
  "profile_metrics": [],
  "total_time": 46907725,
  "total_time_per_shard": {
   "min": 56,
   "median": 1922743,
   "max": 2342015,
   "unit": "ms"
  },
  "indexing_throttle_time": 0,
  "indexing_throttle_time_per_shard": {
   "min": 0,
   "median": 0,
   "max": 0,
   "unit": "ms"
  },
  "merge_time": 7069503,
  "merge_time_per_shard": {
   "min": 0,
   "median": 298219,
   "max": 348448,
   "unit": "ms"
  },
  "merge_count": 940,
  "refresh_time": 931982,
  "refresh_time_per_shard": {
   "min": 56,
   "median": 36362,
   "max": 64695,
   "unit": "ms"
  },
  "refresh_count": 431,
  "flush_time": 760275,
  "flush_time_per_shard": {
   "min": 0,
   "median": 31016,
   "max": 40925,
   "unit": "ms"
  },
  "flush_count": 73,
  "merge_throttle_time": 1004538,
  "merge_throttle_time_per_shard": {
   "min": 0,
   "median": 41415,
   "max": 59794,
   "unit": "ms"
  },
  "ml_processing_time": [],
  "young_gc_time": 128746,
  "young_gc_count": 2498,
  "old_gc_time": 0,
  "old_gc_count": 0,
  "memory_segments": 0,
  "memory_doc_values": 0,
  "memory_terms": 0,
  "memory_norms": 0,
  "memory_points": 0,
  "memory_stored_fields": 0,
  "store_size": 84872830147,
  "translog_size": 31878489697,
  "segment_count": 1274,
  "total_transform_search_times": [],
  "total_transform_index_times": [],
  "total_transform_processing_times": [],
  "total_transform_throughput": []
 },
 "workload-revision": "32d8806",
 "test_procedure": "append-no-conflicts",
 "workload-params": {
  "bulk_indexing_clients": 80,
  "bulk_size": 10000
 }
}