{
 "benchmark-version": "2.0.0",
 "benchmark-revision": null,
 "environment": "local",
 "test-run-id": "cb801fc5-1137-443e-b878-56142c25fa17",
 "test-run-timestamp": "20251008T163240Z",
 "pipeline": "benchmark-only",
 "user-tags": {},
 "workload": "nyc_taxis",
 "cluster-config-instance": [
  "external"
 ],
 "cluster": {
  "revision": "8ff7c6ee924a49f0f59f80a6e1c73073c8904214",
  "distribution-version": "3.1.0",
  "distribution-flavor": "oss",
  "cluster-config-revision": null
 },
 "results": {
  "op_metrics": [
   {
    "task": "index",
    "operation": "index",
    "throughput": {
     "min": 549159.2110992355,
     "mean": 553034.0199140719,
     "median": 552295.2702117435,
     "max": 558453.2829318065,
     "unit": "docs/s"
    },
    "latency": {
     "50_0": 1379.6380194980884,
     "90_0": 2351.6791880945675,
     "99_0": 2983.9905238998467,
     "99_9": 3713.5849136430807,
     "100_0": 4244.329735985957,
     "mean": 1441.5552967377228,
     "unit": "ms"
    },
    "service_time": {
     "50_0": 1379.6380194980884,
     "90_0": 2351.6791880945675,
     "99_0": 2983.9905238998467,
     "99_9": 3713.5849136430807,
     "100_0": 4244.329735985957,
     "mean": 1441.5552967377228,
     "unit": "ms"
    },
    "client_processing_time": {
     "50_0": 1.3204709975980222,
     "90_0": 1.4104369940469041,
     "99_0": 4.263881638471502,
     "99_9": 17.27099845401306,
     "100_0": 74.61514801252633,
     "mean": 1.2777550649900604,
     "unit": "ms"
    },
    "processing_time": {
     "50_0": 1385.424904510728,
     "90_0": 2357.8842414077376,
     "99_0": 2986.9488109572553,
     "99_9": 3716.548376841358,
     "100_0": 4247.235927992733,
     "mean": 1446.691483868695,
     "unit": "ms"
    },
    "error_rate": 0.0,
    "duration": 299960.84143201006
   }
  ],
  "correctness_metrics": [
   {
    "task": "index",
    "operation": "index",
    "recall@k": {},
    "recall@1": {},
    "error_rate": 0.0,
    "duration": 299960.84143201006
   }
  ],
  "profile_metrics": [],
  "total_time": 49175741,
  "total_time_per_shard": {
   "min": 32,
   "median": 2001368,
   "max": 2305987,
   "unit": "ms"
  },
  "indexing_throttle_time": 0,
  "indexing_throttle_time_per_shard": {
   "min": 0,
   "median": 0,
   "max": 0,
   "unit": "ms"
  },
  "merge_time": 7151057,
  "merge_time_per_shard": {
   "min": 0,
   "median": 304937,
   "max": 373602,
   "unit": "ms"
  },
  "merge_count": 985,
  "refresh_time": 1087861,
  "refresh_time_per_shard": {
   "min": 131,
   "median": 46985,
   "max": 65436,
   "unit": "ms"
  },
  "refresh_count": 435,
  "flush_time": 713306,
  "flush_time_per_shard": {
   "min": 0,
   "median": 27931,
   "max": 39371,
   "unit": "ms"
  },
  "flush_count": 72,
  "merge_throttle_time": 665919,
  "merge_throttle_time_per_shard": {
   "min": 0,
   "median": 24541,
   "max": 52591,
   "unit": "ms"
  },
  "ml_processing_time": [],
  "young_gc_time": 124586,
  "young_gc_count": 2511,
  "old_gc_time": 0,
  "old_gc_count": 0,
  "memory_segments": 0,
  "memory_doc_values": 0,
  "memory_terms": 0,
  "memory_norms": 0,
  "memory_points": 0,
  "memory_stored_fields": 0,
  "store_size": 82163443296,
  "translog_size": 31966450693,
  "segment_count": 1190,
  "total_transform_search_times": [],
  "total_transform_index_times": [],
  "total_transform_processing_times": [],
  "total_transform_throughput": []
 },
 "workload-revision": "32d8806",
 "test_procedure": "append-no-conflicts",
 "workload-params": {
  "bulk_indexing_clients": 80,
  "bulk_size": 10000
 }
}