{
 "benchmark-version": "2.0.0",
 "benchmark-revision": null,
 "environment": "local",
 "test-run-id": "aed3de6d-fd7d-48ac-b35a-0d3860cfdac0",
 "test-run-timestamp": "20251008T160816Z",
 "pipeline": "benchmark-only",
 "user-tags": {},
 "workload": "nyc_taxis",
 "cluster-config-instance": [
  "external"
 ],
 "cluster": {
  "revision": "8ff7c6ee924a49f0f59f80a6e1c73073c8904214",
  "distribution-version": "3.1.0",
  "distribution-flavor": "oss",
  "cluster-config-revision": null
 },
 "results": {
  "op_metrics": [
   {
    "task": "index",
    "operation": "index",
    "throughput": {
     "min": 556054.8185554841,
     "mean": 562521.8988937099,
     "median": 562241.2043514923,
     "max": 568429.1588693445,
     "unit": "docs/s"
    },
    "latency": {
     "50_0": 1400.6215529807378,
     "90_0": 2207.9856170050334,
     "99_0": 2980.4562293994213,
     "99_9": 3562.8744746046236,
     "100_0": 4289.324126992142,
     "mean": 1458.2569894282053,
     "unit": "ms"
    },
    "service_time": {
     "50_0": 1400.6215529807378,
     "90_0": 2207.9856170050334,
     "99_0": 2980.4562293994213,
     "99_9": 3562.8744746046236,
     "100_0": 4289.324126992142,
     "mean": 1458.2569894282053,
     "unit": "ms"
    },
    "client_processing_time": {
     "50_0": 1.3301639701239765,
     "90_0": 1.4294265944045037,
     "99_0": 11.018698879051824,
     "99_9": 35.46566016064099,
     "100_0": 74.56498401006684,
     "mean": 1.420430433155864,
     "unit": "ms"
    },
    "processing_time": {
     "50_0": 1406.5127549984027,
     "90_0": 2211.486752005294,
     "99_0": 2983.146909603381,
     "99_9": 3565.7656545100126,
     "100_0": 4292.594530998031,
     "mean": 1463.9645465130207,
     "unit": "ms"
    },
    "error_rate": 0.0,
    "duration": 296200.2227859921
   }
  ],
  "correctness_metrics": [
   {
    "task": "index",
    "operation": "index",
    "recall@k": {},
    "recall@1": {},
    "error_rate": 0.0,
    "duration": 296200.2227859921
   }
  ],
  "profile_metrics": [],
  "total_time": 47089809,
  "total_time_per_shard": {
   "min": 1,
   "median": 1948924,
   "max": 2171736,
   "unit": "ms"
  },
  "indexing_throttle_time": 0,
  "indexing_throttle_time_per_shard": {
   "min": 0,
   "median": 0,
   "max": 0,
   "unit": "ms"
  },
  "merge_time": 6388938,
  "merge_time_per_shard": {
   "min": 0,
   "median": 259175,
   "max": 357389,
   "unit": "ms"
  },
  "merge_count": 965,
  "refresh_time": 988624,
  "refresh_time_per_shard": {
   "min": 235,
   "median": 41575,
   "max": 61993,
   "unit": "ms"
  },
  "refresh_count": 457,
  "flush_time": 783869,
  "flush_time_per_shard": {
   "min": 0,
   "median": 32264,
   "max": 42444,
   "unit": "ms"
  },
  "flush_count": 72,
  "merge_throttle_time": 779686,
  "merge_throttle_time_per_shard": {
   "min": 0,
   "median": 29881,
   "max": 65930,
   "unit": "ms"
  },
  "ml_processing_time": [],
  "young_gc_time": 107461,
  "young_gc_count": 2055,
  "old_gc_time": 0,
  "old_gc_count": 0,
  "memory_segments": 0,
  "memory_doc_values": 0,
  "memory_terms": 0,
  "memory_norms": 0,
  "memory_points": 0,
  "memory_stored_fields": 0,
  "store_size": 84659767234,
  "translog_size": 29739555646,
  "segment_count": 1235,
  "total_transform_search_times": [],
  "total_transform_index_times": [],
  "total_transform_processing_times": [],
  "total_transform_throughput": []
 },
 "workload-revision": "32d8806",
 "test_procedure": "append-no-conflicts",
 "workload-params": {
  "bulk_indexing_clients": 80,
  "bulk_size": 10000
 }
}