{
  "test_run_id": "241f9786-124a-4b2f-8414-c7b51b404e99",
  "throughput": {
    "min": 546099.6066983475,
    "mean": 548019.1712816325,
    "median": 547769.9804565213,
    "max": 550541.9960241463,
    "unit": "docs/s"
  },
  "latency": {
    "50_0": 1322.7098884817678,
    "90_0": 2327.267590293196,
    "99_0": 3237.4487239518203,
    "99_9": 3702.224918639987,
    "100_0": 4014.220479002688,
    "mean": 1399.0903946277385,
    "unit": "ms"
  },
  "service_time": {
    "50_0": 1322.7098884817678,
    "90_0": 2327.267590293196,
    "99_0": 3237.4487239518203,
    "99_9": 3702.224918639987,
    "100_0": 4014.220479002688,
    "mean": 1399.0903946277385,
    "unit": "ms"
  },
  "error_rate": 0.0
}
