{
  "test_run_id": "aed3de6d-fd7d-48ac-b35a-0d3860cfdac0",
  "throughput": {
    "min": 556054.8185554841,
    "mean": 562521.8988937099,
    "median": 562241.2043514923,
    "max": 568429.1588693445,
    "unit": "docs/s"
  },
  "latency": {
    "50_0": 1400.6215529807378,
    "90_0": 2207.9856170050334,
    "99_0": 2980.4562293994213,
    "99_9": 3562.8744746046236,
    "100_0": 4289.324126992142,
    "mean": 1458.2569894282053,
    "unit": "ms"
  },
  "service_time": {
    "50_0": 1400.6215529807378,
    "90_0": 2207.9856170050334,
    "99_0": 2980.4562293994213,
    "99_9": 3562.8744746046236,
    "100_0": 4289.324126992142,
    "mean": 1458.2569894282053,
    "unit": "ms"
  },
  "error_rate": 0.0
}
