{
  "test_run_id": "82af90ec-d3cb-4e34-95c0-10448f14e908",
  "throughput": {
    "min": 535056.2999424087,
    "mean": 539374.3865355304,
    "median": 538304.7105682001,
    "max": 544243.4303203478,
    "unit": "docs/s"
  },
  "latency": {
    "50_0": 1460.9898494964,
    "90_0": 2251.533772997209,
    "99_0": 2817.314647999883,
    "99_9": 3458.527746316212,
    "100_0": 3977.4142630049028,
    "mean": 1483.5850923462347,
    "unit": "ms"
  },
  "service_time": {
    "50_0": 1460.9898494964,
    "90_0": 2251.533772997209,
    "99_0": 2817.314647999883,
    "99_9": 3458.527746316212,
    "100_0": 3977.4142630049028,
    "mean": 1483.5850923462347,
    "unit": "ms"
  },
  "error_rate": 0.0
}
