{
  "test_run_id": "70b6cd54-94bc-4aa5-bad4-f496fc72a5c0",
  "throughput": {
    "min": 556074.0925408064,
    "mean": 563248.1821067198,
    "median": 562628.2129730249,
    "max": 570931.6777830548,
    "unit": "docs/s"
  },
  "latency": {
    "50_0": 1443.8794694870012,
    "90_0": 2410.735527187353,
    "99_0": 3559.7685474753957,
    "99_9": 3826.1299278695956,
    "100_0": 4289.723522000713,
    "mean": 1495.7858125426674,
    "unit": "ms"
  },
  "service_time": {
    "50_0": 1443.8794694870012,
    "90_0": 2410.735527187353,
    "99_0": 3559.7685474753957,
    "99_9": 3826.1299278695956,
    "100_0": 4289.723522000713,
    "mean": 1495.7858125426674,
    "unit": "ms"
  },
  "error_rate": 0.0
}
