{
  "test_run_id": "890b9fcb-41e7-45b9-a9e3-781292a8d465",
  "throughput": {
    "min": 538387.4279582168,
    "mean": 543021.4183438444,
    "median": 542283.3185704665,
    "max": 547474.6820851788,
    "unit": "docs/s"
  },
  "latency": {
    "50_0": 1451.714416994946,
    "90_0": 2277.393295010552,
    "99_0": 2878.8180481159357,
    "99_9": 3298.810442372982,
    "100_0": 3433.0982379906345,
    "mean": 1465.1700359609204,
    "unit": "ms"
  },
  "service_time": {
    "50_0": 1451.714416994946,
    "90_0": 2277.393295010552,
    "99_0": 2878.8180481159357,
    "99_9": 3298.810442372982,
    "100_0": 3433.0982379906345,
    "mean": 1465.1700359609204,
    "unit": "ms"
  },
  "error_rate": 0.0
}
