{
 "benchmark-version": "2.0.0",
 "benchmark-revision": null,
 "environment": "local",
 "test-run-id": "82af90ec-d3cb-4e34-95c0-10448f14e908",
 "test-run-timestamp": "20251008T170225Z",
 "pipeline": "benchmark-only",
 "user-tags": {},
 "workload": "nyc_taxis",
 "cluster-config-instance": [
  "external"
 ],
 "cluster": {
  "revision": "8ff7c6ee924a49f0f59f80a6e1c73073c8904214",
  "distribution-version": "3.1.0",
  "distribution-flavor": "oss",
  "cluster-config-revision": null
 },
 "results": {
  "op_metrics": [
   {
    "task": "index",
    "operation": "index",
    "throughput": {
     "min": 535056.2999424087,
     "mean": 539374.3865355304,
     "median": 538304.7105682001,
     "max": 544243.4303203478,
     "unit": "docs/s"
    },
    "latency": {
     "50_0": 1460.9898494964,
     "90_0": 2251.533772997209,
     "99_0": 2817.314647999883,
     "99_9": 3458.527746316212,
     "100_0": 3977.4142630049028,
     "mean": 1483.5850923462347,
     "unit": "ms"
    },
    "service_time": {
     "50_0": 1460.9898494964,
     "90_0": 2251.533772997209,
     "99_0": 2817.314647999883,
     "99_9": 3458.527746316212,
     "100_0": 3977.4142630049028,
     "mean": 1483.5850923462347,
     "unit": "ms"
    },
    "client_processing_time": {
     "50_0": 1.3378220173763111,
     "90_0": 1.4436505967751145,
     "99_0": 5.136070637090572,
     "99_9": 35.90181534070898,
     "100_0": 63.57566697988659,
     "mean": 1.3459219892873713,
     "unit": "ms"
    },
    "processing_time": {
     "50_0": 1467.1050869947067,
     "90_0": 2257.076926101581,
     "99_0": 2820.4025063471636,
     "99_9": 3461.6293156680686,
     "100_0": 3980.409789015539,
     "mean": 1488.6620529622694,
     "unit": "ms"
    },
    "error_rate": 0.0,
    "duration": 308155.966892984
   }
  ],
  "correctness_metrics": [
   {
    "task": "index",
    "operation": "index",
    "recall@k": {},
    "recall@1": {},
    "error_rate": 0.0,
    "duration": 308155.966892984
   }
  ],
  "profile_metrics": [],
  "total_time": 49319087,
  "total_time_per_shard": {
   "min": 6,
   "median": 2062429,
   "max": 2335208,
   "unit": "ms"
  },
  "indexing_throttle_time": 0,
  "indexing_throttle_time_per_shard": {
   "min": 0,
   "median": 0,
   "max": 0,
   "unit": "ms"
  },
  "merge_time": 7769469,
  "merge_time_per_shard": {
   "min": 0,
   "median": 332028,
   "max": 391355,
   "unit": "ms"
  },
  "merge_count": 1088,
  "refresh_time": 1142949,
  "refresh_time_per_shard": {
   "min": 40,
   "median": 46309,
   "max": 64779,
   "unit": "ms"
  },
  "refresh_count": 526,
  "flush_time": 608492,
  "flush_time_per_shard": {
   "min": 0,
   "median": 23384,
   "max": 37565,
   "unit": "ms"
  },
  "flush_count": 72,
  "merge_throttle_time": 701000,
  "merge_throttle_time_per_shard": {
   "min": 0,
   "median": 26685,
   "max": 46861,
   "unit": "ms"
  },
  "ml_processing_time": [],
  "young_gc_time": 156418,
  "young_gc_count": 3297,
  "old_gc_time": 0,
  "old_gc_count": 0,
  "memory_segments": 0,
  "memory_doc_values": 0,
  "memory_terms": 0,
  "memory_norms": 0,
  "memory_points": 0,
  "memory_stored_fields": 0,
  "store_size": 89629875247,
  "translog_size": 34609494862,
  "segment_count": 1255,
  "total_transform_search_times": [],
  "total_transform_index_times": [],
  "total_transform_processing_times": [],
  "total_transform_throughput": []
 },
 "workload-revision": "32d8806",
 "test_procedure": "append-no-conflicts",
 "workload-params": {
  "bulk_indexing_clients": 80,
  "bulk_size": 10000
 }
}