{
  "test_run_id": "21bf78b6-1e69-4919-b838-cfec79054895",
  "throughput": {
    "min": 521092.3780487939,
    "mean": 525776.786274143,
    "median": 525131.1671212617,
    "max": 530900.9849443937,
    "unit": "docs/s"
  },
  "latency": {
    "50_0": 1514.4583759829402,
    "90_0": 2274.189257994294,
    "99_0": 3214.2327592847873,
    "99_9": 3826.5704331875354,
    "100_0": 4285.767496010521,
    "mean": 1523.9724727091077,
    "unit": "ms"
  },
  "service_time": {
    "50_0": 1514.4583759829402,
    "90_0": 2274.189257994294,
    "99_0": 3214.2327592847873,
    "99_9": 3826.5704331875354,
    "100_0": 4285.767496010521,
    "mean": 1523.9724727091077,
    "unit": "ms"
  },
  "error_rate": 0.0
}
