{
  "test_run_id": "15c20f94-20fc-47f3-982a-2bbf6453d24d",
  "throughput": {
    "min": 497341.97698424396,
    "mean": 498787.38268970966,
    "median": 498838.66515607666,
    "max": 499876.3287538485,
    "unit": "docs/s"
  },
  "latency": {
    "50_0": 1462.2651975078043,
    "90_0": 2377.774226211477,
    "99_0": 3136.55621684884,
    "99_9": 3883.7794974332555,
    "100_0": 4809.864768991247,
    "mean": 1501.9945038220344,
    "unit": "ms"
  },
  "service_time": {
    "50_0": 1462.2651975078043,
    "90_0": 2377.774226211477,
    "99_0": 3136.55621684884,
    "99_9": 3883.7794974332555,
    "100_0": 4809.864768991247,
    "mean": 1501.9945038220344,
    "unit": "ms"
  },
  "error_rate": 0.0
}
