{
  "test_run_id": "1600ad8a-28ca-4213-bfd8-eee1854252a5",
  "throughput": {
    "min": 527844.4959033724,
    "mean": 532834.4774232925,
    "median": 531861.1164238502,
    "max": 537171.9038646127,
    "unit": "docs/s"
  },
  "latency": {
    "50_0": 1484.3202679767273,
    "90_0": 2371.902454202064,
    "99_0": 2998.671785534825,
    "99_9": 3558.1585824176486,
    "100_0": 3616.5565210103523,
    "mean": 1503.2542526594482,
    "unit": "ms"
  },
  "service_time": {
    "50_0": 1484.3202679767273,
    "90_0": 2371.902454202064,
    "99_0": 2998.671785534825,
    "99_9": 3558.1585824176486,
    "100_0": 3616.5565210103523,
    "mean": 1503.2542526594482,
    "unit": "ms"
  },
  "error_rate": 0.0
}
