{
  "test_run_id": "86df418c-fdf9-4410-a825-406152e5bea2",
  "throughput": {
    "min": 533107.5863156611,
    "mean": 538452.5769703028,
    "median": 537582.9343497122,
    "max": 543384.6925720696,
    "unit": "docs/s"
  },
  "latency": {
    "50_0": 1468.963425984839,
    "90_0": 2315.408057998866,
    "99_0": 2990.084082217072,
    "99_9": 3412.3261711400155,
    "100_0": 4163.30810499494,
    "mean": 1495.1000839721985,
    "unit": "ms"
  },
  "service_time": {
    "50_0": 1468.963425984839,
    "90_0": 2315.408057998866,
    "99_0": 2990.084082217072,
    "99_9": 3412.3261711400155,
    "100_0": 4163.30810499494,
    "mean": 1495.1000839721985,
    "unit": "ms"
  },
  "error_rate": 0.0002966478789676654
}
