{
 "benchmark-version": "2.0.0",
 "benchmark-revision": null,
 "environment": "local",
 "test-run-id": "1600ad8a-28ca-4213-bfd8-eee1854252a5",
 "test-run-timestamp": "20251008T172718Z",
 "pipeline": "benchmark-only",
 "user-tags": {},
 "workload": "nyc_taxis",
 "cluster-config-instance": [
  "external"
 ],
 "cluster": {
  "revision": "8ff7c6ee924a49f0f59f80a6e1c73073c8904214",
  "distribution-version": "3.1.0",
  "distribution-flavor": "oss",
  "cluster-config-revision": null
 },
 "results": {
  "op_metrics": [
   {
    "task": "index",
    "operation": "index",
    "throughput": {
     "min": 527844.4959033724,
     "mean": 532834.4774232925,
     "median": 531861.1164238502,
     "max": 537171.9038646127,
     "unit": "docs/s"
    },
    "latency": {
     "50_0": 1484.3202679767273,
     "90_0": 2371.902454202064,
     "99_0": 2998.671785534825,
     "99_9": 3558.1585824176486,
     "100_0": 3616.5565210103523,
     "mean": 1503.2542526594482,
     "unit": "ms"
    },
    "service_time": {
     "50_0": 1484.3202679767273,
     "90_0": 2371.902454202064,
     "99_0": 2998.671785534825,
     "99_9": 3558.1585824176486,
     "100_0": 3616.5565210103523,
     "mean": 1503.2542526594482,
     "unit": "ms"
    },
    "client_processing_time": {
     "50_0": 1.3481160276569426,
     "90_0": 1.4470459951553494,
     "99_0": 4.600499587831965,
     "99_9": 33.05936954147333,
     "100_0": 67.77021600282751,
     "mean": 1.3596273053864976,
     "unit": "ms"
    },
    "processing_time": {
     "50_0": 1487.411982001504,
     "90_0": 2377.6201330008917,
     "99_0": 3007.560095000661,
     "99_9": 3560.79864596931,
     "100_0": 3619.7161529853474,
     "mean": 1508.1016721313606,
     "unit": "ms"
    },
    "error_rate": 0.0,
    "duration": 311290.4644010123
   }
  ],
  "correctness_metrics": [
   {
    "task": "index",
    "operation": "index",
    "recall@k": {},
    "recall@1": {},
    "error_rate": 0.0,
    "duration": 311290.4644010123
   }
  ],
  "profile_metrics": [],
  "total_time": 45192884,
  "total_time_per_shard": {
   "min": 1,
   "median": 1848571,
   "max": 2567238,
   "unit": "ms"
  },
  "indexing_throttle_time": 0,
  "indexing_throttle_time_per_shard": {
   "min": 0,
   "median": 0,
   "max": 0,
   "unit": "ms"
  },
  "merge_time": 8104416,
  "merge_time_per_shard": {
   "min": 0,
   "median": 329090,
   "max": 441664,
   "unit": "ms"
  },
  "merge_count": 1110,
  "refresh_time": 1189114,
  "refresh_time_per_shard": {
   "min": 41,
   "median": 48912,
   "max": 64626,
   "unit": "ms"
  },
  "refresh_count": 544,
  "flush_time": 629084,
  "flush_time_per_shard": {
   "min": 0,
   "median": 25504,
   "max": 33880,
   "unit": "ms"
  },
  "flush_count": 72,
  "merge_throttle_time": 804860,
  "merge_throttle_time_per_shard": {
   "min": 0,
   "median": 31893,
   "max": 64044,
   "unit": "ms"
  },
  "ml_processing_time": [],
  "young_gc_time": 219457,
  "young_gc_count": 4981,
  "old_gc_time": 0,
  "old_gc_count": 0,
  "memory_segments": 0,
  "memory_doc_values": 0,
  "memory_terms": 0,
  "memory_norms": 0,
  "memory_points": 0,
  "memory_stored_fields": 0,
  "store_size": 86760818742,
  "translog_size": 31457315764,
  "segment_count": 1175,
  "total_transform_search_times": [],
  "total_transform_index_times": [],
  "total_transform_processing_times": [],
  "total_transform_throughput": []
 },
 "workload-revision": "32d8806",
 "test_procedure": "append-no-conflicts",
 "workload-params": {
  "bulk_indexing_clients": 80,
  "bulk_size": 10000
 }
}