{
  "test_run_id": "18a6999a-ba40-4d73-a1a6-34fdfff171c8",
  "throughput": {
    "min": 555184.1570976218,
    "mean": 559727.0092327752,
    "median": 558903.8999107075,
    "max": 566653.2680353898,
    "unit": "docs/s"
  },
  "latency": {
    "50_0": 1611.777369020274,
    "90_0": 2519.824013026664,
    "99_0": 3416.7373921955,
    "99_9": 3712.801884700319,
    "100_0": 3988.1371579831466,
    "mean": 1642.7937815499179,
    "unit": "ms"
  },
  "service_time": {
    "50_0": 1611.777369020274,
    "90_0": 2519.824013026664,
    "99_0": 3416.7373921955,
    "99_9": 3712.801884700319,
    "100_0": 3988.1371579831466,
    "mean": 1642.7937815499179,
    "unit": "ms"
  },
  "error_rate": 0.0
}
