{
  "test_run_id": "d33425c9-4ae0-4660-861a-d7b8bcb60a3f",
  "throughput": {
    "min": 568053.5003338711,
    "mean": 570479.8005178671,
    "median": 570349.8301269563,
    "max": 574137.4822491521,
    "unit": "docs/s"
  },
  "latency": {
    "50_0": 1454.5326070219744,
    "90_0": 2386.435514583718,
    "99_0": 3311.602777322406,
    "99_9": 4092.2625087432743,
    "100_0": 4809.69712100341,
    "mean": 1526.1895386583103,
    "unit": "ms"
  },
  "service_time": {
    "50_0": 1454.5326070219744,
    "90_0": 2386.435514583718,
    "99_0": 3311.602777322406,
    "99_9": 4092.2625087432743,
    "100_0": 4809.69712100341,
    "mean": 1526.1895386583103,
    "unit": "ms"
  },
  "error_rate": 0.0
}
