{
  "test_run_id": "b3b63c35-1b7f-437e-80aa-63f32f62d9fc",
  "throughput": {
    "min": 543834.3997502155,
    "mean": 547398.7080094164,
    "median": 547825.3788848922,
    "max": 549402.8282318148,
    "unit": "docs/s"
  },
  "latency": {
    "50_0": 1494.313562507159,
    "90_0": 2435.024621302728,
    "99_0": 3304.425039408964,
    "99_9": 4967.266122321892,
    "100_0": 5174.51203300152,
    "mean": 1537.4133182009575,
    "unit": "ms"
  },
  "service_time": {
    "50_0": 1494.313562507159,
    "90_0": 2435.024621302728,
    "99_0": 3304.425039408964,
    "99_9": 4967.266122321892,
    "100_0": 5174.51203300152,
    "mean": 1537.4133182009575,
    "unit": "ms"
  },
  "error_rate": 0.0
}
