{
 "benchmark-version": "2.0.0",
 "benchmark-revision": null,
 "environment": "local",
 "test-run-id": "d33425c9-4ae0-4660-861a-d7b8bcb60a3f",
 "test-run-timestamp": "20251008T175427Z",
 "pipeline": "benchmark-only",
 "user-tags": {},
 "workload": "nyc_taxis",
 "cluster-config-instance": [
  "external"
 ],
 "cluster": {
  "revision": "8ff7c6ee924a49f0f59f80a6e1c73073c8904214",
  "distribution-version": "3.1.0",
  "distribution-flavor": "oss",
  "cluster-config-revision": null
 },
 "results": {
  "op_metrics": [
   {
    "task": "index",
    "operation": "index",
    "throughput": {
     "min": 568053.5003338711,
     "mean": 570479.8005178671,
     "median": 570349.8301269563,
     "max": 574137.4822491521,
     "unit": "docs/s"
    },
    "latency": {
     "50_0": 1454.5326070219744,
     "90_0": 2386.435514583718,
     "99_0": 3311.602777322406,
     "99_9": 4092.2625087432743,
     "100_0": 4809.69712100341,
     "mean": 1526.1895386583103,
     "unit": "ms"
    },
    "service_time": {
     "50_0": 1454.5326070219744,
     "90_0": 2386.435514583718,
     "99_0": 3311.602777322406,
     "99_9": 4092.2625087432743,
     "100_0": 4809.69712100341,
     "mean": 1526.1895386583103,
     "unit": "ms"
    },
    "client_processing_time": {
     "50_0": 1.3268649927340448,
     "90_0": 1.4154934033285826,
     "99_0": 5.574517964851156,
     "99_9": 39.11397017829612,
     "100_0": 61.20845497935079,
     "mean": 1.4752269174246855,
     "unit": "ms"
    },
    "processing_time": {
     "50_0": 1458.3160580077674,
     "90_0": 2389.4287896051537,
     "99_0": 3314.53404034488,
     "99_9": 4095.1396539712505,
     "100_0": 4812.62648300617,
     "mean": 1530.523298277526,
     "unit": "ms"
    },
    "error_rate": 0.0,
    "duration": 289470.2448720054
   }
  ],
  "correctness_metrics": [
   {
    "task": "index",
    "operation": "index",
    "recall@k": {},
    "recall@1": {},
    "error_rate": 0.0,
    "duration": 289470.2448720054
   }
  ],
  "profile_metrics": [],
  "total_time": 48949982,
  "total_time_per_shard": {
   "min": 1,
   "median": 2067564,
   "max": 2212840,
   "unit": "ms"
  },
  "indexing_throttle_time": 0,
  "indexing_throttle_time_per_shard": {
   "min": 0,
   "median": 0,
   "max": 0,
   "unit": "ms"
  },
  "merge_time": 6765291,
  "merge_time_per_shard": {
   "min": 0,
   "median": 278838,
   "max": 369518,
   "unit": "ms"
  },
  "merge_count": 962,
  "refresh_time": 1079819,
  "refresh_time_per_shard": {
   "min": 80,
   "median": 43245,
   "max": 80036,
   "unit": "ms"
  },
  "refresh_count": 464,
  "flush_time": 914056,
  "flush_time_per_shard": {
   "min": 0,
   "median": 38257,
   "max": 45192,
   "unit": "ms"
  },
  "flush_count": 72,
  "merge_throttle_time": 871412,
  "merge_throttle_time_per_shard": {
   "min": 0,
   "median": 33976,
   "max": 55284,
   "unit": "ms"
  },
  "ml_processing_time": [],
  "young_gc_time": 102200,
  "young_gc_count": 1777,
  "old_gc_time": 0,
  "old_gc_count": 0,
  "memory_segments": 0,
  "memory_doc_values": 0,
  "memory_terms": 0,
  "memory_norms": 0,
  "memory_points": 0,
  "memory_stored_fields": 0,
  "store_size": 85765533697,
  "translog_size": 28574968841,
  "segment_count": 1307,
  "total_transform_search_times": [],
  "total_transform_index_times": [],
  "total_transform_processing_times": [],
  "total_transform_throughput": []
 },
 "workload-revision": "32d8806",
 "test_procedure": "append-no-conflicts",
 "workload-params": {
  "bulk_indexing_clients": 90,
  "bulk_size": 10000
 }
}