{
  "test_run_id": "61721f96-019d-46ec-abd2-6c00e473b438",
  "throughput": {
    "min": 568910.5382296456,
    "mean": 571989.5062502472,
    "median": 571881.8675098721,
    "max": 575651.2547120695,
    "unit": "docs/s"
  },
  "latency": {
    "50_0": 1520.575144997565,
    "90_0": 2345.1422270096373,
    "99_0": 3407.3896276514197,
    "99_9": 4268.0573079936485,
    "100_0": 4512.021567992633,
    "mean": 1553.3370338626753,
    "unit": "ms"
  },
  "service_time": {
    "50_0": 1520.575144997565,
    "90_0": 2345.1422270096373,
    "99_0": 3407.3896276514197,
    "99_9": 4268.0573079936485,
    "100_0": 4512.021567992633,
    "mean": 1553.3370338626753,
    "unit": "ms"
  },
  "error_rate": 0.0
}
