{
 "benchmark-version": "2.0.0",
 "benchmark-revision": null,
 "environment": "local",
 "test-run-id": "61721f96-019d-46ec-abd2-6c00e473b438",
 "test-run-timestamp": "20251008T174910Z",
 "pipeline": "benchmark-only",
 "user-tags": {},
 "workload": "nyc_taxis",
 "cluster-config-instance": [
  "external"
 ],
 "cluster": {
  "revision": "8ff7c6ee924a49f0f59f80a6e1c73073c8904214",
  "distribution-version": "3.1.0",
  "distribution-flavor": "oss",
  "cluster-config-revision": null
 },
 "results": {
  "op_metrics": [
   {
    "task": "index",
    "operation": "index",
    "throughput": {
     "min": 568910.5382296456,
     "mean": 571989.5062502472,
     "median": 571881.8675098721,
     "max": 575651.2547120695,
     "unit": "docs/s"
    },
    "latency": {
     "50_0": 1520.575144997565,
     "90_0": 2345.1422270096373,
     "99_0": 3407.3896276514197,
     "99_9": 4268.0573079936485,
     "100_0": 4512.021567992633,
     "mean": 1553.3370338626753,
     "unit": "ms"
    },
    "service_time": {
     "50_0": 1520.575144997565,
     "90_0": 2345.1422270096373,
     "99_0": 3407.3896276514197,
     "99_9": 4268.0573079936485,
     "100_0": 4512.021567992633,
     "mean": 1553.3370338626753,
     "unit": "ms"
    },
    "client_processing_time": {
     "50_0": 1.3245100271888077,
     "90_0": 1.4089891978073865,
     "99_0": 4.6296984731452255,
     "99_9": 41.276210168027816,
     "100_0": 70.00966902705841,
     "mean": 1.393115377741507,
     "unit": "ms"
    },
    "processing_time": {
     "50_0": 1529.8377480066847,
     "90_0": 2348.1480908114463,
     "99_0": 3417.604197378964,
     "99_9": 4271.00622825098,
     "100_0": 4546.9208440044895,
     "mean": 1559.6270547174643,
     "unit": "ms"
    },
    "error_rate": 0.0,
    "duration": 289131.5125229885
   }
  ],
  "correctness_metrics": [
   {
    "task": "index",
    "operation": "index",
    "recall@k": {},
    "recall@1": {},
    "error_rate": 0.0,
    "duration": 289131.5125229885
   }
  ],
  "profile_metrics": [],
  "total_time": 47894011,
  "total_time_per_shard": {
   "min": 1,
   "median": 1989846,
   "max": 2284833,
   "unit": "ms"
  },
  "indexing_throttle_time": 0,
  "indexing_throttle_time_per_shard": {
   "min": 0,
   "median": 0,
   "max": 0,
   "unit": "ms"
  },
  "merge_time": 6520037,
  "merge_time_per_shard": {
   "min": 0,
   "median": 268090,
   "max": 342071,
   "unit": "ms"
  },
  "merge_count": 931,
  "refresh_time": 1058222,
  "refresh_time_per_shard": {
   "min": 102,
   "median": 43152,
   "max": 64133,
   "unit": "ms"
  },
  "refresh_count": 455,
  "flush_time": 875254,
  "flush_time_per_shard": {
   "min": 0,
   "median": 36225,
   "max": 46651,
   "unit": "ms"
  },
  "flush_count": 72,
  "merge_throttle_time": 786354,
  "merge_throttle_time_per_shard": {
   "min": 0,
   "median": 28973,
   "max": 67107,
   "unit": "ms"
  },
  "ml_processing_time": [],
  "young_gc_time": 101329,
  "young_gc_count": 1775,
  "old_gc_time": 0,
  "old_gc_count": 0,
  "memory_segments": 0,
  "memory_doc_values": 0,
  "memory_terms": 0,
  "memory_norms": 0,
  "memory_points": 0,
  "memory_stored_fields": 0,
  "store_size": 84225941218,
  "translog_size": 27924577087,
  "segment_count": 1032,
  "total_transform_search_times": [],
  "total_transform_index_times": [],
  "total_transform_processing_times": [],
  "total_transform_throughput": []
 },
 "workload-revision": "32d8806",
 "test_procedure": "append-no-conflicts",
 "workload-params": {
  "bulk_indexing_clients": 90,
  "bulk_size": 10000
 }
}