{
 "benchmark-version": "2.0.0",
 "benchmark-revision": null,
 "environment": "local",
 "test-run-id": "4af06ce5-d32b-48a4-a004-273e75ee22a9",
 "test-run-timestamp": "20251008T181228Z",
 "pipeline": "benchmark-only",
 "user-tags": {},
 "workload": "nyc_taxis",
 "cluster-config-instance": [
  "external"
 ],
 "cluster": {
  "revision": "8ff7c6ee924a49f0f59f80a6e1c73073c8904214",
  "distribution-version": "3.1.0",
  "distribution-flavor": "oss",
  "cluster-config-revision": null
 },
 "results": {
  "op_metrics": [
   {
    "task": "index",
    "operation": "index",
    "throughput": {
     "min": 546368.1254126858,
     "mean": 549130.9739781303,
     "median": 547721.3985971697,
     "max": 556533.0557941499,
     "unit": "docs/s"
    },
    "latency": {
     "50_0": 1624.2865860112943,
     "90_0": 2531.9655436032917,
     "99_0": 3256.5164449036824,
     "99_9": 3488.699378882602,
     "100_0": 4090.6783230020665,
     "mean": 1627.1428357410591,
     "unit": "ms"
    },
    "service_time": {
     "50_0": 1624.2865860112943,
     "90_0": 2531.9655436032917,
     "99_0": 3256.5164449036824,
     "99_9": 3488.699378882602,
     "100_0": 4090.6783230020665,
     "mean": 1627.1428357410591,
     "unit": "ms"
    },
    "client_processing_time": {
     "50_0": 1.320303010288626,
     "90_0": 1.4174295880366117,
     "99_0": 4.619619589066137,
     "99_9": 33.62494095851615,
     "100_0": 41.504324006382376,
     "mean": 1.2463883125206134,
     "unit": "ms"
    },
    "processing_time": {
     "50_0": 1635.1342140114866,
     "90_0": 2536.57765960088,
     "99_0": 3266.7502784589306,
     "99_9": 3491.8247300915627,
     "100_0": 4093.717999989167,
     "mean": 1634.0882022350147,
     "unit": "ms"
    },
    "error_rate": 0.0,
    "duration": 301096.088434977
   }
  ],
  "correctness_metrics": [
   {
    "task": "index",
    "operation": "index",
    "recall@k": {},
    "recall@1": {},
    "error_rate": 0.0,
    "duration": 301096.088434977
   }
  ],
  "profile_metrics": [],
  "total_time": 52934232,
  "total_time_per_shard": {
   "min": 4,
   "median": 2176704,
   "max": 2440354,
   "unit": "ms"
  },
  "indexing_throttle_time": 0,
  "indexing_throttle_time_per_shard": {
   "min": 0,
   "median": 0,
   "max": 0,
   "unit": "ms"
  },
  "merge_time": 7623956,
  "merge_time_per_shard": {
   "min": 0,
   "median": 301605,
   "max": 412556,
   "unit": "ms"
  },
  "merge_count": 999,
  "refresh_time": 1085881,
  "refresh_time_per_shard": {
   "min": 91,
   "median": 45877,
   "max": 66504,
   "unit": "ms"
  },
  "refresh_count": 474,
  "flush_time": 752514,
  "flush_time_per_shard": {
   "min": 0,
   "median": 30524,
   "max": 40110,
   "unit": "ms"
  },
  "flush_count": 72,
  "merge_throttle_time": 641798,
  "merge_throttle_time_per_shard": {
   "min": 0,
   "median": 24487,
   "max": 55849,
   "unit": "ms"
  },
  "ml_processing_time": [],
  "young_gc_time": 113203,
  "young_gc_count": 2111,
  "old_gc_time": 0,
  "old_gc_count": 0,
  "memory_segments": 0,
  "memory_doc_values": 0,
  "memory_terms": 0,
  "memory_norms": 0,
  "memory_points": 0,
  "memory_stored_fields": 0,
  "store_size": 85926921657,
  "translog_size": 31389573055,
  "segment_count": 1246,
  "total_transform_search_times": [],
  "total_transform_index_times": [],
  "total_transform_processing_times": [],
  "total_transform_throughput": []
 },
 "workload-revision": "32d8806",
 "test_procedure": "append-no-conflicts",
 "workload-params": {
  "bulk_indexing_clients": 90,
  "bulk_size": 10000
 }
}