{
  "test_run_id": "46489bc4-6069-4852-a539-b473d70c5dab",
  "throughput": {
    "min": 550190.0118636073,
    "mean": 553596.5098794958,
    "median": 553030.2452581564,
    "max": 557551.2311823317,
    "unit": "docs/s"
  },
  "latency": {
    "50_0": 1566.692783497274,
    "90_0": 2600.903282308718,
    "99_0": 3332.830076632381,
    "99_9": 4106.782157903677,
    "100_0": 4562.965989985969,
    "mean": 1617.912857632799,
    "unit": "ms"
  },
  "service_time": {
    "50_0": 1566.692783497274,
    "90_0": 2600.903282308718,
    "99_0": 3332.830076632381,
    "99_9": 4106.782157903677,
    "100_0": 4562.965989985969,
    "mean": 1617.912857632799,
    "unit": "ms"
  },
  "error_rate": 0.0
}
