{
  "test_run_id": "5805cfab-ce06-4176-8b49-6bac88017786",
  "throughput": {
    "min": 547753.8203286997,
    "mean": 551693.1873872827,
    "median": 551240.8285522314,
    "max": 557025.4014594449,
    "unit": "docs/s"
  },
  "latency": {
    "50_0": 1522.6961659936933,
    "90_0": 2540.0810000894126,
    "99_0": 3272.848799302881,
    "99_9": 3649.9577238373795,
    "100_0": 4941.324948013062,
    "mean": 1573.3327824900991,
    "unit": "ms"
  },
  "service_time": {
    "50_0": 1522.6961659936933,
    "90_0": 2540.0810000894126,
    "99_0": 3272.848799302881,
    "99_9": 3649.9577238373795,
    "100_0": 4941.324948013062,
    "mean": 1573.3327824900991,
    "unit": "ms"
  },
  "error_rate": 0.0
}
