{
  "test_run_id": "79f54a85-75e7-4d32-94b0-b93ff4f51c87",
  "throughput": {
    "min": 506234.2944958414,
    "mean": 508507.4705905067,
    "median": 508306.826476539,
    "max": 510816.54156647966,
    "unit": "docs/s"
  },
  "latency": {
    "50_0": 1627.0435890037334,
    "90_0": 2612.315503880382,
    "99_0": 3539.065668403926,
    "99_9": 4382.926481111273,
    "100_0": 4862.971711991122,
    "mean": 1671.913091348937,
    "unit": "ms"
  },
  "service_time": {
    "50_0": 1627.0435890037334,
    "90_0": 2612.315503880382,
    "99_0": 3539.065668403926,
    "99_9": 4382.926481111273,
    "100_0": 4862.971711991122,
    "mean": 1671.913091348937,
    "unit": "ms"
  },
  "error_rate": 0.0
}
