{
  "test_run_id": "450023ae-587e-4aa2-bb18-3346196cbbef",
  "throughput": {
    "min": 552260.3897220743,
    "mean": 555323.3695150443,
    "median": 554887.9473432181,
    "max": 562105.4856023716,
    "unit": "docs/s"
  },
  "latency": {
    "50_0": 1632.700230984483,
    "90_0": 2495.3635366109665,
    "99_0": 3113.6090024502487,
    "99_9": 3589.2722239001146,
    "100_0": 3847.2785110061523,
    "mean": 1625.103252433267,
    "unit": "ms"
  },
  "service_time": {
    "50_0": 1632.700230984483,
    "90_0": 2495.3635366109665,
    "99_0": 3113.6090024502487,
    "99_9": 3589.2722239001146,
    "100_0": 3847.2785110061523,
    "mean": 1625.103252433267,
    "unit": "ms"
  },
  "error_rate": 0.0
}
