{
  "test_run_id": "4af06ce5-d32b-48a4-a004-273e75ee22a9",
  "throughput": {
    "min": 546368.1254126858,
    "mean": 549130.9739781303,
    "median": 547721.3985971697,
    "max": 556533.0557941499,
    "unit": "docs/s"
  },
  "latency": {
    "50_0": 1624.2865860112943,
    "90_0": 2531.9655436032917,
    "99_0": 3256.5164449036824,
    "99_9": 3488.699378882602,
    "100_0": 4090.6783230020665,
    "mean": 1627.1428357410591,
    "unit": "ms"
  },
  "service_time": {
    "50_0": 1624.2865860112943,
    "90_0": 2531.9655436032917,
    "99_0": 3256.5164449036824,
    "99_9": 3488.699378882602,
    "100_0": 4090.6783230020665,
    "mean": 1627.1428357410591,
    "unit": "ms"
  },
  "error_rate": 0.0
}
