{
 "benchmark-version": "2.0.0",
 "benchmark-revision": null,
 "environment": "local",
 "test-run-id": "51a58347-3caa-4c20-84c6-90d3f2a89fb2",
 "test-run-timestamp": "20251008T183630Z",
 "pipeline": "benchmark-only",
 "user-tags": {},
 "workload": "nyc_taxis",
 "cluster-config-instance": [
  "external"
 ],
 "cluster": {
  "revision": "8ff7c6ee924a49f0f59f80a6e1c73073c8904214",
  "distribution-version": "3.1.0",
  "distribution-flavor": "oss",
  "cluster-config-revision": null
 },
 "results": {
  "op_metrics": [
   {
    "task": "index",
    "operation": "index",
    "throughput": {
     "min": 543109.2506024919,
     "mean": 545881.6134796098,
     "median": 545392.3703024405,
     "max": 550812.7823168603,
     "unit": "docs/s"
    },
    "latency": {
     "50_0": 1655.6842860009056,
     "90_0": 2464.3171912030084,
     "99_0": 3193.556490363262,
     "99_9": 3907.751370693608,
     "100_0": 4062.2267560102046,
     "mean": 1638.6931115420778,
     "unit": "ms"
    },
    "service_time": {
     "50_0": 1655.6842860009056,
     "90_0": 2464.3171912030084,
     "99_0": 3193.556490363262,
     "99_9": 3907.751370693608,
     "100_0": 4062.2267560102046,
     "mean": 1638.6931115420778,
     "unit": "ms"
    },
    "client_processing_time": {
     "50_0": 1.3302779843797907,
     "90_0": 1.4194627001415938,
     "99_0": 4.873096244409703,
     "99_9": 40.66901650061572,
     "100_0": 73.0358430009801,
     "mean": 1.3505663477347152,
     "unit": "ms"
    },
    "processing_time": {
     "50_0": 1663.2331625005463,
     "90_0": 2470.0203567161225,
     "99_0": 3203.461895596412,
     "99_9": 3917.525393835075,
     "100_0": 4065.3524450026453,
     "mean": 1644.3404225152606,
     "unit": "ms"
    },
    "error_rate": 0.0,
    "duration": 302785.2477050037
   }
  ],
  "correctness_metrics": [
   {
    "task": "index",
    "operation": "index",
    "recall@k": {},
    "recall@1": {},
    "error_rate": 0.0,
    "duration": 302785.2477050037
   }
  ],
  "profile_metrics": [],
  "total_time": 55695891,
  "total_time_per_shard": {
   "min": 2,
   "median": 2270737,
   "max": 2813324,
   "unit": "ms"
  },
  "indexing_throttle_time": 0,
  "indexing_throttle_time_per_shard": {
   "min": 0,
   "median": 0,
   "max": 0,
   "unit": "ms"
  },
  "merge_time": 7165958,
  "merge_time_per_shard": {
   "min": 0,
   "median": 295048,
   "max": 378875,
   "unit": "ms"
  },
  "merge_count": 1019,
  "refresh_time": 1051113,
  "refresh_time_per_shard": {
   "min": 32,
   "median": 43491,
   "max": 60466,
   "unit": "ms"
  },
  "refresh_count": 443,
  "flush_time": 816919,
  "flush_time_per_shard": {
   "min": 0,
   "median": 32689,
   "max": 42928,
   "unit": "ms"
  },
  "flush_count": 73,
  "merge_throttle_time": 735049,
  "merge_throttle_time_per_shard": {
   "min": 0,
   "median": 29848,
   "max": 48131,
   "unit": "ms"
  },
  "ml_processing_time": [],
  "young_gc_time": 133661,
  "young_gc_count": 2572,
  "old_gc_time": 0,
  "old_gc_count": 0,
  "memory_segments": 0,
  "memory_doc_values": 0,
  "memory_terms": 0,
  "memory_norms": 0,
  "memory_points": 0,
  "memory_stored_fields": 0,
  "store_size": 86425575465,
  "translog_size": 32903884745,
  "segment_count": 1340,
  "total_transform_search_times": [],
  "total_transform_index_times": [],
  "total_transform_processing_times": [],
  "total_transform_throughput": []
 },
 "workload-revision": "32d8806",
 "test_procedure": "append-no-conflicts",
 "workload-params": {
  "bulk_indexing_clients": 90,
  "bulk_size": 10000
 }
}