{
 "benchmark-version": "2.0.0",
 "benchmark-revision": null,
 "environment": "local",
 "test-run-id": "18cbf999-c1c3-481e-806a-9de8205354f0",
 "test-run-timestamp": "20251008T190050Z",
 "pipeline": "benchmark-only",
 "user-tags": {},
 "workload": "nyc_taxis",
 "cluster-config-instance": [
  "external"
 ],
 "cluster": {
  "revision": "8ff7c6ee924a49f0f59f80a6e1c73073c8904214",
  "distribution-version": "3.1.0",
  "distribution-flavor": "oss",
  "cluster-config-revision": null
 },
 "results": {
  "op_metrics": [
   {
    "task": "index",
    "operation": "index",
    "throughput": {
     "min": 549026.8894323277,
     "mean": 553097.5775214178,
     "median": 552418.4550070036,
     "max": 557823.3097669443,
     "unit": "docs/s"
    },
    "latency": {
     "50_0": 1611.2399699923117,
     "90_0": 2478.692392393714,
     "99_0": 3266.725554213625,
     "99_9": 3558.7309901167255,
     "100_0": 3785.7530759938527,
     "mean": 1594.9890770031818,
     "unit": "ms"
    },
    "service_time": {
     "50_0": 1611.2399699923117,
     "90_0": 2478.692392393714,
     "99_0": 3266.725554213625,
     "99_9": 3558.7309901167255,
     "100_0": 3785.7530759938527,
     "mean": 1594.9890770031818,
     "unit": "ms"
    },
    "client_processing_time": {
     "50_0": 1.3311320217326283,
     "90_0": 1.423727412475273,
     "99_0": 3.828430629800966,
     "99_9": 48.402426695453215,
     "100_0": 73.06133498786949,
     "mean": 1.3297648938123545,
     "unit": "ms"
    },
    "processing_time": {
     "50_0": 1620.0808009889442,
     "90_0": 2481.7192723974586,
     "99_0": 3269.744587274034,
     "99_9": 3561.7898588220205,
     "100_0": 3788.8723030046094,
     "mean": 1600.629949908897,
     "unit": "ms"
    },
    "error_rate": 0.0,
    "duration": 299036.74122400116
   }
  ],
  "correctness_metrics": [
   {
    "task": "index",
    "operation": "index",
    "recall@k": {},
    "recall@1": {},
    "error_rate": 0.0,
    "duration": 299036.74122400116
   }
  ],
  "profile_metrics": [],
  "total_time": 49893583,
  "total_time_per_shard": {
   "min": 78,
   "median": 2064585,
   "max": 2467027,
   "unit": "ms"
  },
  "indexing_throttle_time": 0,
  "indexing_throttle_time_per_shard": {
   "min": 0,
   "median": 0,
   "max": 0,
   "unit": "ms"
  },
  "merge_time": 7015474,
  "merge_time_per_shard": {
   "min": 0,
   "median": 288868,
   "max": 351505,
   "unit": "ms"
  },
  "merge_count": 1083,
  "refresh_time": 1050544,
  "refresh_time_per_shard": {
   "min": 119,
   "median": 44413,
   "max": 58486,
   "unit": "ms"
  },
  "refresh_count": 531,
  "flush_time": 781324,
  "flush_time_per_shard": {
   "min": 0,
   "median": 32566,
   "max": 39006,
   "unit": "ms"
  },
  "flush_count": 73,
  "merge_throttle_time": 684262,
  "merge_throttle_time_per_shard": {
   "min": 0,
   "median": 25204,
   "max": 57116,
   "unit": "ms"
  },
  "ml_processing_time": [],
  "young_gc_time": 180562,
  "young_gc_count": 3316,
  "old_gc_time": 0,
  "old_gc_count": 0,
  "memory_segments": 0,
  "memory_doc_values": 0,
  "memory_terms": 0,
  "memory_norms": 0,
  "memory_points": 0,
  "memory_stored_fields": 0,
  "store_size": 79441778069,
  "translog_size": 23678722802,
  "segment_count": 1492,
  "total_transform_search_times": [],
  "total_transform_index_times": [],
  "total_transform_processing_times": [],
  "total_transform_throughput": []
 },
 "workload-revision": "32d8806",
 "test_procedure": "append-no-conflicts",
 "workload-params": {
  "bulk_indexing_clients": 90,
  "bulk_size": 10000
 }
}