{
 "benchmark-version": "2.0.0",
 "benchmark-revision": null,
 "environment": "local",
 "test-run-id": "80b04a84-5673-4b2a-a1e4-1bfb399ffce0",
 "test-run-timestamp": "20251008T180122Z",
 "pipeline": "benchmark-only",
 "user-tags": {},
 "workload": "nyc_taxis",
 "cluster-config-instance": [
  "external"
 ],
 "cluster": {
  "revision": "8ff7c6ee924a49f0f59f80a6e1c73073c8904214",
  "distribution-version": "3.1.0",
  "distribution-flavor": "oss",
  "cluster-config-revision": null
 },
 "results": {
  "op_metrics": [
   {
    "task": "index",
    "operation": "index",
    "throughput": {
     "min": 528839.7006281216,
     "mean": 533919.2028941103,
     "median": 534076.2857065618,
     "max": 536450.6935407177,
     "unit": "docs/s"
    },
    "latency": {
     "50_0": 1619.580466998741,
     "90_0": 2544.0671919903257,
     "99_0": 3477.6357073104023,
     "99_9": 3923.3795735385625,
     "100_0": 4858.687687985366,
     "mean": 1620.0905897215741,
     "unit": "ms"
    },
    "service_time": {
     "50_0": 1619.580466998741,
     "90_0": 2544.0671919903257,
     "99_0": 3477.6357073104023,
     "99_9": 3923.3795735385625,
     "100_0": 4858.687687985366,
     "mean": 1620.0905897215741,
     "unit": "ms"
    },
    "client_processing_time": {
     "50_0": 1.327413017861545,
     "90_0": 1.4168803987558931,
     "99_0": 3.9631331455893877,
     "99_9": 33.498087341897325,
     "100_0": 41.25742200994864,
     "mean": 1.2841854253373146,
     "unit": "ms"
    },
    "processing_time": {
     "50_0": 1628.8169409963302,
     "90_0": 2551.588340604212,
     "99_0": 3483.070168839768,
     "99_9": 3925.83927836899,
     "100_0": 4861.902303993702,
     "mean": 1626.0281519653363,
     "unit": "ms"
    },
    "error_rate": 0.0,
    "duration": 308285.6097740005
   }
  ],
  "correctness_metrics": [
   {
    "task": "index",
    "operation": "index",
    "recall@k": {},
    "recall@1": {},
    "error_rate": 0.0,
    "duration": 308285.6097740005
   }
  ],
  "profile_metrics": [],
  "total_time": 52481919,
  "total_time_per_shard": {
   "min": 1717,
   "median": 2200945,
   "max": 2336511,
   "unit": "ms"
  },
  "indexing_throttle_time": 0,
  "indexing_throttle_time_per_shard": {
   "min": 0,
   "median": 0,
   "max": 0,
   "unit": "ms"
  },
  "merge_time": 6708667,
  "merge_time_per_shard": {
   "min": 0,
   "median": 269489,
   "max": 373151,
   "unit": "ms"
  },
  "merge_count": 951,
  "refresh_time": 1166605,
  "refresh_time_per_shard": {
   "min": 1429,
   "median": 49614,
   "max": 71356,
   "unit": "ms"
  },
  "refresh_count": 460,
  "flush_time": 791629,
  "flush_time_per_shard": {
   "min": 0,
   "median": 32859,
   "max": 40212,
   "unit": "ms"
  },
  "flush_count": 72,
  "merge_throttle_time": 694025,
  "merge_throttle_time_per_shard": {
   "min": 0,
   "median": 27982,
   "max": 46842,
   "unit": "ms"
  },
  "ml_processing_time": [],
  "young_gc_time": 119327,
  "young_gc_count": 2178,
  "old_gc_time": 0,
  "old_gc_count": 0,
  "memory_segments": 0,
  "memory_doc_values": 0,
  "memory_terms": 0,
  "memory_norms": 0,
  "memory_points": 0,
  "memory_stored_fields": 0,
  "store_size": 86231824951,
  "translog_size": 32087504946,
  "segment_count": 1353,
  "total_transform_search_times": [],
  "total_transform_index_times": [],
  "total_transform_processing_times": [],
  "total_transform_throughput": []
 },
 "workload-revision": "32d8806",
 "test_procedure": "append-no-conflicts",
 "workload-params": {
  "bulk_indexing_clients": 90,
  "bulk_size": 10000
 }
}