{
  "test_run_id": "16ac2d54-f657-48c3-97c2-aeb7390d9132",
  "throughput": {
    "min": 514345.67747745675,
    "mean": 516541.6480629779,
    "median": 516037.9182811791,
    "max": 520411.01770385704,
    "unit": "docs/s"
  },
  "latency": {
    "50_0": 1542.8860209940467,
    "90_0": 2703.7291094078687,
    "99_0": 3671.440560006303,
    "99_9": 4569.752872651233,
    "100_0": 5474.1200570133515,
    "mean": 1624.1719610216626,
    "unit": "ms"
  },
  "service_time": {
    "50_0": 1542.8860209940467,
    "90_0": 2703.7291094078687,
    "99_0": 3671.440560006303,
    "99_9": 4569.752872651233,
    "100_0": 5474.1200570133515,
    "mean": 1624.1719610216626,
    "unit": "ms"
  },
  "error_rate": 0.0
}
