{
 "benchmark-version": "2.0.0",
 "benchmark-revision": null,
 "environment": "local",
 "test-run-id": "16ac2d54-f657-48c3-97c2-aeb7390d9132",
 "test-run-timestamp": "20251008T182509Z",
 "pipeline": "benchmark-only",
 "user-tags": {},
 "workload": "nyc_taxis",
 "cluster-config-instance": [
  "external"
 ],
 "cluster": {
  "revision": "8ff7c6ee924a49f0f59f80a6e1c73073c8904214",
  "distribution-version": "3.1.0",
  "distribution-flavor": "oss",
  "cluster-config-revision": null
 },
 "results": {
  "op_metrics": [
   {
    "task": "index",
    "operation": "index",
    "throughput": {
     "min": 514345.67747745675,
     "mean": 516541.6480629779,
     "median": 516037.9182811791,
     "max": 520411.01770385704,
     "unit": "docs/s"
    },
    "latency": {
     "50_0": 1542.8860209940467,
     "90_0": 2703.7291094078687,
     "99_0": 3671.440560006303,
     "99_9": 4569.752872651233,
     "100_0": 5474.1200570133515,
     "mean": 1624.1719610216626,
     "unit": "ms"
    },
    "service_time": {
     "50_0": 1542.8860209940467,
     "90_0": 2703.7291094078687,
     "99_0": 3671.440560006303,
     "99_9": 4569.752872651233,
     "100_0": 5474.1200570133515,
     "mean": 1624.1719610216626,
     "unit": "ms"
    },
    "client_processing_time": {
     "50_0": 1.3254230143502355,
     "90_0": 1.411438116338104,
     "99_0": 4.833940598473407,
     "99_9": 37.07921139596222,
     "100_0": 108.56064199469984,
     "mean": 1.3735763520800248,
     "unit": "ms"
    },
    "processing_time": {
     "50_0": 1551.386850507697,
     "90_0": 2706.771420000587,
     "99_0": 3673.5038618702656,
     "99_9": 4572.764033302863,
     "100_0": 5477.086110011442,
     "mean": 1629.5491365059256,
     "unit": "ms"
    },
    "error_rate": 0.0,
    "duration": 315262.51776498975
   }
  ],
  "correctness_metrics": [
   {
    "task": "index",
    "operation": "index",
    "recall@k": {},
    "recall@1": {},
    "error_rate": 0.0,
    "duration": 315262.51776498975
   }
  ],
  "profile_metrics": [],
  "total_time": 57594647,
  "total_time_per_shard": {
   "min": 127,
   "median": 2384218,
   "max": 2866483,
   "unit": "ms"
  },
  "indexing_throttle_time": 0,
  "indexing_throttle_time_per_shard": {
   "min": 0,
   "median": 0,
   "max": 0,
   "unit": "ms"
  },
  "merge_time": 8134992,
  "merge_time_per_shard": {
   "min": 47,
   "median": 333157,
   "max": 408169,
   "unit": "ms"
  },
  "merge_count": 1034,
  "refresh_time": 1276291,
  "refresh_time_per_shard": {
   "min": 245,
   "median": 51722,
   "max": 68614,
   "unit": "ms"
  },
  "refresh_count": 467,
  "flush_time": 746718,
  "flush_time_per_shard": {
   "min": 514,
   "median": 30601,
   "max": 45343,
   "unit": "ms"
  },
  "flush_count": 73,
  "merge_throttle_time": 707879,
  "merge_throttle_time_per_shard": {
   "min": 0,
   "median": 30230,
   "max": 40403,
   "unit": "ms"
  },
  "ml_processing_time": [],
  "young_gc_time": 137328,
  "young_gc_count": 2646,
  "old_gc_time": 0,
  "old_gc_count": 0,
  "memory_segments": 0,
  "memory_doc_values": 0,
  "memory_terms": 0,
  "memory_norms": 0,
  "memory_points": 0,
  "memory_stored_fields": 0,
  "store_size": 86293007109,
  "translog_size": 28722172180,
  "segment_count": 1173,
  "total_transform_search_times": [],
  "total_transform_index_times": [],
  "total_transform_processing_times": [],
  "total_transform_throughput": []
 },
 "workload-revision": "32d8806",
 "test_procedure": "append-no-conflicts",
 "workload-params": {
  "bulk_indexing_clients": 90,
  "bulk_size": 10000
 }
}