{
  "test_run_id": "80b04a84-5673-4b2a-a1e4-1bfb399ffce0",
  "throughput": {
    "min": 528839.7006281216,
    "mean": 533919.2028941103,
    "median": 534076.2857065618,
    "max": 536450.6935407177,
    "unit": "docs/s"
  },
  "latency": {
    "50_0": 1619.580466998741,
    "90_0": 2544.0671919903257,
    "99_0": 3477.6357073104023,
    "99_9": 3923.3795735385625,
    "100_0": 4858.687687985366,
    "mean": 1620.0905897215741,
    "unit": "ms"
  },
  "service_time": {
    "50_0": 1619.580466998741,
    "90_0": 2544.0671919903257,
    "99_0": 3477.6357073104023,
    "99_9": 3923.3795735385625,
    "100_0": 4858.687687985366,
    "mean": 1620.0905897215741,
    "unit": "ms"
  },
  "error_rate": 0.0
}
