{
 "benchmark-version": "2.0.0",
 "benchmark-revision": null,
 "environment": "local",
 "test-run-id": "450023ae-587e-4aa2-bb18-3346196cbbef",
 "test-run-timestamp": "20251008T181800Z",
 "pipeline": "benchmark-only",
 "user-tags": {},
 "workload": "nyc_taxis",
 "cluster-config-instance": [
  "external"
 ],
 "cluster": {
  "revision": "8ff7c6ee924a49f0f59f80a6e1c73073c8904214",
  "distribution-version": "3.1.0",
  "distribution-flavor": "oss",
  "cluster-config-revision": null
 },
 "results": {
  "op_metrics": [
   {
    "task": "index",
    "operation": "index",
    "throughput": {
     "min": 552260.3897220743,
     "mean": 555323.3695150443,
     "median": 554887.9473432181,
     "max": 562105.4856023716,
     "unit": "docs/s"
    },
    "latency": {
     "50_0": 1632.700230984483,
     "90_0": 2495.3635366109665,
     "99_0": 3113.6090024502487,
     "99_9": 3589.2722239001146,
     "100_0": 3847.2785110061523,
     "mean": 1625.103252433267,
     "unit": "ms"
    },
    "service_time": {
     "50_0": 1632.700230984483,
     "90_0": 2495.3635366109665,
     "99_0": 3113.6090024502487,
     "99_9": 3589.2722239001146,
     "100_0": 3847.2785110061523,
     "mean": 1625.103252433267,
     "unit": "ms"
    },
    "client_processing_time": {
     "50_0": 1.3333109964150935,
     "90_0": 1.4303203905001283,
     "99_0": 6.191987289348683,
     "99_9": 42.96015837031927,
     "100_0": 79.4240899849683,
     "mean": 1.488028058256486,
     "unit": "ms"
    },
    "processing_time": {
     "50_0": 1640.5604880128521,
     "90_0": 2502.763287798734,
     "99_0": 3116.3026039209217,
     "99_9": 3592.363484275104,
     "100_0": 3849.429257999873,
     "mean": 1630.1484583437573,
     "unit": "ms"
    },
    "error_rate": 0.0,
    "duration": 298249.0060319833
   }
  ],
  "correctness_metrics": [
   {
    "task": "index",
    "operation": "index",
    "recall@k": {},
    "recall@1": {},
    "error_rate": 0.0,
    "duration": 298249.0060319833
   }
  ],
  "profile_metrics": [],
  "total_time": 51147750,
  "total_time_per_shard": {
   "min": 11,
   "median": 2134540,
   "max": 2350958,
   "unit": "ms"
  },
  "indexing_throttle_time": 0,
  "indexing_throttle_time_per_shard": {
   "min": 0,
   "median": 0,
   "max": 0,
   "unit": "ms"
  },
  "merge_time": 7417388,
  "merge_time_per_shard": {
   "min": 0,
   "median": 307502,
   "max": 406255,
   "unit": "ms"
  },
  "merge_count": 985,
  "refresh_time": 1110607,
  "refresh_time_per_shard": {
   "min": 33,
   "median": 44367,
   "max": 81388,
   "unit": "ms"
  },
  "refresh_count": 459,
  "flush_time": 758099,
  "flush_time_per_shard": {
   "min": 0,
   "median": 30536,
   "max": 44771,
   "unit": "ms"
  },
  "flush_count": 72,
  "merge_throttle_time": 771615,
  "merge_throttle_time_per_shard": {
   "min": 0,
   "median": 30134,
   "max": 63073,
   "unit": "ms"
  },
  "ml_processing_time": [],
  "young_gc_time": 109899,
  "young_gc_count": 2122,
  "old_gc_time": 0,
  "old_gc_count": 0,
  "memory_segments": 0,
  "memory_doc_values": 0,
  "memory_terms": 0,
  "memory_norms": 0,
  "memory_points": 0,
  "memory_stored_fields": 0,
  "store_size": 84798717207,
  "translog_size": 33833734215,
  "segment_count": 1315,
  "total_transform_search_times": [],
  "total_transform_index_times": [],
  "total_transform_processing_times": [],
  "total_transform_throughput": []
 },
 "workload-revision": "32d8806",
 "test_procedure": "append-no-conflicts",
 "workload-params": {
  "bulk_indexing_clients": 90,
  "bulk_size": 10000
 }
}