{
  "test_run_id": "c42b453f-4858-4eff-aab2-2f160fc5cb7a",
  "throughput": {
    "min": 539583.8292010252,
    "mean": 542292.8406050886,
    "median": 541730.5985910669,
    "max": 548466.5016179931,
    "unit": "docs/s"
  },
  "latency": {
    "50_0": 1617.1674669894855,
    "90_0": 2685.5961674998985,
    "99_0": 3515.420635731713,
    "99_9": 4123.459736068682,
    "100_0": 4695.092428009957,
    "mean": 1662.285124658127,
    "unit": "ms"
  },
  "service_time": {
    "50_0": 1617.1674669894855,
    "90_0": 2685.5961674998985,
    "99_0": 3515.420635731713,
    "99_9": 4123.459736068682,
    "100_0": 4695.092428009957,
    "mean": 1662.285124658127,
    "unit": "ms"
  },
  "error_rate": 0.0
}
