{
  "test_run_id": "5c53ab59-1885-4969-a05f-58839d20838c",
  "throughput": {
    "min": 532863.682529229,
    "mean": 537589.2174339419,
    "median": 536221.2331129222,
    "max": 544111.9480783993,
    "unit": "docs/s"
  },
  "latency": {
    "50_0": 1678.8341595092788,
    "90_0": 2575.985234498512,
    "99_0": 3242.4926044943268,
    "99_9": 3774.8787107303965,
    "100_0": 3951.398984005209,
    "mean": 1687.8518805917931,
    "unit": "ms"
  },
  "service_time": {
    "50_0": 1678.8341595092788,
    "90_0": 2575.985234498512,
    "99_0": 3242.4926044943268,
    "99_9": 3774.8787107303965,
    "100_0": 3951.398984005209,
    "mean": 1687.8518805917931,
    "unit": "ms"
  },
  "error_rate": 0.0
}
