{
 "benchmark-version": "2.0.0",
 "benchmark-revision": null,
 "environment": "local",
 "test-run-id": "79f54a85-75e7-4d32-94b0-b93ff4f51c87",
 "test-run-timestamp": "20251008T184915Z",
 "pipeline": "benchmark-only",
 "user-tags": {},
 "workload": "nyc_taxis",
 "cluster-config-instance": [
  "external"
 ],
 "cluster": {
  "revision": "8ff7c6ee924a49f0f59f80a6e1c73073c8904214",
  "distribution-version": "3.1.0",
  "distribution-flavor": "oss",
  "cluster-config-revision": null
 },
 "results": {
  "op_metrics": [
   {
    "task": "index",
    "operation": "index",
    "throughput": {
     "min": 506234.2944958414,
     "mean": 508507.4705905067,
     "median": 508306.826476539,
     "max": 510816.54156647966,
     "unit": "docs/s"
    },
    "latency": {
     "50_0": 1627.0435890037334,
     "90_0": 2612.315503880382,
     "99_0": 3539.065668403926,
     "99_9": 4382.926481111273,
     "100_0": 4862.971711991122,
     "mean": 1671.913091348937,
     "unit": "ms"
    },
    "service_time": {
     "50_0": 1627.0435890037334,
     "90_0": 2612.315503880382,
     "99_0": 3539.065668403926,
     "99_9": 4382.926481111273,
     "100_0": 4862.971711991122,
     "mean": 1671.913091348937,
     "unit": "ms"
    },
    "client_processing_time": {
     "50_0": 1.3394770066952333,
     "90_0": 1.436981704318896,
     "99_0": 5.742781978333362,
     "99_9": 36.96871750813477,
     "100_0": 71.07819797238335,
     "mean": 1.3833954102986723,
     "unit": "ms"
    },
    "processing_time": {
     "50_0": 1633.0556780012557,
     "90_0": 2615.602324384963,
     "99_0": 3542.6415655913283,
     "99_9": 4391.387245729306,
     "100_0": 4866.044069989584,
     "mean": 1677.8582626747393,
     "unit": "ms"
    },
    "error_rate": 0.0,
    "duration": 319666.10774601577
   }
  ],
  "correctness_metrics": [
   {
    "task": "index",
    "operation": "index",
    "recall@k": {},
    "recall@1": {},
    "error_rate": 0.0,
    "duration": 319666.10774601577
   }
  ],
  "profile_metrics": [],
  "total_time": 54851623,
  "total_time_per_shard": {
   "min": 5558,
   "median": 2252618,
   "max": 2833628,
   "unit": "ms"
  },
  "indexing_throttle_time": 0,
  "indexing_throttle_time_per_shard": {
   "min": 0,
   "median": 0,
   "max": 0,
   "unit": "ms"
  },
  "merge_time": 8239289,
  "merge_time_per_shard": {
   "min": 0,
   "median": 339853,
   "max": 413885,
   "unit": "ms"
  },
  "merge_count": 1090,
  "refresh_time": 1338351,
  "refresh_time_per_shard": {
   "min": 892,
   "median": 52659,
   "max": 87674,
   "unit": "ms"
  },
  "refresh_count": 524,
  "flush_time": 693103,
  "flush_time_per_shard": {
   "min": 0,
   "median": 28782,
   "max": 35011,
   "unit": "ms"
  },
  "flush_count": 72,
  "merge_throttle_time": 712972,
  "merge_throttle_time_per_shard": {
   "min": 0,
   "median": 27998,
   "max": 46817,
   "unit": "ms"
  },
  "ml_processing_time": [],
  "young_gc_time": 172158,
  "young_gc_count": 3365,
  "old_gc_time": 0,
  "old_gc_count": 0,
  "memory_segments": 0,
  "memory_doc_values": 0,
  "memory_terms": 0,
  "memory_norms": 0,
  "memory_points": 0,
  "memory_stored_fields": 0,
  "store_size": 84484687683,
  "translog_size": 30790467150,
  "segment_count": 1353,
  "total_transform_search_times": [],
  "total_transform_index_times": [],
  "total_transform_processing_times": [],
  "total_transform_throughput": []
 },
 "workload-revision": "32d8806",
 "test_procedure": "append-no-conflicts",
 "workload-params": {
  "bulk_indexing_clients": 90,
  "bulk_size": 10000
 }
}