{
  "test_run_id": "18cbf999-c1c3-481e-806a-9de8205354f0",
  "throughput": {
    "min": 549026.8894323277,
    "mean": 553097.5775214178,
    "median": 552418.4550070036,
    "max": 557823.3097669443,
    "unit": "docs/s"
  },
  "latency": {
    "50_0": 1611.2399699923117,
    "90_0": 2478.692392393714,
    "99_0": 3266.725554213625,
    "99_9": 3558.7309901167255,
    "100_0": 3785.7530759938527,
    "mean": 1594.9890770031818,
    "unit": "ms"
  },
  "service_time": {
    "50_0": 1611.2399699923117,
    "90_0": 2478.692392393714,
    "99_0": 3266.725554213625,
    "99_9": 3558.7309901167255,
    "100_0": 3785.7530759938527,
    "mean": 1594.9890770031818,
    "unit": "ms"
  },
  "error_rate": 0.0
}
