{
  "test_run_id": "51a58347-3caa-4c20-84c6-90d3f2a89fb2",
  "throughput": {
    "min": 543109.2506024919,
    "mean": 545881.6134796098,
    "median": 545392.3703024405,
    "max": 550812.7823168603,
    "unit": "docs/s"
  },
  "latency": {
    "50_0": 1655.6842860009056,
    "90_0": 2464.3171912030084,
    "99_0": 3193.556490363262,
    "99_9": 3907.751370693608,
    "100_0": 4062.2267560102046,
    "mean": 1638.6931115420778,
    "unit": "ms"
  },
  "service_time": {
    "50_0": 1655.6842860009056,
    "90_0": 2464.3171912030084,
    "99_0": 3193.556490363262,
    "99_9": 3907.751370693608,
    "100_0": 4062.2267560102046,
    "mean": 1638.6931115420778,
    "unit": "ms"
  },
  "error_rate": 0.0
}
