{
  "test_run_id": "cfd5a569-d50f-4078-8511-212179262aa4",
  "throughput": {
    "min": 537532.5189073835,
    "mean": 540956.4686576758,
    "median": 540299.8026047223,
    "max": 545884.5686615307,
    "unit": "docs/s"
  },
  "latency": {
    "50_0": 1615.4797790222801,
    "90_0": 2642.498274013633,
    "99_0": 3621.837336977478,
    "99_9": 3959.3340766907213,
    "100_0": 4643.022203003056,
    "mean": 1657.4801859772952,
    "unit": "ms"
  },
  "service_time": {
    "50_0": 1615.4797790222801,
    "90_0": 2642.498274013633,
    "99_0": 3621.837336977478,
    "99_9": 3959.3340766907213,
    "100_0": 4643.022203003056,
    "mean": 1657.4801859772952,
    "unit": "ms"
  },
  "error_rate": 0.0
}
