{
  "test_run_id": "06010a22-43ef-4536-8bc4-af552174e66d",
  "throughput": {
    "min": 541974.4400494604,
    "mean": 545425.9084038136,
    "median": 544712.285709366,
    "max": 550326.1317498703,
    "unit": "docs/s"
  },
  "latency": {
    "50_0": 1583.8605830067536,
    "90_0": 2553.525903815171,
    "99_0": 3323.2097393667177,
    "99_9": 3906.0636352541437,
    "100_0": 4315.261140000075,
    "mean": 1604.9216829900186,
    "unit": "ms"
  },
  "service_time": {
    "50_0": 1583.8605830067536,
    "90_0": 2553.525903815171,
    "99_0": 3323.2097393667177,
    "99_9": 3906.0636352541437,
    "100_0": 4315.261140000075,
    "mean": 1604.9216829900186,
    "unit": "ms"
  },
  "error_rate": 0.0
}
