{
  "test_run_id": "c8098fb8-3fb8-45ea-8c76-aab690c2c66f",
  "throughput": {
    "min": 542917.8898451036,
    "mean": 545577.3149991694,
    "median": 545186.1955182613,
    "max": 548563.5075203376,
    "unit": "docs/s"
  },
  "latency": {
    "50_0": 1582.306520504062,
    "90_0": 2461.4033773192205,
    "99_0": 3080.799015185912,
    "99_9": 3563.2802283582555,
    "100_0": 4175.977798993699,
    "mean": 1595.2193748972618,
    "unit": "ms"
  },
  "service_time": {
    "50_0": 1582.306520504062,
    "90_0": 2461.4033773192205,
    "99_0": 3080.799015185912,
    "99_9": 3563.2802283582555,
    "100_0": 4175.977798993699,
    "mean": 1595.2193748972618,
    "unit": "ms"
  },
  "error_rate": 0.0
}
