{
  "test_run_id": "6cac719f-4f72-4337-a71a-c1ddd0c4a3ef",
  "throughput": {
    "min": 485740.57019048976,
    "mean": 488345.475069525,
    "median": 488471.20067448233,
    "max": 490763.8715744937,
    "unit": "docs/s"
  },
  "latency": {
    "50_0": 1763.262010004837,
    "90_0": 2671.1313272011475,
    "99_0": 3495.2744034217917,
    "99_9": 4055.8675138481553,
    "100_0": 4906.674443016527,
    "mean": 1741.4627209916735,
    "unit": "ms"
  },
  "service_time": {
    "50_0": 1763.262010004837,
    "90_0": 2671.1313272011475,
    "99_0": 3495.2744034217917,
    "99_9": 4055.8675138481553,
    "100_0": 4906.674443016527,
    "mean": 1741.4627209916735,
    "unit": "ms"
  },
  "error_rate": 0.0006540222367560497
}
