{
 "benchmark-version": "2.0.0",
 "benchmark-revision": null,
 "environment": "local",
 "test-run-id": "c8098fb8-3fb8-45ea-8c76-aab690c2c66f",
 "test-run-timestamp": "20251008T193111Z",
 "pipeline": "benchmark-only",
 "user-tags": {},
 "workload": "nyc_taxis",
 "cluster-config-instance": [
  "external"
 ],
 "cluster": {
  "revision": "8ff7c6ee924a49f0f59f80a6e1c73073c8904214",
  "distribution-version": "3.1.0",
  "distribution-flavor": "oss",
  "cluster-config-revision": null
 },
 "results": {
  "op_metrics": [
   {
    "task": "index",
    "operation": "index",
    "throughput": {
     "min": 542917.8898451036,
     "mean": 545577.3149991694,
     "median": 545186.1955182613,
     "max": 548563.5075203376,
     "unit": "docs/s"
    },
    "latency": {
     "50_0": 1582.306520504062,
     "90_0": 2461.4033773192205,
     "99_0": 3080.799015185912,
     "99_9": 3563.2802283582555,
     "100_0": 4175.977798993699,
     "mean": 1595.2193748972618,
     "unit": "ms"
    },
    "service_time": {
     "50_0": 1582.306520504062,
     "90_0": 2461.4033773192205,
     "99_0": 3080.799015185912,
     "99_9": 3563.2802283582555,
     "100_0": 4175.977798993699,
     "mean": 1595.2193748972618,
     "unit": "ms"
    },
    "client_processing_time": {
     "50_0": 1.3477180036716163,
     "90_0": 1.4415539015317338,
     "99_0": 4.19032429985236,
     "99_9": 36.77845718496254,
     "100_0": 64.8262870090548,
     "mean": 1.4303443741707902,
     "unit": "ms"
    },
    "processing_time": {
     "50_0": 1587.6715189951938,
     "90_0": 2465.901327703614,
     "99_0": 3083.8468217410264,
     "99_9": 3566.2700278216785,
     "100_0": 4178.981592005584,
     "mean": 1599.1342475974948,
     "unit": "ms"
    },
    "error_rate": 0.0,
    "duration": 302419.2705049936
   }
  ],
  "correctness_metrics": [
   {
    "task": "index",
    "operation": "index",
    "recall@k": {},
    "recall@1": {},
    "error_rate": 0.0,
    "duration": 302419.2705049936
   }
  ],
  "profile_metrics": [],
  "total_time": 44344752,
  "total_time_per_shard": {
   "min": 1,
   "median": 1797646,
   "max": 2971206,
   "unit": "ms"
  },
  "indexing_throttle_time": 0,
  "indexing_throttle_time_per_shard": {
   "min": 0,
   "median": 0,
   "max": 0,
   "unit": "ms"
  },
  "merge_time": 7028683,
  "merge_time_per_shard": {
   "min": 0,
   "median": 294445,
   "max": 375484,
   "unit": "ms"
  },
  "merge_count": 1029,
  "refresh_time": 1155611,
  "refresh_time_per_shard": {
   "min": 40,
   "median": 47447,
   "max": 67350,
   "unit": "ms"
  },
  "refresh_count": 539,
  "flush_time": 738963,
  "flush_time_per_shard": {
   "min": 0,
   "median": 30600,
   "max": 49540,
   "unit": "ms"
  },
  "flush_count": 72,
  "merge_throttle_time": 692281,
  "merge_throttle_time_per_shard": {
   "min": 0,
   "median": 26386,
   "max": 50849,
   "unit": "ms"
  },
  "ml_processing_time": [],
  "young_gc_time": 242587,
  "young_gc_count": 5080,
  "old_gc_time": 0,
  "old_gc_count": 0,
  "memory_segments": 0,
  "memory_doc_values": 0,
  "memory_terms": 0,
  "memory_norms": 0,
  "memory_points": 0,
  "memory_stored_fields": 0,
  "store_size": 82670967149,
  "translog_size": 28275899889,
  "segment_count": 1225,
  "total_transform_search_times": [],
  "total_transform_index_times": [],
  "total_transform_processing_times": [],
  "total_transform_throughput": []
 },
 "workload-revision": "32d8806",
 "test_procedure": "append-no-conflicts",
 "workload-params": {
  "bulk_indexing_clients": 90,
  "bulk_size": 10000
 }
}