{
  "test_run_id": "b9b8179b-0e34-4b85-bf27-78082e1fc343",
  "throughput": {
    "min": 532755.991757691,
    "mean": 534658.6156472994,
    "median": 534535.6852480609,
    "max": 536690.0037179892,
    "unit": "docs/s"
  },
  "latency": {
    "50_0": 1535.8217140019406,
    "90_0": 2500.390664412407,
    "99_0": 3124.846120743897,
    "99_9": 3691.1380564376796,
    "100_0": 3990.804372006096,
    "mean": 1560.9415396920529,
    "unit": "ms"
  },
  "service_time": {
    "50_0": 1535.8217140019406,
    "90_0": 2500.390664412407,
    "99_0": 3124.846120743897,
    "99_9": 3691.1380564376796,
    "100_0": 3990.804372006096,
    "mean": 1560.9415396920529,
    "unit": "ms"
  },
  "error_rate": 0.0
}
