{
  "test_run_id": "02943bae-7b96-4deb-ad68-120f954f06ac",
  "throughput": {
    "min": 428361.8845045364,
    "mean": 432185.6066821221,
    "median": 432171.9648264958,
    "max": 436004.91263711685,
    "unit": "docs/s"
  },
  "latency": {
    "50_0": 2308.207749010762,
    "90_0": 3648.8050139858387,
    "99_0": 4811.8046500848095,
    "99_9": 5509.14752676855,
    "100_0": 5773.708701017313,
    "mean": 2253.8737012768825,
    "unit": "ms"
  },
  "service_time": {
    "50_0": 2308.207749010762,
    "90_0": 3648.8050139858387,
    "99_0": 4811.8046500848095,
    "99_9": 5509.14752676855,
    "100_0": 5773.708701017313,
    "mean": 2253.8737012768825,
    "unit": "ms"
  },
  "error_rate": 0.0
}
