{
  "test_run_id": "ccda46c1-4095-438f-9cf8-1dd83acd692e",
  "throughput": {
    "min": 485694.7512916469,
    "mean": 490391.6399305253,
    "median": 490147.9236564707,
    "max": 493068.3036400993,
    "unit": "docs/s"
  },
  "latency": {
    "50_0": 1963.3414079871727,
    "90_0": 3528.070357386605,
    "99_0": 5053.875946470071,
    "99_9": 5888.899596387376,
    "100_0": 8748.609297996154,
    "mean": 2002.6904252589854,
    "unit": "ms"
  },
  "service_time": {
    "50_0": 1963.3414079871727,
    "90_0": 3528.070357386605,
    "99_0": 5053.875946470071,
    "99_9": 5888.899596387376,
    "100_0": 8748.609297996154,
    "mean": 2002.6904252589854,
    "unit": "ms"
  },
  "error_rate": 0.0
}
