{
 "benchmark-version": "2.0.0",
 "benchmark-revision": null,
 "environment": "local",
 "test-run-id": "ccda46c1-4095-438f-9cf8-1dd83acd692e",
 "test-run-timestamp": "20251008T005554Z",
 "pipeline": "benchmark-only",
 "user-tags": {},
 "workload": "nyc_taxis",
 "cluster-config-instance": [
  "external"
 ],
 "cluster": {
  "revision": "8ff7c6ee924a49f0f59f80a6e1c73073c8904214",
  "distribution-version": "3.1.0",
  "distribution-flavor": "oss",
  "cluster-config-revision": null
 },
 "results": {
  "op_metrics": [
   {
    "task": "index",
    "operation": "index",
    "throughput": {
     "min": 485694.7512916469,
     "mean": 490391.6399305253,
     "median": 490147.9236564707,
     "max": 493068.3036400993,
     "unit": "docs/s"
    },
    "latency": {
     "50_0": 1963.3414079871727,
     "90_0": 3528.070357386605,
     "99_0": 5053.875946470071,
     "99_9": 5888.899596387376,
     "100_0": 8748.609297996154,
     "mean": 2002.6904252589854,
     "unit": "ms"
    },
    "service_time": {
     "50_0": 1963.3414079871727,
     "90_0": 3528.070357386605,
     "99_0": 5053.875946470071,
     "99_9": 5888.899596387376,
     "100_0": 8748.609297996154,
     "mean": 2002.6904252589854,
     "unit": "ms"
    },
    "client_processing_time": {
     "50_0": 1.2990365212317556,
     "90_0": 1.3827140210196376,
     "99_0": 4.3179324860102435,
     "99_9": 33.98812155509964,
     "100_0": 37.57660498376936,
     "mean": 1.3911626249667128,
     "unit": "ms"
    },
    "processing_time": {
     "50_0": 1966.1964020051528,
     "90_0": 3535.2400985895656,
     "99_0": 5063.796998531324,
     "99_9": 5907.3834052625025,
     "100_0": 8751.532337017125,
     "mean": 2006.3316528371076,
     "unit": "ms"
    },
    "error_rate": 0.0,
    "duration": 338994.5426710183
   }
  ],
  "correctness_metrics": [
   {
    "task": "index",
    "operation": "index",
    "recall@k": {},
    "recall@1": {},
    "error_rate": 0.0,
    "duration": 338994.5426710183
   }
  ],
  "profile_metrics": [],
  "total_time": 56052815,
  "total_time_per_shard": {
   "min": 23,
   "median": 1171962,
   "max": 1383679,
   "unit": "ms"
  },
  "indexing_throttle_time": 0,
  "indexing_throttle_time_per_shard": {
   "min": 0,
   "median": 0,
   "max": 0,
   "unit": "ms"
  },
  "merge_time": 11827672,
  "merge_time_per_shard": {
   "min": 0,
   "median": 249013,
   "max": 369015,
   "unit": "ms"
  },
  "merge_count": 1002,
  "refresh_time": 2406578,
  "refresh_time_per_shard": {
   "min": 185,
   "median": 47158,
   "max": 78318,
   "unit": "ms"
  },
  "refresh_count": 772,
  "flush_time": 472109,
  "flush_time_per_shard": {
   "min": 0,
   "median": 9297,
   "max": 18259,
   "unit": "ms"
  },
  "flush_count": 48,
  "merge_throttle_time": 428475,
  "merge_throttle_time_per_shard": {
   "min": 0,
   "median": 8337,
   "max": 23983,
   "unit": "ms"
  },
  "ml_processing_time": [],
  "young_gc_time": 95904,
  "young_gc_count": 1880,
  "old_gc_time": 0,
  "old_gc_count": 0,
  "memory_segments": 0,
  "memory_doc_values": 0,
  "memory_terms": 0,
  "memory_norms": 0,
  "memory_points": 0,
  "memory_stored_fields": 0,
  "store_size": 96531889980,
  "translog_size": 68800108439,
  "segment_count": 1489,
  "total_transform_search_times": [],
  "total_transform_index_times": [],
  "total_transform_processing_times": [],
  "total_transform_throughput": []
 },
 "workload-revision": "32d8806",
 "test_procedure": "append-no-conflicts",
 "workload-params": {
  "bulk_indexing_clients": 100,
  "bulk_size": 10000
 }
}