{
  "test_run_id": "3b050497-d8e1-4b1c-8bab-1eb958413f97",
  "throughput": {
    "min": 468109.7441298822,
    "mean": 475799.2835971825,
    "median": 475980.23805155506,
    "max": 483034.1125886299,
    "unit": "docs/s"
  },
  "latency": {
    "50_0": 2004.4639565021498,
    "90_0": 3857.3564249818446,
    "99_0": 5069.594037736533,
    "99_9": 6107.8567194460475,
    "100_0": 6430.751217994839,
    "mean": 2106.0718873342908,
    "unit": "ms"
  },
  "service_time": {
    "50_0": 2004.4639565021498,
    "90_0": 3857.3564249818446,
    "99_0": 5069.594037736533,
    "99_9": 6107.8567194460475,
    "100_0": 6430.751217994839,
    "mean": 2106.0718873342908,
    "unit": "ms"
  },
  "error_rate": 0.0
}
