{
  "test_run_id": "5e278af7-e4db-4505-b88c-34e6d4e6af1a",
  "throughput": {
    "min": 447014.0494626804,
    "mean": 449619.9183897447,
    "median": 449682.7900949408,
    "max": 453691.1442258368,
    "unit": "docs/s"
  },
  "latency": {
    "50_0": 2249.5281559822615,
    "90_0": 3684.501640003873,
    "99_0": 4892.411936982525,
    "99_9": 5761.984476804501,
    "100_0": 6408.253415982472,
    "mean": 2177.536702843883,
    "unit": "ms"
  },
  "service_time": {
    "50_0": 2249.5281559822615,
    "90_0": 3684.501640003873,
    "99_0": 4892.411936982525,
    "99_9": 5761.984476804501,
    "100_0": 6408.253415982472,
    "mean": 2177.536702843883,
    "unit": "ms"
  },
  "error_rate": 0.0
}
