{
  "test_run_id": "68384cf1-8620-4def-80f0-de5adf37a2c4",
  "throughput": {
    "min": 411153.91054787725,
    "mean": 416975.11915553623,
    "median": 417268.58551910135,
    "max": 420473.5540913277,
    "unit": "docs/s"
  },
  "latency": {
    "50_0": 2250.1984119880944,
    "90_0": 3938.2887107902206,
    "99_0": 5538.347504632549,
    "99_9": 6735.604699403333,
    "100_0": 7619.016184005886,
    "mean": 2253.9639645579314,
    "unit": "ms"
  },
  "service_time": {
    "50_0": 2250.1984119880944,
    "90_0": 3938.2887107902206,
    "99_0": 5538.347504632549,
    "99_9": 6735.604699403333,
    "100_0": 7619.016184005886,
    "mean": 2253.9639645579314,
    "unit": "ms"
  },
  "error_rate": 0.03274261603375527
}
