{
  "test_run_id": "89985fdd-701c-42ce-a074-60e621592c52",
  "throughput": {
    "min": 471951.1200875834,
    "mean": 478725.84975137434,
    "median": 477980.7751958268,
    "max": 485520.4888112494,
    "unit": "docs/s"
  },
  "latency": {
    "50_0": 2037.1434120170306,
    "90_0": 3816.1918982164934,
    "99_0": 4843.906738326186,
    "99_9": 5743.296322199985,
    "100_0": 8978.845148027176,
    "mean": 2098.142457185106,
    "unit": "ms"
  },
  "service_time": {
    "50_0": 2037.1434120170306,
    "90_0": 3816.1918982164934,
    "99_0": 4843.906738326186,
    "99_9": 5743.296322199985,
    "100_0": 8978.845148027176,
    "mean": 2098.142457185106,
    "unit": "ms"
  },
  "error_rate": 0.0
}
