{
 "benchmark-version": "2.0.0",
 "benchmark-revision": null,
 "environment": "local",
 "test-run-id": "48b7c884-6c15-488a-8a6d-7ad81d76dbbf",
 "test-run-timestamp": "20251008T022313Z",
 "pipeline": "benchmark-only",
 "user-tags": {},
 "workload": "nyc_taxis",
 "cluster-config-instance": [
  "external"
 ],
 "cluster": {
  "revision": "8ff7c6ee924a49f0f59f80a6e1c73073c8904214",
  "distribution-version": "3.1.0",
  "distribution-flavor": "oss",
  "cluster-config-revision": null
 },
 "results": {
  "op_metrics": [
   {
    "task": "index",
    "operation": "index",
    "throughput": {
     "min": 449060.88271267456,
     "mean": 454830.1316026016,
     "median": 454415.3469554497,
     "max": 461626.1469835802,
     "unit": "docs/s"
    },
    "latency": {
     "50_0": 2194.55113899312,
     "90_0": 3829.431860981276,
     "99_0": 4883.4131678741,
     "99_9": 5750.2427505341,
     "100_0": 7658.892859006301,
     "mean": 2174.316721348445,
     "unit": "ms"
    },
    "service_time": {
     "50_0": 2194.55113899312,
     "90_0": 3829.431860981276,
     "99_0": 4883.4131678741,
     "99_9": 5750.2427505341,
     "100_0": 7658.892859006301,
     "mean": 2174.316721348445,
     "unit": "ms"
    },
    "client_processing_time": {
     "50_0": 1.3089969870634377,
     "90_0": 1.4003928110469133,
     "99_0": 2.5984493212308766,
     "99_9": 35.36738906824042,
     "100_0": 38.09511099825613,
     "mean": 1.3812172458520926,
     "unit": "ms"
    },
    "processing_time": {
     "50_0": 2197.5657459988724,
     "90_0": 3832.4437094037417,
     "99_0": 4886.464954960396,
     "99_9": 5753.259789509011,
     "100_0": 7661.970248998841,
     "mean": 2178.4105578855333,
     "unit": "ms"
    },
    "error_rate": 0.0,
    "duration": 365786.53648801264
   }
  ],
  "correctness_metrics": [
   {
    "task": "index",
    "operation": "index",
    "recall@k": {},
    "recall@1": {},
    "error_rate": 0.0,
    "duration": 365786.53648801264
   }
  ],
  "profile_metrics": [],
  "total_time": 64674013,
  "total_time_per_shard": {
   "min": 231,
   "median": 1333485,
   "max": 1711918,
   "unit": "ms"
  },
  "indexing_throttle_time": 0,
  "indexing_throttle_time_per_shard": {
   "min": 0,
   "median": 0,
   "max": 0,
   "unit": "ms"
  },
  "merge_time": 14955402,
  "merge_time_per_shard": {
   "min": 0,
   "median": 298658,
   "max": 431959,
   "unit": "ms"
  },
  "merge_count": 1233,
  "refresh_time": 2768524,
  "refresh_time_per_shard": {
   "min": 373,
   "median": 55989,
   "max": 88239,
   "unit": "ms"
  },
  "refresh_count": 896,
  "flush_time": 659487,
  "flush_time_per_shard": {
   "min": 0,
   "median": 12995,
   "max": 20768,
   "unit": "ms"
  },
  "flush_count": 48,
  "merge_throttle_time": 371811,
  "merge_throttle_time_per_shard": {
   "min": 0,
   "median": 7044,
   "max": 16187,
   "unit": "ms"
  },
  "ml_processing_time": [],
  "young_gc_time": 173631,
  "young_gc_count": 3515,
  "old_gc_time": 0,
  "old_gc_count": 0,
  "memory_segments": 0,
  "memory_doc_values": 0,
  "memory_terms": 0,
  "memory_norms": 0,
  "memory_points": 0,
  "memory_stored_fields": 0,
  "store_size": 98677314402,
  "translog_size": 70022851678,
  "segment_count": 1530,
  "total_transform_search_times": [],
  "total_transform_index_times": [],
  "total_transform_processing_times": [],
  "total_transform_throughput": []
 },
 "workload-revision": "32d8806",
 "test_procedure": "append-no-conflicts",
 "workload-params": {
  "bulk_indexing_clients": 100,
  "bulk_size": 10000
 }
}