{
  "test_run_id": "c6e381bc-06b7-491c-8e98-ef3d6c694b6d",
  "throughput": {
    "min": 459028.9055432782,
    "mean": 462685.72999547626,
    "median": 462650.3666517575,
    "max": 466377.7055481666,
    "unit": "docs/s"
  },
  "latency": {
    "50_0": 2114.7510730079375,
    "90_0": 3723.292763580684,
    "99_0": 5230.68630429043,
    "99_9": 6404.071502333956,
    "100_0": 7671.13177999272,
    "mean": 2125.809401814405,
    "unit": "ms"
  },
  "service_time": {
    "50_0": 2114.7510730079375,
    "90_0": 3723.292763580684,
    "99_0": 5230.68630429043,
    "99_9": 6404.071502333956,
    "100_0": 7671.13177999272,
    "mean": 2125.809401814405,
    "unit": "ms"
  },
  "error_rate": 0.0
}
