{
 "benchmark-version": "2.0.0",
 "benchmark-revision": null,
 "environment": "local",
 "test-run-id": "bb914ba5-74c6-406f-a4a1-94115c64a9fa",
 "test-run-timestamp": "20251008T024453Z",
 "pipeline": "benchmark-only",
 "user-tags": {},
 "workload": "nyc_taxis",
 "cluster-config-instance": [
  "external"
 ],
 "cluster": {
  "revision": "8ff7c6ee924a49f0f59f80a6e1c73073c8904214",
  "distribution-version": "3.1.0",
  "distribution-flavor": "oss",
  "cluster-config-revision": null
 },
 "results": {
  "op_metrics": [
   {
    "task": "index",
    "operation": "index",
    "throughput": {
     "min": 447316.3318454374,
     "mean": 452382.62618896354,
     "median": 452092.0175450739,
     "max": 456635.2899452234,
     "unit": "docs/s"
    },
    "latency": {
     "50_0": 2232.525816973066,
     "90_0": 3701.80507999612,
     "99_0": 4922.17472460179,
     "99_9": 6476.885746104242,
     "100_0": 7357.241401012288,
     "mean": 2163.8139511489917,
     "unit": "ms"
    },
    "service_time": {
     "50_0": 2232.525816973066,
     "90_0": 3701.80507999612,
     "99_0": 4922.17472460179,
     "99_9": 6476.885746104242,
     "100_0": 7357.241401012288,
     "mean": 2163.8139511489917,
     "unit": "ms"
    },
    "client_processing_time": {
     "50_0": 1.3105410034768283,
     "90_0": 1.3976260088384151,
     "99_0": 2.648054630844798,
     "99_9": 32.430358527636585,
     "100_0": 34.71694601466879,
     "mean": 1.3226940978866355,
     "unit": "ms"
    },
    "processing_time": {
     "50_0": 2237.5672129855957,
     "90_0": 3707.61488401331,
     "99_0": 4925.139753118855,
     "99_9": 6479.857320798626,
     "100_0": 7360.20450698561,
     "mean": 2167.3966946085416,
     "unit": "ms"
    },
    "error_rate": 0.03492316902813809,
    "duration": 353337.65552699333
   }
  ],
  "correctness_metrics": [
   {
    "task": "index",
    "operation": "index",
    "recall@k": {},
    "recall@1": {},
    "error_rate": 0.03492316902813809,
    "duration": 353337.65552699333
   }
  ],
  "profile_metrics": [],
  "total_time": 57638033,
  "total_time_per_shard": {
   "min": 49,
   "median": 1148512,
   "max": 1894841,
   "unit": "ms"
  },
  "indexing_throttle_time": 0,
  "indexing_throttle_time_per_shard": {
   "min": 0,
   "median": 0,
   "max": 0,
   "unit": "ms"
  },
  "merge_time": 14474516,
  "merge_time_per_shard": {
   "min": 0,
   "median": 309524,
   "max": 435025,
   "unit": "ms"
  },
  "merge_count": 1185,
  "refresh_time": 3001910,
  "refresh_time_per_shard": {
   "min": 375,
   "median": 59366,
   "max": 102415,
   "unit": "ms"
  },
  "refresh_count": 999,
  "flush_time": 438834,
  "flush_time_per_shard": {
   "min": 453,
   "median": 9453,
   "max": 13747,
   "unit": "ms"
  },
  "flush_count": 49,
  "merge_throttle_time": 312577,
  "merge_throttle_time_per_shard": {
   "min": 0,
   "median": 6053,
   "max": 13111,
   "unit": "ms"
  },
  "ml_processing_time": [],
  "young_gc_time": 243717,
  "young_gc_count": 5102,
  "old_gc_time": 0,
  "old_gc_count": 0,
  "memory_segments": 0,
  "memory_doc_values": 0,
  "memory_terms": 0,
  "memory_norms": 0,
  "memory_points": 0,
  "memory_stored_fields": 0,
  "store_size": 94476470769,
  "translog_size": 75411809005,
  "segment_count": 1571,
  "total_transform_search_times": [],
  "total_transform_index_times": [],
  "total_transform_processing_times": [],
  "total_transform_throughput": []
 },
 "workload-revision": "32d8806",
 "test_procedure": "append-no-conflicts",
 "workload-params": {
  "bulk_indexing_clients": 100,
  "bulk_size": 10000
 }
}