{
  "test_run_id": "7f60ba0e-6109-400f-b298-80fa616a807f",
  "throughput": {
    "min": 468385.88994345313,
    "mean": 473731.27886025223,
    "median": 473524.2705399802,
    "max": 478004.50086368114,
    "unit": "docs/s"
  },
  "latency": {
    "50_0": 2102.2439929802204,
    "90_0": 3745.9837234928273,
    "99_0": 4874.197423446459,
    "99_9": 6311.477048272822,
    "100_0": 6958.939302014187,
    "mean": 2111.480916936109,
    "unit": "ms"
  },
  "service_time": {
    "50_0": 2102.2439929802204,
    "90_0": 3745.9837234928273,
    "99_0": 4874.197423446459,
    "99_9": 6311.477048272822,
    "100_0": 6958.939302014187,
    "mean": 2111.480916936109,
    "unit": "ms"
  },
  "error_rate": 0.0
}
