{
 "benchmark-version": "2.0.0",
 "benchmark-revision": null,
 "environment": "local",
 "test-run-id": "d29d2658-dc30-4465-bba2-f49e71d55748",
 "test-run-timestamp": "20251008T025738Z",
 "pipeline": "benchmark-only",
 "user-tags": {},
 "workload": "nyc_taxis",
 "cluster-config-instance": [
  "external"
 ],
 "cluster": {
  "revision": "8ff7c6ee924a49f0f59f80a6e1c73073c8904214",
  "distribution-version": "3.1.0",
  "distribution-flavor": "oss",
  "cluster-config-revision": null
 },
 "results": {
  "op_metrics": [
   {
    "task": "index",
    "operation": "index",
    "throughput": {
     "min": 438299.08874049905,
     "mean": 443953.55679398926,
     "median": 443734.31272847345,
     "max": 450254.9594334049,
     "unit": "docs/s"
    },
    "latency": {
     "50_0": 2226.7555609869305,
     "90_0": 3731.292012985796,
     "99_0": 4890.856899822828,
     "99_9": 5527.567946469947,
     "100_0": 6038.475179986563,
     "mean": 2189.6314864840574,
     "unit": "ms"
    },
    "service_time": {
     "50_0": 2226.7555609869305,
     "90_0": 3731.292012985796,
     "99_0": 4890.856899822828,
     "99_9": 5527.567946469947,
     "100_0": 6038.475179986563,
     "mean": 2189.6314864840574,
     "unit": "ms"
    },
    "client_processing_time": {
     "50_0": 1.3072500005364418,
     "90_0": 1.4018680027220398,
     "99_0": 3.185777990729545,
     "99_9": 31.825204353256574,
     "100_0": 53.6286799761001,
     "mean": 1.3269987035554334,
     "unit": "ms"
    },
    "processing_time": {
     "50_0": 2230.4928509984165,
     "90_0": 3737.417721597012,
     "99_0": 4893.83123979729,
     "99_9": 5530.362254348189,
     "100_0": 6041.448791977018,
     "mean": 2193.420117037549,
     "unit": "ms"
    },
    "error_rate": 0.023202301054650046,
    "duration": 363742.7353509993
   }
  ],
  "correctness_metrics": [
   {
    "task": "index",
    "operation": "index",
    "recall@k": {},
    "recall@1": {},
    "error_rate": 0.023202301054650046,
    "duration": 363742.7353509993
   }
  ],
  "profile_metrics": [],
  "total_time": 57178687,
  "total_time_per_shard": {
   "min": 199,
   "median": 1147982,
   "max": 1800253,
   "unit": "ms"
  },
  "indexing_throttle_time": 0,
  "indexing_throttle_time_per_shard": {
   "min": 0,
   "median": 0,
   "max": 0,
   "unit": "ms"
  },
  "merge_time": 14608286,
  "merge_time_per_shard": {
   "min": 0,
   "median": 304077,
   "max": 423356,
   "unit": "ms"
  },
  "merge_count": 1289,
  "refresh_time": 3229309,
  "refresh_time_per_shard": {
   "min": 380,
   "median": 64201,
   "max": 101562,
   "unit": "ms"
  },
  "refresh_count": 1015,
  "flush_time": 531714,
  "flush_time_per_shard": {
   "min": 0,
   "median": 10196,
   "max": 21925,
   "unit": "ms"
  },
  "flush_count": 48,
  "merge_throttle_time": 286256,
  "merge_throttle_time_per_shard": {
   "min": 0,
   "median": 5695,
   "max": 11547,
   "unit": "ms"
  },
  "ml_processing_time": [],
  "young_gc_time": 237513,
  "young_gc_count": 5308,
  "old_gc_time": 0,
  "old_gc_count": 0,
  "memory_segments": 0,
  "memory_doc_values": 0,
  "memory_terms": 0,
  "memory_norms": 0,
  "memory_points": 0,
  "memory_stored_fields": 0,
  "store_size": 94056596297,
  "translog_size": 63543809710,
  "segment_count": 1728,
  "total_transform_search_times": [],
  "total_transform_index_times": [],
  "total_transform_processing_times": [],
  "total_transform_throughput": []
 },
 "workload-revision": "32d8806",
 "test_procedure": "append-no-conflicts",
 "workload-params": {
  "bulk_indexing_clients": 100,
  "bulk_size": 10000
 }
}