{
  "test_run_id": "41042b76-065b-4dee-a06c-b3ad44e42245",
  "throughput": {
    "min": 464062.7239212763,
    "mean": 468066.48934088706,
    "median": 466796.6657658084,
    "max": 476676.5056106457,
    "unit": "docs/s"
  },
  "latency": {
    "50_0": 2158.478927973192,
    "90_0": 3868.4105644002584,
    "99_0": 4901.480506220833,
    "99_9": 5946.472910709587,
    "100_0": 7869.570724025834,
    "mean": 2159.3016175147227,
    "unit": "ms"
  },
  "service_time": {
    "50_0": 2158.478927973192,
    "90_0": 3868.4105644002584,
    "99_0": 4901.480506220833,
    "99_9": 5946.472910709587,
    "100_0": 7869.570724025834,
    "mean": 2159.3016175147227,
    "unit": "ms"
  },
  "error_rate": 0.0
}
