{
  "test_run_id": "d6088f0a-cc1d-4505-8e91-74a2056a33fd",
  "throughput": {
    "min": 483032.739535695,
    "mean": 486763.943634431,
    "median": 486415.88373660145,
    "max": 490108.23311536585,
    "unit": "docs/s"
  },
  "latency": {
    "50_0": 1946.1194110044744,
    "90_0": 3616.939232993172,
    "99_0": 4788.47493371577,
    "99_9": 5525.215377804361,
    "100_0": 6611.765238980297,
    "mean": 2024.3813220752907,
    "unit": "ms"
  },
  "service_time": {
    "50_0": 1946.1194110044744,
    "90_0": 3616.939232993172,
    "99_0": 4788.47493371577,
    "99_9": 5525.215377804361,
    "100_0": 6611.765238980297,
    "mean": 2024.3813220752907,
    "unit": "ms"
  },
  "error_rate": 0.0
}
