{
 "benchmark-version": "2.0.0",
 "benchmark-revision": null,
 "environment": "local",
 "test-run-id": "3b050497-d8e1-4b1c-8bab-1eb958413f97",
 "test-run-timestamp": "20251008T013441Z",
 "pipeline": "benchmark-only",
 "user-tags": {},
 "workload": "nyc_taxis",
 "cluster-config-instance": [
  "external"
 ],
 "cluster": {
  "revision": "8ff7c6ee924a49f0f59f80a6e1c73073c8904214",
  "distribution-version": "3.1.0",
  "distribution-flavor": "oss",
  "cluster-config-revision": null
 },
 "results": {
  "op_metrics": [
   {
    "task": "index",
    "operation": "index",
    "throughput": {
     "min": 468109.7441298822,
     "mean": 475799.2835971825,
     "median": 475980.23805155506,
     "max": 483034.1125886299,
     "unit": "docs/s"
    },
    "latency": {
     "50_0": 2004.4639565021498,
     "90_0": 3857.3564249818446,
     "99_0": 5069.594037736533,
     "99_9": 6107.8567194460475,
     "100_0": 6430.751217994839,
     "mean": 2106.0718873342908,
     "unit": "ms"
    },
    "service_time": {
     "50_0": 2004.4639565021498,
     "90_0": 3857.3564249818446,
     "99_0": 5069.594037736533,
     "99_9": 6107.8567194460475,
     "100_0": 6430.751217994839,
     "mean": 2106.0718873342908,
     "unit": "ms"
    },
    "client_processing_time": {
     "50_0": 1.2954780249856412,
     "90_0": 1.3828369847033173,
     "99_0": 3.9555265320814166,
     "99_9": 33.14067767525676,
     "100_0": 71.25068802270107,
     "mean": 1.3765127383894884,
     "unit": "ms"
    },
    "processing_time": {
     "50_0": 2007.4156445189146,
     "90_0": 3859.7809314960614,
     "99_0": 5072.533704641683,
     "99_9": 6110.560672407793,
     "100_0": 6433.634739019908,
     "mean": 2109.652307999747,
     "unit": "ms"
    },
    "error_rate": 0.0,
    "duration": 350942.49559700256
   }
  ],
  "correctness_metrics": [
   {
    "task": "index",
    "operation": "index",
    "recall@k": {},
    "recall@1": {},
    "error_rate": 0.0,
    "duration": 350942.49559700256
   }
  ],
  "profile_metrics": [],
  "total_time": 61036604,
  "total_time_per_shard": {
   "min": 1,
   "median": 1242159,
   "max": 1609060,
   "unit": "ms"
  },
  "indexing_throttle_time": 0,
  "indexing_throttle_time_per_shard": {
   "min": 0,
   "median": 0,
   "max": 0,
   "unit": "ms"
  },
  "merge_time": 12717244,
  "merge_time_per_shard": {
   "min": 231,
   "median": 258696,
   "max": 397913,
   "unit": "ms"
  },
  "merge_count": 1042,
  "refresh_time": 2643630,
  "refresh_time_per_shard": {
   "min": 319,
   "median": 55362,
   "max": 89680,
   "unit": "ms"
  },
  "refresh_count": 804,
  "flush_time": 573413,
  "flush_time_per_shard": {
   "min": 635,
   "median": 10902,
   "max": 20239,
   "unit": "ms"
  },
  "flush_count": 49,
  "merge_throttle_time": 360937,
  "merge_throttle_time_per_shard": {
   "min": 0,
   "median": 7297,
   "max": 13815,
   "unit": "ms"
  },
  "ml_processing_time": [],
  "young_gc_time": 115337,
  "young_gc_count": 2240,
  "old_gc_time": 0,
  "old_gc_count": 0,
  "memory_segments": 0,
  "memory_doc_values": 0,
  "memory_terms": 0,
  "memory_norms": 0,
  "memory_points": 0,
  "memory_stored_fields": 0,
  "store_size": 95459872581,
  "translog_size": 67435476419,
  "segment_count": 1749,
  "total_transform_search_times": [],
  "total_transform_index_times": [],
  "total_transform_processing_times": [],
  "total_transform_throughput": []
 },
 "workload-revision": "32d8806",
 "test_procedure": "append-no-conflicts",
 "workload-params": {
  "bulk_indexing_clients": 100,
  "bulk_size": 10000
 }
}