{
 "benchmark-version": "2.0.0",
 "benchmark-revision": null,
 "environment": "local",
 "test-run-id": "c6e381bc-06b7-491c-8e98-ef3d6c694b6d",
 "test-run-timestamp": "20251008T011559Z",
 "pipeline": "benchmark-only",
 "user-tags": {},
 "workload": "nyc_taxis",
 "cluster-config-instance": [
  "external"
 ],
 "cluster": {
  "revision": "8ff7c6ee924a49f0f59f80a6e1c73073c8904214",
  "distribution-version": "3.1.0",
  "distribution-flavor": "oss",
  "cluster-config-revision": null
 },
 "results": {
  "op_metrics": [
   {
    "task": "index",
    "operation": "index",
    "throughput": {
     "min": 459028.9055432782,
     "mean": 462685.72999547626,
     "median": 462650.3666517575,
     "max": 466377.7055481666,
     "unit": "docs/s"
    },
    "latency": {
     "50_0": 2114.7510730079375,
     "90_0": 3723.292763580684,
     "99_0": 5230.68630429043,
     "99_9": 6404.071502333956,
     "100_0": 7671.13177999272,
     "mean": 2125.809401814405,
     "unit": "ms"
    },
    "service_time": {
     "50_0": 2114.7510730079375,
     "90_0": 3723.292763580684,
     "99_0": 5230.68630429043,
     "99_9": 6404.071502333956,
     "100_0": 7671.13177999272,
     "mean": 2125.809401814405,
     "unit": "ms"
    },
    "client_processing_time": {
     "50_0": 1.2982240150449798,
     "90_0": 1.37147469795309,
     "99_0": 3.4565199006465317,
     "99_9": 36.00921718965455,
     "100_0": 63.3919189858716,
     "mean": 1.3927950393859467,
     "unit": "ms"
    },
    "processing_time": {
     "50_0": 2119.731254002545,
     "90_0": 3726.293237114441,
     "99_0": 5232.7615212177625,
     "99_9": 6407.211057910329,
     "100_0": 7673.9831829909235,
     "mean": 2129.6393693429636,
     "unit": "ms"
    },
    "error_rate": 0.0,
    "duration": 356809.67309800326
   }
  ],
  "correctness_metrics": [
   {
    "task": "index",
    "operation": "index",
    "recall@k": {},
    "recall@1": {},
    "error_rate": 0.0,
    "duration": 356809.67309800326
   }
  ],
  "profile_metrics": [],
  "total_time": 62915475,
  "total_time_per_shard": {
   "min": 5580,
   "median": 1302708,
   "max": 1606773,
   "unit": "ms"
  },
  "indexing_throttle_time": 0,
  "indexing_throttle_time_per_shard": {
   "min": 0,
   "median": 0,
   "max": 0,
   "unit": "ms"
  },
  "merge_time": 12812074,
  "merge_time_per_shard": {
   "min": 0,
   "median": 264501,
   "max": 370288,
   "unit": "ms"
  },
  "merge_count": 1045,
  "refresh_time": 2652710,
  "refresh_time_per_shard": {
   "min": 2345,
   "median": 54551,
   "max": 94375,
   "unit": "ms"
  },
  "refresh_count": 783,
  "flush_time": 501549,
  "flush_time_per_shard": {
   "min": 0,
   "median": 10220,
   "max": 21124,
   "unit": "ms"
  },
  "flush_count": 48,
  "merge_throttle_time": 367845,
  "merge_throttle_time_per_shard": {
   "min": 0,
   "median": 7513,
   "max": 14112,
   "unit": "ms"
  },
  "ml_processing_time": [],
  "young_gc_time": 115501,
  "young_gc_count": 2238,
  "old_gc_time": 0,
  "old_gc_count": 0,
  "memory_segments": 0,
  "memory_doc_values": 0,
  "memory_terms": 0,
  "memory_norms": 0,
  "memory_points": 0,
  "memory_stored_fields": 0,
  "store_size": 96811640898,
  "translog_size": 70645437923,
  "segment_count": 1684,
  "total_transform_search_times": [],
  "total_transform_index_times": [],
  "total_transform_processing_times": [],
  "total_transform_throughput": []
 },
 "workload-revision": "32d8806",
 "test_procedure": "append-no-conflicts",
 "workload-params": {
  "bulk_indexing_clients": 100,
  "bulk_size": 10000
 }
}