{
  "test_run_id": "e3cccd24-307a-4595-b6fe-edc87fb38654",
  "throughput": {
    "min": 473257.5174561564,
    "mean": 477624.85364060424,
    "median": 476907.56063429173,
    "max": 484953.93850138446,
    "unit": "docs/s"
  },
  "latency": {
    "50_0": 2152.394237520639,
    "90_0": 3661.9974769069813,
    "99_0": 5356.152370987112,
    "99_9": 6085.690007230993,
    "100_0": 7607.906133984216,
    "mean": 2146.1389656833794,
    "unit": "ms"
  },
  "service_time": {
    "50_0": 2152.394237520639,
    "90_0": 3661.9974769069813,
    "99_0": 5356.152370987112,
    "99_9": 6085.690007230993,
    "100_0": 7607.906133984216,
    "mean": 2146.1389656833794,
    "unit": "ms"
  },
  "error_rate": 0.0
}
