{
  "test_run_id": "bb914ba5-74c6-406f-a4a1-94115c64a9fa",
  "throughput": {
    "min": 447316.3318454374,
    "mean": 452382.62618896354,
    "median": 452092.0175450739,
    "max": 456635.2899452234,
    "unit": "docs/s"
  },
  "latency": {
    "50_0": 2232.525816973066,
    "90_0": 3701.80507999612,
    "99_0": 4922.17472460179,
    "99_9": 6476.885746104242,
    "100_0": 7357.241401012288,
    "mean": 2163.8139511489917,
    "unit": "ms"
  },
  "service_time": {
    "50_0": 2232.525816973066,
    "90_0": 3701.80507999612,
    "99_0": 4922.17472460179,
    "99_9": 6476.885746104242,
    "100_0": 7357.241401012288,
    "mean": 2163.8139511489917,
    "unit": "ms"
  },
  "error_rate": 0.03492316902813809
}
