{
  "test_run_id": "eebcfde4-82eb-41a2-a451-07e04ed11c1b",
  "throughput": {
    "min": 436360.7920175974,
    "mean": 442226.8730595036,
    "median": 441484.73830019747,
    "max": 451120.1746763774,
    "unit": "docs/s"
  },
  "latency": {
    "50_0": 2270.5037760024425,
    "90_0": 3870.5849921912886,
    "99_0": 5064.915871307602,
    "99_9": 5630.3307555544325,
    "100_0": 5828.2237210078165,
    "mean": 2235.5511650051926,
    "unit": "ms"
  },
  "service_time": {
    "50_0": 2270.5037760024425,
    "90_0": 3870.5849921912886,
    "99_0": 5064.915871307602,
    "99_9": 5630.3307555544325,
    "100_0": 5828.2237210078165,
    "mean": 2235.5511650051926,
    "unit": "ms"
  },
  "error_rate": 0.02623136440837894
}
