{
  "test_run_id": "3206e65c-0b72-4030-8d78-c6bc318177af",
  "throughput": {
    "min": 457851.9642456687,
    "mean": 465987.358112736,
    "median": 465134.8487426797,
    "max": 474598.82008781604,
    "unit": "docs/s"
  },
  "latency": {
    "50_0": 2288.023125001928,
    "90_0": 3658.9996862137923,
    "99_0": 4843.379140151955,
    "99_9": 6126.299977023,
    "100_0": 6829.872571979649,
    "mean": 2211.474399088611,
    "unit": "ms"
  },
  "service_time": {
    "50_0": 2288.023125001928,
    "90_0": 3658.9996862137923,
    "99_0": 4843.379140151955,
    "99_9": 6126.299977023,
    "100_0": 6829.872571979649,
    "mean": 2211.474399088611,
    "unit": "ms"
  },
  "error_rate": 0.0
}
