{
 "benchmark-version": "2.0.0",
 "benchmark-revision": null,
 "environment": "local",
 "test-run-id": "e3cccd24-307a-4595-b6fe-edc87fb38654",
 "test-run-timestamp": "20251008T020156Z",
 "pipeline": "benchmark-only",
 "user-tags": {},
 "workload": "nyc_taxis",
 "cluster-config-instance": [
  "external"
 ],
 "cluster": {
  "revision": "8ff7c6ee924a49f0f59f80a6e1c73073c8904214",
  "distribution-version": "3.1.0",
  "distribution-flavor": "oss",
  "cluster-config-revision": null
 },
 "results": {
  "op_metrics": [
   {
    "task": "index",
    "operation": "index",
    "throughput": {
     "min": 473257.5174561564,
     "mean": 477624.85364060424,
     "median": 476907.56063429173,
     "max": 484953.93850138446,
     "unit": "docs/s"
    },
    "latency": {
     "50_0": 2152.394237520639,
     "90_0": 3661.9974769069813,
     "99_0": 5356.152370987112,
     "99_9": 6085.690007230993,
     "100_0": 7607.906133984216,
     "mean": 2146.1389656833794,
     "unit": "ms"
    },
    "service_time": {
     "50_0": 2152.394237520639,
     "90_0": 3661.9974769069813,
     "99_0": 5356.152370987112,
     "99_9": 6085.690007230993,
     "100_0": 7607.906133984216,
     "mean": 2146.1389656833794,
     "unit": "ms"
    },
    "client_processing_time": {
     "50_0": 1.3025719963479787,
     "90_0": 1.3923061051173136,
     "99_0": 3.615077326830943,
     "99_9": 38.17361991683727,
     "100_0": 62.41431200760417,
     "mean": 1.414973902573057,
     "unit": "ms"
    },
    "processing_time": {
     "50_0": 2155.3038984857267,
     "90_0": 3664.9129843135597,
     "99_0": 5358.985423946579,
     "99_9": 6089.159252419862,
     "100_0": 7611.04734800756,
     "mean": 2149.680646323977,
     "unit": "ms"
    },
    "error_rate": 0.0,
    "duration": 347480.9501080017
   }
  ],
  "correctness_metrics": [
   {
    "task": "index",
    "operation": "index",
    "recall@k": {},
    "recall@1": {},
    "error_rate": 0.0,
    "duration": 347480.9501080017
   }
  ],
  "profile_metrics": [],
  "total_time": 60516056,
  "total_time_per_shard": {
   "min": 84,
   "median": 1248054,
   "max": 1526574,
   "unit": "ms"
  },
  "indexing_throttle_time": 0,
  "indexing_throttle_time_per_shard": {
   "min": 0,
   "median": 0,
   "max": 0,
   "unit": "ms"
  },
  "merge_time": 12764863,
  "merge_time_per_shard": {
   "min": 0,
   "median": 274879,
   "max": 356299,
   "unit": "ms"
  },
  "merge_count": 1032,
  "refresh_time": 2659422,
  "refresh_time_per_shard": {
   "min": 107,
   "median": 52974,
   "max": 81559,
   "unit": "ms"
  },
  "refresh_count": 790,
  "flush_time": 498526,
  "flush_time_per_shard": {
   "min": 0,
   "median": 8775,
   "max": 21021,
   "unit": "ms"
  },
  "flush_count": 48,
  "merge_throttle_time": 372308,
  "merge_throttle_time_per_shard": {
   "min": 0,
   "median": 6985,
   "max": 25218,
   "unit": "ms"
  },
  "ml_processing_time": [],
  "young_gc_time": 133617,
  "young_gc_count": 2703,
  "old_gc_time": 0,
  "old_gc_count": 0,
  "memory_segments": 0,
  "memory_doc_values": 0,
  "memory_terms": 0,
  "memory_norms": 0,
  "memory_points": 0,
  "memory_stored_fields": 0,
  "store_size": 96941262132,
  "translog_size": 67223602440,
  "segment_count": 1627,
  "total_transform_search_times": [],
  "total_transform_index_times": [],
  "total_transform_processing_times": [],
  "total_transform_throughput": []
 },
 "workload-revision": "32d8806",
 "test_procedure": "append-no-conflicts",
 "workload-params": {
  "bulk_indexing_clients": 100,
  "bulk_size": 10000
 }
}