{
  "test_run_id": "d29d2658-dc30-4465-bba2-f49e71d55748",
  "throughput": {
    "min": 438299.08874049905,
    "mean": 443953.55679398926,
    "median": 443734.31272847345,
    "max": 450254.9594334049,
    "unit": "docs/s"
  },
  "latency": {
    "50_0": 2226.7555609869305,
    "90_0": 3731.292012985796,
    "99_0": 4890.856899822828,
    "99_9": 5527.567946469947,
    "100_0": 6038.475179986563,
    "mean": 2189.6314864840574,
    "unit": "ms"
  },
  "service_time": {
    "50_0": 2226.7555609869305,
    "90_0": 3731.292012985796,
    "99_0": 4890.856899822828,
    "99_9": 5527.567946469947,
    "100_0": 6038.475179986563,
    "mean": 2189.6314864840574,
    "unit": "ms"
  },
  "error_rate": 0.023202301054650046
}
