{
  "test_run_id": "386a1f62-bfc4-40b1-a399-6f845ab8a8e6",
  "throughput": {
    "min": 472077.8504597903,
    "mean": 480955.0776720907,
    "median": 480458.0471361375,
    "max": 485949.5333576119,
    "unit": "docs/s"
  },
  "latency": {
    "50_0": 2120.8453250001185,
    "90_0": 3714.3188250192907,
    "99_0": 4844.311651508906,
    "99_9": 6091.4025025756655,
    "100_0": 6371.5026499994565,
    "mean": 2107.776296670425,
    "unit": "ms"
  },
  "service_time": {
    "50_0": 2120.8453250001185,
    "90_0": 3714.3188250192907,
    "99_0": 4844.311651508906,
    "99_9": 6091.4025025756655,
    "100_0": 6371.5026499994565,
    "mean": 2107.776296670425,
    "unit": "ms"
  },
  "error_rate": 0.0
}
