{
  "test_run_id": "48b7c884-6c15-488a-8a6d-7ad81d76dbbf",
  "throughput": {
    "min": 449060.88271267456,
    "mean": 454830.1316026016,
    "median": 454415.3469554497,
    "max": 461626.1469835802,
    "unit": "docs/s"
  },
  "latency": {
    "50_0": 2194.55113899312,
    "90_0": 3829.431860981276,
    "99_0": 4883.4131678741,
    "99_9": 5750.2427505341,
    "100_0": 7658.892859006301,
    "mean": 2174.316721348445,
    "unit": "ms"
  },
  "service_time": {
    "50_0": 2194.55113899312,
    "90_0": 3829.431860981276,
    "99_0": 4883.4131678741,
    "99_9": 5750.2427505341,
    "100_0": 7658.892859006301,
    "mean": 2174.316721348445,
    "unit": "ms"
  },
  "error_rate": 0.0
}
