{
  "test_run_id": "140e0b71-3432-4020-a61f-a121017fec9b",
  "throughput": {
    "min": 483408.6006962582,
    "mean": 491856.5251356122,
    "median": 491528.16375447344,
    "max": 498674.25915693375,
    "unit": "docs/s"
  },
  "latency": {
    "50_0": 2065.655254991725,
    "90_0": 3495.8605974097736,
    "99_0": 4856.239950243615,
    "99_9": 5386.094021673609,
    "100_0": 5942.1784300066065,
    "mean": 2066.3530986256483,
    "unit": "ms"
  },
  "service_time": {
    "50_0": 2065.655254991725,
    "90_0": 3495.8605974097736,
    "99_0": 4856.239950243615,
    "99_9": 5386.094021673609,
    "100_0": 5942.1784300066065,
    "mean": 2066.3530986256483,
    "unit": "ms"
  },
  "error_rate": 0.0
}
