{
  "test_run_id": "0213ba5f-0d5f-4b3e-8f0b-fb03695aaf71",
  "throughput": {
    "min": 451196.2299378988,
    "mean": 455842.4972436543,
    "median": 455400.8860522424,
    "max": 461435.9384336378,
    "unit": "docs/s"
  },
  "latency": {
    "50_0": 2270.0457999890205,
    "90_0": 3719.7053873969708,
    "99_0": 4723.02723688772,
    "99_9": 6243.622725454646,
    "100_0": 7056.182945991168,
    "mean": 2199.19011011547,
    "unit": "ms"
  },
  "service_time": {
    "50_0": 2270.0457999890205,
    "90_0": 3719.7053873969708,
    "99_0": 4723.02723688772,
    "99_9": 6243.622725454646,
    "100_0": 7056.182945991168,
    "mean": 2199.19011011547,
    "unit": "ms"
  },
  "error_rate": 0.0
}
