{
  "test_run_id": "53f19a0d-b29c-41a7-9fe3-a9e40a2cbdcd",
  "throughput": {
    "min": 462942.48423222266,
    "mean": 469287.48795293283,
    "median": 469538.4268322792,
    "max": 470975.62883781164,
    "unit": "docs/s"
  },
  "latency": {
    "50_0": 2087.0556040026713,
    "90_0": 3647.279644192895,
    "99_0": 4622.435199811588,
    "99_9": 5746.3320187823965,
    "100_0": 6812.44592400617,
    "mean": 2074.720719932203,
    "unit": "ms"
  },
  "service_time": {
    "50_0": 2087.0556040026713,
    "90_0": 3647.279644192895,
    "99_0": 4622.435199811588,
    "99_9": 5746.3320187823965,
    "100_0": 6812.44592400617,
    "mean": 2074.720719932203,
    "unit": "ms"
  },
  "error_rate": 0.0
}
