{
 "benchmark-version": "2.0.0",
 "benchmark-revision": null,
 "environment": "local",
 "test-run-id": "41042b76-065b-4dee-a06c-b3ad44e42245",
 "test-run-timestamp": "20251008T015541Z",
 "pipeline": "benchmark-only",
 "user-tags": {},
 "workload": "nyc_taxis",
 "cluster-config-instance": [
  "external"
 ],
 "cluster": {
  "revision": "8ff7c6ee924a49f0f59f80a6e1c73073c8904214",
  "distribution-version": "3.1.0",
  "distribution-flavor": "oss",
  "cluster-config-revision": null
 },
 "results": {
  "op_metrics": [
   {
    "task": "index",
    "operation": "index",
    "throughput": {
     "min": 464062.7239212763,
     "mean": 468066.48934088706,
     "median": 466796.6657658084,
     "max": 476676.5056106457,
     "unit": "docs/s"
    },
    "latency": {
     "50_0": 2158.478927973192,
     "90_0": 3868.4105644002584,
     "99_0": 4901.480506220833,
     "99_9": 5946.472910709587,
     "100_0": 7869.570724025834,
     "mean": 2159.3016175147227,
     "unit": "ms"
    },
    "service_time": {
     "50_0": 2158.478927973192,
     "90_0": 3868.4105644002584,
     "99_0": 4901.480506220833,
     "99_9": 5946.472910709587,
     "100_0": 7869.570724025834,
     "mean": 2159.3016175147227,
     "unit": "ms"
    },
    "client_processing_time": {
     "50_0": 1.2982369808014482,
     "90_0": 1.3786367955617607,
     "99_0": 3.4563023824011947,
     "99_9": 37.698668788012924,
     "100_0": 70.32219698885456,
     "mean": 1.386942316839458,
     "unit": "ms"
    },
    "processing_time": {
     "50_0": 2161.3475250196643,
     "90_0": 3875.1247776090167,
     "99_0": 4904.51680795115,
     "99_9": 5949.540071448744,
     "100_0": 7873.658046999481,
     "mean": 2163.4570713110875,
     "unit": "ms"
    },
    "error_rate": 0.0,
    "duration": 353948.6008140084
   }
  ],
  "correctness_metrics": [
   {
    "task": "index",
    "operation": "index",
    "recall@k": {},
    "recall@1": {},
    "error_rate": 0.0,
    "duration": 353948.6008140084
   }
  ],
  "profile_metrics": [],
  "total_time": 60638092,
  "total_time_per_shard": {
   "min": 2,
   "median": 1265708,
   "max": 1586306,
   "unit": "ms"
  },
  "indexing_throttle_time": 0,
  "indexing_throttle_time_per_shard": {
   "min": 0,
   "median": 0,
   "max": 0,
   "unit": "ms"
  },
  "merge_time": 12845705,
  "merge_time_per_shard": {
   "min": 0,
   "median": 265141,
   "max": 347302,
   "unit": "ms"
  },
  "merge_count": 1060,
  "refresh_time": 2500954,
  "refresh_time_per_shard": {
   "min": 164,
   "median": 51756,
   "max": 77061,
   "unit": "ms"
  },
  "refresh_count": 772,
  "flush_time": 501150,
  "flush_time_per_shard": {
   "min": 0,
   "median": 9675,
   "max": 20683,
   "unit": "ms"
  },
  "flush_count": 48,
  "merge_throttle_time": 331459,
  "merge_throttle_time_per_shard": {
   "min": 0,
   "median": 6555,
   "max": 15650,
   "unit": "ms"
  },
  "ml_processing_time": [],
  "young_gc_time": 140881,
  "young_gc_count": 2717,
  "old_gc_time": 0,
  "old_gc_count": 0,
  "memory_segments": 0,
  "memory_doc_values": 0,
  "memory_terms": 0,
  "memory_norms": 0,
  "memory_points": 0,
  "memory_stored_fields": 0,
  "store_size": 94068350980,
  "translog_size": 66306925955,
  "segment_count": 1521,
  "total_transform_search_times": [],
  "total_transform_index_times": [],
  "total_transform_processing_times": [],
  "total_transform_throughput": []
 },
 "workload-revision": "32d8806",
 "test_procedure": "append-no-conflicts",
 "workload-params": {
  "bulk_indexing_clients": 100,
  "bulk_size": 10000
 }
}