{
 "benchmark-version": "2.0.0",
 "benchmark-revision": null,
 "environment": "local",
 "test-run-id": "d6088f0a-cc1d-4505-8e91-74a2056a33fd",
 "test-run-timestamp": "20251008T010155Z",
 "pipeline": "benchmark-only",
 "user-tags": {},
 "workload": "nyc_taxis",
 "cluster-config-instance": [
  "external"
 ],
 "cluster": {
  "revision": "8ff7c6ee924a49f0f59f80a6e1c73073c8904214",
  "distribution-version": "3.1.0",
  "distribution-flavor": "oss",
  "cluster-config-revision": null
 },
 "results": {
  "op_metrics": [
   {
    "task": "index",
    "operation": "index",
    "throughput": {
     "min": 483032.739535695,
     "mean": 486763.943634431,
     "median": 486415.88373660145,
     "max": 490108.23311536585,
     "unit": "docs/s"
    },
    "latency": {
     "50_0": 1946.1194110044744,
     "90_0": 3616.939232993172,
     "99_0": 4788.47493371577,
     "99_9": 5525.215377804361,
     "100_0": 6611.765238980297,
     "mean": 2024.3813220752907,
     "unit": "ms"
    },
    "service_time": {
     "50_0": 1946.1194110044744,
     "90_0": 3616.939232993172,
     "99_0": 4788.47493371577,
     "99_9": 5525.215377804361,
     "100_0": 6611.765238980297,
     "mean": 2024.3813220752907,
     "unit": "ms"
    },
    "client_processing_time": {
     "50_0": 1.298560033319518,
     "90_0": 1.3787810050416738,
     "99_0": 3.8452565635088463,
     "99_9": 40.2445109408583,
     "100_0": 71.31157600088045,
     "mean": 1.4478283756193948,
     "unit": "ms"
    },
    "processing_time": {
     "50_0": 1949.3573490181006,
     "90_0": 3619.8111942096143,
     "99_0": 4790.740359763148,
     "99_9": 5528.061949953091,
     "100_0": 6614.5341109950095,
     "mean": 2028.4294123867026,
     "unit": "ms"
    },
    "error_rate": 0.0,
    "duration": 340463.48620401113
   }
  ],
  "correctness_metrics": [
   {
    "task": "index",
    "operation": "index",
    "recall@k": {},
    "recall@1": {},
    "error_rate": 0.0,
    "duration": 340463.48620401113
   }
  ],
  "profile_metrics": [],
  "total_time": 58925121,
  "total_time_per_shard": {
   "min": 18,
   "median": 1210122,
   "max": 1496411,
   "unit": "ms"
  },
  "indexing_throttle_time": 0,
  "indexing_throttle_time_per_shard": {
   "min": 0,
   "median": 0,
   "max": 0,
   "unit": "ms"
  },
  "merge_time": 12624148,
  "merge_time_per_shard": {
   "min": 0,
   "median": 259387,
   "max": 355362,
   "unit": "ms"
  },
  "merge_count": 969,
  "refresh_time": 2647908,
  "refresh_time_per_shard": {
   "min": 191,
   "median": 53697,
   "max": 84354,
   "unit": "ms"
  },
  "refresh_count": 732,
  "flush_time": 683847,
  "flush_time_per_shard": {
   "min": 0,
   "median": 13326,
   "max": 22629,
   "unit": "ms"
  },
  "flush_count": 48,
  "merge_throttle_time": 401787,
  "merge_throttle_time_per_shard": {
   "min": 0,
   "median": 7675,
   "max": 17852,
   "unit": "ms"
  },
  "ml_processing_time": [],
  "young_gc_time": 99455,
  "young_gc_count": 1908,
  "old_gc_time": 0,
  "old_gc_count": 0,
  "memory_segments": 0,
  "memory_doc_values": 0,
  "memory_terms": 0,
  "memory_norms": 0,
  "memory_points": 0,
  "memory_stored_fields": 0,
  "store_size": 98909760608,
  "translog_size": 65404916890,
  "segment_count": 1606,
  "total_transform_search_times": [],
  "total_transform_index_times": [],
  "total_transform_processing_times": [],
  "total_transform_throughput": []
 },
 "workload-revision": "32d8806",
 "test_procedure": "append-no-conflicts",
 "workload-params": {
  "bulk_indexing_clients": 100,
  "bulk_size": 10000
 }
}