{
  "test_run_id": "0df69782-8e20-48a3-bc18-c565869794e8",
  "throughput": {
    "min": 484734.69528578717,
    "mean": 492933.6443659139,
    "median": 492759.79611170414,
    "max": 498283.67565863393,
    "unit": "docs/s"
  },
  "latency": {
    "50_0": 955.0951269920915,
    "90_0": 2270.882952492684,
    "99_0": 3441.257805498026,
    "99_9": 4334.90990972278,
    "100_0": 4777.256165980361,
    "mean": 1218.8415891164843,
    "unit": "ms"
  },
  "service_time": {
    "50_0": 955.0951269920915,
    "90_0": 2270.882952492684,
    "99_0": 3441.257805498026,
    "99_9": 4334.90990972278,
    "100_0": 4777.256165980361,
    "mean": 1218.8415891164843,
    "unit": "ms"
  },
  "error_rate": 0.0
}
