{
  "test_run_id": "0f8e95eb-7b43-4b56-8cd7-fafa2b79f323",
  "throughput": {
    "min": 467040.85683256906,
    "mean": 472869.08750632586,
    "median": 473093.44498188567,
    "max": 474220.4018317828,
    "unit": "docs/s"
  },
  "latency": {
    "50_0": 896.1504479811992,
    "90_0": 2325.0134906033063,
    "99_0": 3402.7268574864133,
    "99_9": 4157.142460958514,
    "100_0": 5208.670328982407,
    "mean": 1195.124546408791,
    "unit": "ms"
  },
  "service_time": {
    "50_0": 896.1504479811992,
    "90_0": 2325.0134906033063,
    "99_0": 3402.7268574864133,
    "99_9": 4157.142460958514,
    "100_0": 5208.670328982407,
    "mean": 1195.124546408791,
    "unit": "ms"
  },
  "error_rate": 0.0
}
