{
  "test_run_id": "f6f31861-2489-4706-a6f0-a8f4027630c6",
  "throughput": {
    "min": 477810.8374892865,
    "mean": 489289.30652731546,
    "median": 488109.4532468363,
    "max": 495933.57171448116,
    "unit": "docs/s"
  },
  "latency": {
    "50_0": 889.6071010094602,
    "90_0": 2355.005143006565,
    "99_0": 3094.910311413695,
    "99_9": 3580.4883229558604,
    "100_0": 3855.199891986558,
    "mean": 1210.4796586036116,
    "unit": "ms"
  },
  "service_time": {
    "50_0": 889.6071010094602,
    "90_0": 2355.005143006565,
    "99_0": 3094.910311413695,
    "99_9": 3580.4883229558604,
    "100_0": 3855.199891986558,
    "mean": 1210.4796586036116,
    "unit": "ms"
  },
  "error_rate": 0.0
}
