{
 "benchmark-version": "2.0.0",
 "benchmark-revision": null,
 "environment": "local",
 "test-run-id": "87565355-0e2c-4b59-8830-5d92845c5851",
 "test-run-timestamp": "20251007T145619Z",
 "pipeline": "benchmark-only",
 "user-tags": {},
 "workload": "nyc_taxis",
 "cluster-config-instance": [
  "external"
 ],
 "cluster": {
  "revision": "8ff7c6ee924a49f0f59f80a6e1c73073c8904214",
  "distribution-version": "3.1.0",
  "distribution-flavor": "oss",
  "cluster-config-revision": null
 },
 "results": {
  "op_metrics": [
   {
    "task": "index",
    "operation": "index",
    "throughput": {
     "min": 474566.49251277803,
     "mean": 486703.2996323079,
     "median": 486599.12070026726,
     "max": 491887.6304763438,
     "unit": "docs/s"
    },
    "latency": {
     "50_0": 1030.5822925147368,
     "90_0": 2289.910911108019,
     "99_0": 3085.4576674822624,
     "99_9": 3654.970318661366,
     "100_0": 4328.860859997803,
     "mean": 1244.5192521691088,
     "unit": "ms"
    },
    "service_time": {
     "50_0": 1030.5822925147368,
     "90_0": 2289.910911108019,
     "99_0": 3085.4576674822624,
     "99_9": 3654.970318661366,
     "100_0": 4328.860859997803,
     "mean": 1244.5192521691088,
     "unit": "ms"
    },
    "client_processing_time": {
     "50_0": 1.3062820071354508,
     "90_0": 1.396822920651175,
     "99_0": 35.59131542395345,
     "99_9": 73.05990491993738,
     "100_0": 82.37451099557802,
     "mean": 1.8177807598067668,
     "unit": "ms"
    },
    "processing_time": {
     "50_0": 1040.0573585066013,
     "90_0": 2292.8824344009636,
     "99_0": 3093.497243636813,
     "99_9": 3658.744305515316,
     "100_0": 4331.832750001922,
     "mean": 1249.9023587860358,
     "unit": "ms"
    },
    "error_rate": 0.0,
    "duration": 346520.1596240222
   }
  ],
  "correctness_metrics": [
   {
    "task": "index",
    "operation": "index",
    "recall@k": {},
    "recall@1": {},
    "error_rate": 0.0,
    "duration": 346520.1596240222
   }
  ],
  "profile_metrics": [],
  "total_time": 46702755,
  "total_time_per_shard": {
   "min": 0,
   "median": 940551.5,
   "max": 1289548,
   "unit": "ms"
  },
  "indexing_throttle_time": 0,
  "indexing_throttle_time_per_shard": {
   "min": 0,
   "median": 0.0,
   "max": 0,
   "unit": "ms"
  },
  "merge_time": 8843433,
  "merge_time_per_shard": {
   "min": 0,
   "median": 183822.0,
   "max": 295127,
   "unit": "ms"
  },
  "merge_count": 743,
  "refresh_time": 1437884,
  "refresh_time_per_shard": {
   "min": 0,
   "median": 27613.0,
   "max": 46559,
   "unit": "ms"
  },
  "refresh_count": 660,
  "flush_time": 436555,
  "flush_time_per_shard": {
   "min": 0,
   "median": 7925.5,
   "max": 17016,
   "unit": "ms"
  },
  "flush_count": 50,
  "merge_throttle_time": 549910,
  "merge_throttle_time_per_shard": {
   "min": 0,
   "median": 10522.0,
   "max": 25191,
   "unit": "ms"
  },
  "ml_processing_time": [],
  "young_gc_time": 47770,
  "young_gc_count": 954,
  "old_gc_time": 0,
  "old_gc_count": 0,
  "memory_segments": 0,
  "memory_doc_values": 0,
  "memory_terms": 0,
  "memory_norms": 0,
  "memory_points": 0,
  "memory_stored_fields": 0,
  "store_size": 100790888282,
  "translog_size": 73265467134,
  "segment_count": 1458,
  "total_transform_search_times": [],
  "total_transform_index_times": [],
  "total_transform_processing_times": [],
  "total_transform_throughput": []
 },
 "workload-revision": "32d8806",
 "test_procedure": "append-no-conflicts",
 "workload-params": {
  "bulk_indexing_clients": 60,
  "bulk_size": 10000
 }
}