{
  "test_run_id": "87565355-0e2c-4b59-8830-5d92845c5851",
  "throughput": {
    "min": 474566.49251277803,
    "mean": 486703.2996323079,
    "median": 486599.12070026726,
    "max": 491887.6304763438,
    "unit": "docs/s"
  },
  "latency": {
    "50_0": 1030.5822925147368,
    "90_0": 2289.910911108019,
    "99_0": 3085.4576674822624,
    "99_9": 3654.970318661366,
    "100_0": 4328.860859997803,
    "mean": 1244.5192521691088,
    "unit": "ms"
  },
  "service_time": {
    "50_0": 1030.5822925147368,
    "90_0": 2289.910911108019,
    "99_0": 3085.4576674822624,
    "99_9": 3654.970318661366,
    "100_0": 4328.860859997803,
    "mean": 1244.5192521691088,
    "unit": "ms"
  },
  "error_rate": 0.0
}
