{
  "test_run_id": "e94725c2-955a-4747-ab91-b52aa5732e08",
  "throughput": {
    "min": 473492.74234260205,
    "mean": 482397.77958780644,
    "median": 482347.26709196117,
    "max": 489564.5263925659,
    "unit": "docs/s"
  },
  "latency": {
    "50_0": 1195.5186970008072,
    "90_0": 2288.3882590103894,
    "99_0": 3065.2988762100117,
    "99_9": 3968.2828364090533,
    "100_0": 5423.37477800902,
    "mean": 1284.0330314244973,
    "unit": "ms"
  },
  "service_time": {
    "50_0": 1195.5186970008072,
    "90_0": 2288.3882590103894,
    "99_0": 3065.2988762100117,
    "99_9": 3968.2828364090533,
    "100_0": 5423.37477800902,
    "mean": 1284.0330314244973,
    "unit": "ms"
  },
  "error_rate": 0.0
}
