{
  "test_run_id": "6c412d63-59f2-4199-b555-22e9d3d07c05",
  "throughput": {
    "min": 446581.53460746846,
    "mean": 451850.4809103563,
    "median": 451682.9005408782,
    "max": 456638.2460593302,
    "unit": "docs/s"
  },
  "latency": {
    "50_0": 1241.2104579998413,
    "90_0": 2315.7516494131414,
    "99_0": 3148.3338627105672,
    "99_9": 4015.6987324606653,
    "100_0": 4452.454042999307,
    "mean": 1299.981570141495,
    "unit": "ms"
  },
  "service_time": {
    "50_0": 1241.2104579998413,
    "90_0": 2315.7516494131414,
    "99_0": 3148.3338627105672,
    "99_9": 4015.6987324606653,
    "100_0": 4452.454042999307,
    "mean": 1299.981570141495,
    "unit": "ms"
  },
  "error_rate": 0.0
}
