{
  "test_run_id": "947e41dd-cb07-4784-a8c0-d3879f6f4793",
  "throughput": {
    "min": 466733.84330574423,
    "mean": 474074.2380731054,
    "median": 473217.79355828936,
    "max": 479039.9379131854,
    "unit": "docs/s"
  },
  "latency": {
    "50_0": 1107.841681005084,
    "90_0": 2264.152624589042,
    "99_0": 3066.869260185049,
    "99_9": 3463.852636605344,
    "100_0": 3873.1540180160664,
    "mean": 1251.2913582465046,
    "unit": "ms"
  },
  "service_time": {
    "50_0": 1107.841681005084,
    "90_0": 2264.152624589042,
    "99_0": 3066.869260185049,
    "99_9": 3463.852636605344,
    "100_0": 3873.1540180160664,
    "mean": 1251.2913582465046,
    "unit": "ms"
  },
  "error_rate": 0.0
}
