{
  "test_run_id": "ee243b86-2216-4ebd-afbb-ee5ef95d22e2",
  "throughput": {
    "min": 476085.8457584112,
    "mean": 484033.9638466852,
    "median": 484022.188356891,
    "max": 488678.70639982447,
    "unit": "docs/s"
  },
  "latency": {
    "50_0": 1092.9211839975324,
    "90_0": 2278.7456810183357,
    "99_0": 3148.606942006154,
    "99_9": 3763.5579376446635,
    "100_0": 4027.175440976862,
    "mean": 1228.5026854460102,
    "unit": "ms"
  },
  "service_time": {
    "50_0": 1092.9211839975324,
    "90_0": 2278.7456810183357,
    "99_0": 3148.606942006154,
    "99_9": 3763.5579376446635,
    "100_0": 4027.175440976862,
    "mean": 1228.5026854460102,
    "unit": "ms"
  },
  "error_rate": 0.0
}
