{
  "test_run_id": "a6f33122-d38a-4bfd-9fd8-cb8da937d67d",
  "throughput": {
    "min": 448972.55746711104,
    "mean": 454373.4002370237,
    "median": 454497.25894971396,
    "max": 457322.89707860834,
    "unit": "docs/s"
  },
  "latency": {
    "50_0": 1148.6821449943818,
    "90_0": 2239.8676380107645,
    "99_0": 3120.8189771918137,
    "99_9": 3946.6221041127696,
    "100_0": 4329.689225007314,
    "mean": 1260.266685154015,
    "unit": "ms"
  },
  "service_time": {
    "50_0": 1148.6821449943818,
    "90_0": 2239.8676380107645,
    "99_0": 3120.8189771918137,
    "99_9": 3946.6221041127696,
    "100_0": 4329.689225007314,
    "mean": 1260.266685154015,
    "unit": "ms"
  },
  "error_rate": 0.0
}
