{
  "test_run_id": "4169b7cd-083f-47e6-8adf-90b62c6b6b93",
  "throughput": {
    "min": 445432.7174122641,
    "mean": 447983.31559170363,
    "median": 447687.84290081443,
    "max": 451930.0773720916,
    "unit": "docs/s"
  },
  "latency": {
    "50_0": 1287.7338585094549,
    "90_0": 2272.5294529955136,
    "99_0": 2986.8590789003056,
    "99_9": 3702.4361634502316,
    "100_0": 4554.723541979911,
    "mean": 1310.1882920842777,
    "unit": "ms"
  },
  "service_time": {
    "50_0": 1287.7338585094549,
    "90_0": 2272.5294529955136,
    "99_0": 2986.8590789003056,
    "99_9": 3702.4361634502316,
    "100_0": 4554.723541979911,
    "mean": 1310.1882920842777,
    "unit": "ms"
  },
  "error_rate": 0.0
}
