{
  "test_run_id": "bf6376a3-2f60-43f6-aace-d8cec235b10e",
  "throughput": {
    "min": 480057.05488163314,
    "mean": 488757.8162579323,
    "median": 488459.60845265986,
    "max": 495149.1788449223,
    "unit": "docs/s"
  },
  "latency": {
    "50_0": 1163.719725998817,
    "90_0": 2211.596342996927,
    "99_0": 3115.718544210538,
    "99_9": 3799.9560553330252,
    "100_0": 4100.814867008012,
    "mean": 1244.876668912805,
    "unit": "ms"
  },
  "service_time": {
    "50_0": 1163.719725998817,
    "90_0": 2211.596342996927,
    "99_0": 3115.718544210538,
    "99_9": 3799.9560553330252,
    "100_0": 4100.814867008012,
    "mean": 1244.876668912805,
    "unit": "ms"
  },
  "error_rate": 0.0
}
