{
  "test_run_id": "e4e29051-8244-49c6-a4b0-60aa8772bbd6",
  "throughput": {
    "min": 447832.131201738,
    "mean": 454944.11982489686,
    "median": 454445.30376754736,
    "max": 461145.0808591979,
    "unit": "docs/s"
  },
  "latency": {
    "50_0": 1287.6570769876707,
    "90_0": 2275.7853913994045,
    "99_0": 3015.25710656948,
    "99_9": 3693.6831991883464,
    "100_0": 3960.4604530031793,
    "mean": 1324.8990045606045,
    "unit": "ms"
  },
  "service_time": {
    "50_0": 1287.6570769876707,
    "90_0": 2275.7853913994045,
    "99_0": 3015.25710656948,
    "99_9": 3693.6831991883464,
    "100_0": 3960.4604530031793,
    "mean": 1324.8990045606045,
    "unit": "ms"
  },
  "error_rate": 0.0
}
