{
 "benchmark-version": "2.0.0",
 "benchmark-revision": null,
 "environment": "local",
 "test-run-id": "a6f33122-d38a-4bfd-9fd8-cb8da937d67d",
 "test-run-timestamp": "20251007T154353Z",
 "pipeline": "benchmark-only",
 "user-tags": {},
 "workload": "nyc_taxis",
 "cluster-config-instance": [
  "external"
 ],
 "cluster": {
  "revision": "8ff7c6ee924a49f0f59f80a6e1c73073c8904214",
  "distribution-version": "3.1.0",
  "distribution-flavor": "oss",
  "cluster-config-revision": null
 },
 "results": {
  "op_metrics": [
   {
    "task": "index",
    "operation": "index",
    "throughput": {
     "min": 448972.55746711104,
     "mean": 454373.4002370237,
     "median": 454497.25894971396,
     "max": 457322.89707860834,
     "unit": "docs/s"
    },
    "latency": {
     "50_0": 1148.6821449943818,
     "90_0": 2239.8676380107645,
     "99_0": 3120.8189771918137,
     "99_9": 3946.6221041127696,
     "100_0": 4329.689225007314,
     "mean": 1260.266685154015,
     "unit": "ms"
    },
    "service_time": {
     "50_0": 1148.6821449943818,
     "90_0": 2239.8676380107645,
     "99_0": 3120.8189771918137,
     "99_9": 3946.6221041127696,
     "100_0": 4329.689225007314,
     "mean": 1260.266685154015,
     "unit": "ms"
    },
    "client_processing_time": {
     "50_0": 1.3040059711784124,
     "90_0": 1.3944510137662292,
     "99_0": 33.04802838247277,
     "99_9": 43.865056117065286,
     "100_0": 70.04048698581755,
     "mean": 1.6580935594565211,
     "unit": "ms"
    },
    "processing_time": {
     "50_0": 1154.5116959896404,
     "90_0": 2244.9054929893464,
     "99_0": 3127.9322177986646,
     "99_9": 3949.6120712685056,
     "100_0": 4369.976217974909,
     "mean": 1264.6556764210632,
     "unit": "ms"
    },
    "error_rate": 0.0,
    "duration": 364783.9839590015
   }
  ],
  "correctness_metrics": [
   {
    "task": "index",
    "operation": "index",
    "recall@k": {},
    "recall@1": {},
    "error_rate": 0.0,
    "duration": 364783.9839590015
   }
  ],
  "profile_metrics": [],
  "total_time": 48573908,
  "total_time_per_shard": {
   "min": 0,
   "median": 975995.5,
   "max": 1443219,
   "unit": "ms"
  },
  "indexing_throttle_time": 0,
  "indexing_throttle_time_per_shard": {
   "min": 0,
   "median": 0.0,
   "max": 0,
   "unit": "ms"
  },
  "merge_time": 10105853,
  "merge_time_per_shard": {
   "min": 0,
   "median": 204086.5,
   "max": 294135,
   "unit": "ms"
  },
  "merge_count": 1040,
  "refresh_time": 1759325,
  "refresh_time_per_shard": {
   "min": 0,
   "median": 34919.5,
   "max": 59049,
   "unit": "ms"
  },
  "refresh_count": 851,
  "flush_time": 349826,
  "flush_time_per_shard": {
   "min": 0,
   "median": 7040.5,
   "max": 11046,
   "unit": "ms"
  },
  "flush_count": 49,
  "merge_throttle_time": 475297,
  "merge_throttle_time_per_shard": {
   "min": 0,
   "median": 9329.5,
   "max": 19923,
   "unit": "ms"
  },
  "ml_processing_time": [],
  "young_gc_time": 106144,
  "young_gc_count": 2505,
  "old_gc_time": 0,
  "old_gc_count": 0,
  "memory_segments": 0,
  "memory_doc_values": 0,
  "memory_terms": 0,
  "memory_norms": 0,
  "memory_points": 0,
  "memory_stored_fields": 0,
  "store_size": 95918998944,
  "translog_size": 74990608742,
  "segment_count": 1368,
  "total_transform_search_times": [],
  "total_transform_index_times": [],
  "total_transform_processing_times": [],
  "total_transform_throughput": []
 },
 "workload-revision": "32d8806",
 "test_procedure": "append-no-conflicts",
 "workload-params": {
  "bulk_indexing_clients": 60,
  "bulk_size": 10000
 }
}