{
 "benchmark-version": "2.0.0",
 "benchmark-revision": null,
 "environment": "local",
 "test-run-id": "947e41dd-cb07-4784-a8c0-d3879f6f4793",
 "test-run-timestamp": "20251007T155650Z",
 "pipeline": "benchmark-only",
 "user-tags": {},
 "workload": "nyc_taxis",
 "cluster-config-instance": [
  "external"
 ],
 "cluster": {
  "revision": "8ff7c6ee924a49f0f59f80a6e1c73073c8904214",
  "distribution-version": "3.1.0",
  "distribution-flavor": "oss",
  "cluster-config-revision": null
 },
 "results": {
  "op_metrics": [
   {
    "task": "index",
    "operation": "index",
    "throughput": {
     "min": 466733.84330574423,
     "mean": 474074.2380731054,
     "median": 473217.79355828936,
     "max": 479039.9379131854,
     "unit": "docs/s"
    },
    "latency": {
     "50_0": 1107.841681005084,
     "90_0": 2264.152624589042,
     "99_0": 3066.869260185049,
     "99_9": 3463.852636605344,
     "100_0": 3873.1540180160664,
     "mean": 1251.2913582465046,
     "unit": "ms"
    },
    "service_time": {
     "50_0": 1107.841681005084,
     "90_0": 2264.152624589042,
     "99_0": 3066.869260185049,
     "99_9": 3463.852636605344,
     "100_0": 3873.1540180160664,
     "mean": 1251.2913582465046,
     "unit": "ms"
    },
    "client_processing_time": {
     "50_0": 1.3039855111856014,
     "90_0": 1.3876475306460634,
     "99_0": 33.43191427062267,
     "99_9": 44.99297394300908,
     "100_0": 73.05964699480683,
     "mean": 1.6627379977440175,
     "unit": "ms"
    },
    "processing_time": {
     "50_0": 1111.8928830110235,
     "90_0": 2271.296623602393,
     "99_0": 3075.577815678844,
     "99_9": 3466.7701847297894,
     "100_0": 3876.138155988883,
     "mean": 1256.2423776681544,
     "unit": "ms"
    },
    "error_rate": 0.0,
    "duration": 352392.2143969976
   }
  ],
  "correctness_metrics": [
   {
    "task": "index",
    "operation": "index",
    "recall@k": {},
    "recall@1": {},
    "error_rate": 0.0,
    "duration": 352392.2143969976
   }
  ],
  "profile_metrics": [],
  "total_time": 42699256,
  "total_time_per_shard": {
   "min": 0,
   "median": 865048.5,
   "max": 1194794,
   "unit": "ms"
  },
  "indexing_throttle_time": 0,
  "indexing_throttle_time_per_shard": {
   "min": 0,
   "median": 0.0,
   "max": 0,
   "unit": "ms"
  },
  "merge_time": 9905336,
  "merge_time_per_shard": {
   "min": 0,
   "median": 201485.5,
   "max": 299484,
   "unit": "ms"
  },
  "merge_count": 961,
  "refresh_time": 1467086,
  "refresh_time_per_shard": {
   "min": 1,
   "median": 28668.5,
   "max": 55726,
   "unit": "ms"
  },
  "refresh_count": 828,
  "flush_time": 454673,
  "flush_time_per_shard": {
   "min": 0,
   "median": 9064.5,
   "max": 16393,
   "unit": "ms"
  },
  "flush_count": 51,
  "merge_throttle_time": 526896,
  "merge_throttle_time_per_shard": {
   "min": 0,
   "median": 11198.5,
   "max": 20812,
   "unit": "ms"
  },
  "ml_processing_time": [],
  "young_gc_time": 95598,
  "young_gc_count": 2478,
  "old_gc_time": 0,
  "old_gc_count": 0,
  "memory_segments": 0,
  "memory_doc_values": 0,
  "memory_terms": 0,
  "memory_norms": 0,
  "memory_points": 0,
  "memory_stored_fields": 0,
  "store_size": 97444303801,
  "translog_size": 75383014931,
  "segment_count": 1457,
  "total_transform_search_times": [],
  "total_transform_index_times": [],
  "total_transform_processing_times": [],
  "total_transform_throughput": []
 },
 "workload-revision": "32d8806",
 "test_procedure": "append-no-conflicts",
 "workload-params": {
  "bulk_indexing_clients": 60,
  "bulk_size": 10000
 }
}