{
  "test_run_id": "423daabc-dff0-421e-96fe-b912fd01fec2",
  "throughput": {
    "min": 469164.7860088996,
    "mean": 475399.94858458923,
    "median": 475345.01166104025,
    "max": 480988.02488463104,
    "unit": "docs/s"
  },
  "latency": {
    "50_0": 1123.594825519831,
    "90_0": 2229.5732054073596,
    "99_0": 2974.092537983088,
    "99_9": 3451.8041795438635,
    "100_0": 3944.3877220037393,
    "mean": 1258.2688539216977,
    "unit": "ms"
  },
  "service_time": {
    "50_0": 1123.594825519831,
    "90_0": 2229.5732054073596,
    "99_0": 2974.092537983088,
    "99_9": 3451.8041795438635,
    "100_0": 3944.3877220037393,
    "mean": 1258.2688539216977,
    "unit": "ms"
  },
  "error_rate": 0.0
}
