{
  "test_run_id": "82210efc-e5ef-4a6e-a867-b55aba71e862",
  "throughput": {
    "min": 452950.50581229443,
    "mean": 459287.02280574624,
    "median": 458831.6450933815,
    "max": 467513.7815119002,
    "unit": "docs/s"
  },
  "latency": {
    "50_0": 1293.1230340036564,
    "90_0": 2329.3493266945015,
    "99_0": 3073.1233304171487,
    "99_9": 3799.015816186353,
    "100_0": 4542.496357025811,
    "mean": 1335.9442458438841,
    "unit": "ms"
  },
  "service_time": {
    "50_0": 1293.1230340036564,
    "90_0": 2329.3493266945015,
    "99_0": 3073.1233304171487,
    "99_9": 3799.015816186353,
    "100_0": 4542.496357025811,
    "mean": 1335.9442458438841,
    "unit": "ms"
  },
  "error_rate": 0.0
}
