{
  "test_run_id": "702b581a-a959-43a9-adb7-7645bfaf6b1f",
  "throughput": {
    "min": 457507.2579119142,
    "mean": 463580.2145860689,
    "median": 463537.81919468346,
    "max": 467953.9283949289,
    "unit": "docs/s"
  },
  "latency": {
    "50_0": 1165.9789830155205,
    "90_0": 2306.567059393273,
    "99_0": 3075.8761989936465,
    "99_9": 3821.8644352784036,
    "100_0": 4191.913985996507,
    "mean": 1280.8335052814027,
    "unit": "ms"
  },
  "service_time": {
    "50_0": 1165.9789830155205,
    "90_0": 2306.567059393273,
    "99_0": 3075.8761989936465,
    "99_9": 3821.8644352784036,
    "100_0": 4191.913985996507,
    "mean": 1280.8335052814027,
    "unit": "ms"
  },
  "error_rate": 0.0
}
