{
  "test_run_id": "666547c3-9093-41fc-950d-e835c555100c",
  "throughput": {
    "min": 461828.1741816373,
    "mean": 467698.5309107451,
    "median": 467612.8109811429,
    "max": 472444.2015326262,
    "unit": "docs/s"
  },
  "latency": {
    "50_0": 1183.5315700154752,
    "90_0": 2211.92743339343,
    "99_0": 3006.8025796179404,
    "99_9": 4404.742041120651,
    "100_0": 5191.019663994666,
    "mean": 1267.5950093829388,
    "unit": "ms"
  },
  "service_time": {
    "50_0": 1183.5315700154752,
    "90_0": 2211.92743339343,
    "99_0": 3006.8025796179404,
    "99_9": 4404.742041120651,
    "100_0": 5191.019663994666,
    "mean": 1267.5950093829388,
    "unit": "ms"
  },
  "error_rate": 0.0
}
