{
  "test_run_id": "a1ae56c9-76d3-4af5-a207-49853d1be977",
  "throughput": {
    "min": 447947.0348119476,
    "mean": 454663.43786729936,
    "median": 454785.4379729498,
    "max": 459075.2230506796,
    "unit": "docs/s"
  },
  "latency": {
    "50_0": 1319.9032514967257,
    "90_0": 2213.2395127002383,
    "99_0": 2975.438860043068,
    "99_9": 4345.281268710039,
    "100_0": 4965.666956995847,
    "mean": 1309.9221201131327,
    "unit": "ms"
  },
  "service_time": {
    "50_0": 1319.9032514967257,
    "90_0": 2213.2395127002383,
    "99_0": 2975.438860043068,
    "99_9": 4345.281268710039,
    "100_0": 4965.666956995847,
    "mean": 1309.9221201131327,
    "unit": "ms"
  },
  "error_rate": 0.0
}
