{
  "test_run_id": "1d08f38e-bde0-46e2-b209-018cc110adb6",
  "throughput": {
    "min": 440775.174682177,
    "mean": 446833.5651842988,
    "median": 446355.6251213518,
    "max": 452349.9369527867,
    "unit": "docs/s"
  },
  "latency": {
    "50_0": 1342.531912989216,
    "90_0": 2223.1935504823923,
    "99_0": 2946.2345424055825,
    "99_9": 3517.0341786649165,
    "100_0": 3715.3844199783634,
    "mean": 1328.3994441769478,
    "unit": "ms"
  },
  "service_time": {
    "50_0": 1342.531912989216,
    "90_0": 2223.1935504823923,
    "99_0": 2946.2345424055825,
    "99_9": 3517.0341786649165,
    "100_0": 3715.3844199783634,
    "mean": 1328.3994441769478,
    "unit": "ms"
  },
  "error_rate": 0.0
}
