{
  "test_run_id": "c75d1cbc-7344-4acf-b263-84b7b28775af",
  "throughput": {
    "min": 437256.0897745587,
    "mean": 443265.1749557205,
    "median": 443463.78830808884,
    "max": 447419.1643944045,
    "unit": "docs/s"
  },
  "latency": {
    "50_0": 1403.9523839892354,
    "90_0": 2186.7530892952345,
    "99_0": 2812.4006561108404,
    "99_9": 3312.600692347682,
    "100_0": 3610.5458450037986,
    "mean": 1343.1293866453548,
    "unit": "ms"
  },
  "service_time": {
    "50_0": 1403.9523839892354,
    "90_0": 2186.7530892952345,
    "99_0": 2812.4006561108404,
    "99_9": 3312.600692347682,
    "100_0": 3610.5458450037986,
    "mean": 1343.1293866453548,
    "unit": "ms"
  },
  "error_rate": 0.0
}
