{
 "benchmark-version": "2.0.0",
 "benchmark-revision": null,
 "environment": "local",
 "test-run-id": "c75d1cbc-7344-4acf-b263-84b7b28775af",
 "test-run-timestamp": "20251007T164656Z",
 "pipeline": "benchmark-only",
 "user-tags": {},
 "workload": "nyc_taxis",
 "cluster-config-instance": [
  "external"
 ],
 "cluster": {
  "revision": "8ff7c6ee924a49f0f59f80a6e1c73073c8904214",
  "distribution-version": "3.1.0",
  "distribution-flavor": "oss",
  "cluster-config-revision": null
 },
 "results": {
  "op_metrics": [
   {
    "task": "index",
    "operation": "index",
    "throughput": {
     "min": 437256.0897745587,
     "mean": 443265.1749557205,
     "median": 443463.78830808884,
     "max": 447419.1643944045,
     "unit": "docs/s"
    },
    "latency": {
     "50_0": 1403.9523839892354,
     "90_0": 2186.7530892952345,
     "99_0": 2812.4006561108404,
     "99_9": 3312.600692347682,
     "100_0": 3610.5458450037986,
     "mean": 1343.1293866453548,
     "unit": "ms"
    },
    "service_time": {
     "50_0": 1403.9523839892354,
     "90_0": 2186.7530892952345,
     "99_0": 2812.4006561108404,
     "99_9": 3312.600692347682,
     "100_0": 3610.5458450037986,
     "mean": 1343.1293866453548,
     "unit": "ms"
    },
    "client_processing_time": {
     "50_0": 1.3162255054339767,
     "90_0": 1.4126691065030172,
     "99_0": 4.327824936481197,
     "99_9": 42.460602394451065,
     "100_0": 74.53151201480068,
     "mean": 1.5193249514058307,
     "unit": "ms"
    },
    "processing_time": {
     "50_0": 1407.7681914932327,
     "90_0": 2191.6521554143405,
     "99_0": 2815.269334664918,
     "99_9": 3315.051378919046,
     "100_0": 3613.7874599953648,
     "mean": 1347.524475413967,
     "unit": "ms"
    },
    "error_rate": 0.0,
    "duration": 374966.7058319901
   }
  ],
  "correctness_metrics": [
   {
    "task": "index",
    "operation": "index",
    "recall@k": {},
    "recall@1": {},
    "error_rate": 0.0,
    "duration": 374966.7058319901
   }
  ],
  "profile_metrics": [],
  "total_time": 46540682,
  "total_time_per_shard": {
   "min": 0,
   "median": 939973.5,
   "max": 1205345,
   "unit": "ms"
  },
  "indexing_throttle_time": 0,
  "indexing_throttle_time_per_shard": {
   "min": 0,
   "median": 0.0,
   "max": 0,
   "unit": "ms"
  },
  "merge_time": 11971871,
  "merge_time_per_shard": {
   "min": 0,
   "median": 245802.0,
   "max": 332428,
   "unit": "ms"
  },
  "merge_count": 1330,
  "refresh_time": 2111537,
  "refresh_time_per_shard": {
   "min": 1,
   "median": 42078.5,
   "max": 68339,
   "unit": "ms"
  },
  "refresh_count": 1111,
  "flush_time": 300327,
  "flush_time_per_shard": {
   "min": 0,
   "median": 5568.5,
   "max": 12544,
   "unit": "ms"
  },
  "flush_count": 50,
  "merge_throttle_time": 468580,
  "merge_throttle_time_per_shard": {
   "min": 0,
   "median": 9651.5,
   "max": 17715,
   "unit": "ms"
  },
  "ml_processing_time": [],
  "young_gc_time": 202468,
  "young_gc_count": 4733,
  "old_gc_time": 0,
  "old_gc_count": 0,
  "memory_segments": 0,
  "memory_doc_values": 0,
  "memory_terms": 0,
  "memory_norms": 0,
  "memory_points": 0,
  "memory_stored_fields": 0,
  "store_size": 97597122827,
  "translog_size": 74614899722,
  "segment_count": 1418,
  "total_transform_search_times": [],
  "total_transform_index_times": [],
  "total_transform_processing_times": [],
  "total_transform_throughput": []
 },
 "workload-revision": "32d8806",
 "test_procedure": "append-no-conflicts",
 "workload-params": {
  "bulk_indexing_clients": 60,
  "bulk_size": 10000
 }
}