{
  "test_run_id": "10252a82-dd04-41a0-8d73-7a03623fcbb3",
  "throughput": {
    "min": 416707.0567087378,
    "mean": 418822.12809648627,
    "median": 418673.02070248243,
    "max": 423846.2130998311,
    "unit": "docs/s"
  },
  "latency": {
    "50_0": 1440.737402997911,
    "90_0": 2348.141087393742,
    "99_0": 2999.743810928187,
    "99_9": 3659.784763596488,
    "100_0": 4113.394509011414,
    "mean": 1403.4430324217524,
    "unit": "ms"
  },
  "service_time": {
    "50_0": 1440.737402997911,
    "90_0": 2348.141087393742,
    "99_0": 2999.743810928187,
    "99_9": 3659.784763596488,
    "100_0": 4113.394509011414,
    "mean": 1403.4430324217524,
    "unit": "ms"
  },
  "error_rate": 0.0
}
