{
  "test_run_id": "d1039b6f-2797-4c95-8f54-5829a0c112d1",
  "throughput": {
    "min": 487652.09113519185,
    "mean": 490321.2202248806,
    "median": 490315.0744244845,
    "max": 493303.210040925,
    "unit": "docs/s"
  },
  "latency": {
    "50_0": 956.2170809949748,
    "90_0": 2811.685422202572,
    "99_0": 3952.4244929413503,
    "99_9": 4869.818096261263,
    "100_0": 5113.713476981502,
    "mean": 1362.5930673336954,
    "unit": "ms"
  },
  "service_time": {
    "50_0": 956.2170809949748,
    "90_0": 2811.685422202572,
    "99_0": 3952.4244929413503,
    "99_9": 4869.818096261263,
    "100_0": 5113.713476981502,
    "mean": 1362.5930673336954,
    "unit": "ms"
  },
  "error_rate": 0.0
}
