{
  "test_run_id": "5c950448-3e86-4726-a541-800eed02962c",
  "throughput": {
    "min": 494963.926263104,
    "mean": 500447.81743684766,
    "median": 500312.22068937495,
    "max": 503949.11446708906,
    "unit": "docs/s"
  },
  "latency": {
    "50_0": 986.729322001338,
    "90_0": 2792.011666996405,
    "99_0": 3864.310989492806,
    "99_9": 4765.400584095628,
    "100_0": 4831.986382021569,
    "mean": 1358.3288287402972,
    "unit": "ms"
  },
  "service_time": {
    "50_0": 986.729322001338,
    "90_0": 2792.011666996405,
    "99_0": 3864.310989492806,
    "99_9": 4765.400584095628,
    "100_0": 4831.986382021569,
    "mean": 1358.3288287402972,
    "unit": "ms"
  },
  "error_rate": 0.0
}
