{
 "benchmark-version": "2.0.0",
 "benchmark-revision": null,
 "environment": "local",
 "test-run-id": "79b0ac76-fde8-493e-b01d-1b5c76c59080",
 "test-run-timestamp": "20251007T181244Z",
 "pipeline": "benchmark-only",
 "user-tags": {},
 "workload": "nyc_taxis",
 "cluster-config-instance": [
  "external"
 ],
 "cluster": {
  "revision": "8ff7c6ee924a49f0f59f80a6e1c73073c8904214",
  "distribution-version": "3.1.0",
  "distribution-flavor": "oss",
  "cluster-config-revision": null
 },
 "results": {
  "op_metrics": [
   {
    "task": "index",
    "operation": "index",
    "throughput": {
     "min": 497785.09676583746,
     "mean": 504859.47876684496,
     "median": 505575.0590718466,
     "max": 507918.41281677084,
     "unit": "docs/s"
    },
    "latency": {
     "50_0": 921.810710002319,
     "90_0": 2852.1595204801997,
     "99_0": 3902.279903637827,
     "99_9": 4617.163898958631,
     "100_0": 6870.979797007749,
     "mean": 1366.652983490599,
     "unit": "ms"
    },
    "service_time": {
     "50_0": 921.810710002319,
     "90_0": 2852.1595204801997,
     "99_0": 3902.279903637827,
     "99_9": 4617.163898958631,
     "100_0": 6870.979797007749,
     "mean": 1366.652983490599,
     "unit": "ms"
    },
    "client_processing_time": {
     "50_0": 1.3067439722362906,
     "90_0": 1.4048919983906671,
     "99_0": 6.562267486879121,
     "99_9": 38.2804406505605,
     "100_0": 69.34413601993583,
     "mean": 1.5886219676721454,
     "unit": "ms"
    },
    "processing_time": {
     "50_0": 926.7352390015731,
     "90_0": 2855.1049179804977,
     "99_0": 3907.775030843913,
     "99_9": 4620.010146667434,
     "100_0": 6873.796989995753,
     "mean": 1370.474839470659,
     "unit": "ms"
    },
    "error_rate": 0.0,
    "duration": 331243.0749119958
   }
  ],
  "correctness_metrics": [
   {
    "task": "index",
    "operation": "index",
    "recall@k": {},
    "recall@1": {},
    "error_rate": 0.0,
    "duration": 331243.0749119958
   }
  ],
  "profile_metrics": [],
  "total_time": 50463889,
  "total_time_per_shard": {
   "min": 11,
   "median": 1048314,
   "max": 1230667,
   "unit": "ms"
  },
  "indexing_throttle_time": 0,
  "indexing_throttle_time_per_shard": {
   "min": 0,
   "median": 0,
   "max": 0,
   "unit": "ms"
  },
  "merge_time": 9452502,
  "merge_time_per_shard": {
   "min": 0,
   "median": 193439,
   "max": 270490,
   "unit": "ms"
  },
  "merge_count": 706,
  "refresh_time": 1554012,
  "refresh_time_per_shard": {
   "min": 99,
   "median": 31102,
   "max": 53653,
   "unit": "ms"
  },
  "refresh_count": 630,
  "flush_time": 560742,
  "flush_time_per_shard": {
   "min": 0,
   "median": 9428,
   "max": 22450,
   "unit": "ms"
  },
  "flush_count": 48,
  "merge_throttle_time": 432195,
  "merge_throttle_time_per_shard": {
   "min": 0,
   "median": 8300,
   "max": 23414,
   "unit": "ms"
  },
  "ml_processing_time": [],
  "young_gc_time": 61445,
  "young_gc_count": 966,
  "old_gc_time": 0,
  "old_gc_count": 0,
  "memory_segments": 0,
  "memory_doc_values": 0,
  "memory_terms": 0,
  "memory_norms": 0,
  "memory_points": 0,
  "memory_stored_fields": 0,
  "store_size": 96163764240,
  "translog_size": 70271708621,
  "segment_count": 1388,
  "total_transform_search_times": [],
  "total_transform_index_times": [],
  "total_transform_processing_times": [],
  "total_transform_throughput": []
 },
 "workload-revision": "32d8806",
 "test_procedure": "append-no-conflicts",
 "workload-params": {
  "bulk_indexing_clients": 70,
  "bulk_size": 10000
 }
}