{
  "test_run_id": "6fc029cf-8f32-44db-8e4c-fd2c467c0245",
  "throughput": {
    "min": 499000.38811750134,
    "mean": 506641.93154271663,
    "median": 506858.9467867136,
    "max": 512309.43817723385,
    "unit": "docs/s"
  },
  "latency": {
    "50_0": 947.5015749922022,
    "90_0": 2780.718667025212,
    "99_0": 3653.59158020001,
    "99_9": 4356.728056469021,
    "100_0": 5292.969008994987,
    "mean": 1385.4272776544121,
    "unit": "ms"
  },
  "service_time": {
    "50_0": 947.5015749922022,
    "90_0": 2780.718667025212,
    "99_0": 3653.59158020001,
    "99_9": 4356.728056469021,
    "100_0": 5292.969008994987,
    "mean": 1385.4272776544121,
    "unit": "ms"
  },
  "error_rate": 0.0
}
