{
  "test_run_id": "79b0ac76-fde8-493e-b01d-1b5c76c59080",
  "throughput": {
    "min": 497785.09676583746,
    "mean": 504859.47876684496,
    "median": 505575.0590718466,
    "max": 507918.41281677084,
    "unit": "docs/s"
  },
  "latency": {
    "50_0": 921.810710002319,
    "90_0": 2852.1595204801997,
    "99_0": 3902.279903637827,
    "99_9": 4617.163898958631,
    "100_0": 6870.979797007749,
    "mean": 1366.652983490599,
    "unit": "ms"
  },
  "service_time": {
    "50_0": 921.810710002319,
    "90_0": 2852.1595204801997,
    "99_0": 3902.279903637827,
    "99_9": 4617.163898958631,
    "100_0": 6870.979797007749,
    "mean": 1366.652983490599,
    "unit": "ms"
  },
  "error_rate": 0.0
}
