{
 "benchmark-version": "2.0.0",
 "benchmark-revision": null,
 "environment": "local",
 "test-run-id": "d1039b6f-2797-4c95-8f54-5829a0c112d1",
 "test-run-timestamp": "20251007T175449Z",
 "pipeline": "benchmark-only",
 "user-tags": {},
 "workload": "nyc_taxis",
 "cluster-config-instance": [
  "external"
 ],
 "cluster": {
  "revision": "8ff7c6ee924a49f0f59f80a6e1c73073c8904214",
  "distribution-version": "3.1.0",
  "distribution-flavor": "oss",
  "cluster-config-revision": null
 },
 "results": {
  "op_metrics": [
   {
    "task": "index",
    "operation": "index",
    "throughput": {
     "min": 487652.09113519185,
     "mean": 490321.2202248806,
     "median": 490315.0744244845,
     "max": 493303.210040925,
     "unit": "docs/s"
    },
    "latency": {
     "50_0": 956.2170809949748,
     "90_0": 2811.685422202572,
     "99_0": 3952.4244929413503,
     "99_9": 4869.818096261263,
     "100_0": 5113.713476981502,
     "mean": 1362.5930673336954,
     "unit": "ms"
    },
    "service_time": {
     "50_0": 956.2170809949748,
     "90_0": 2811.685422202572,
     "99_0": 3952.4244929413503,
     "99_9": 4869.818096261263,
     "100_0": 5113.713476981502,
     "mean": 1362.5930673336954,
     "unit": "ms"
    },
    "client_processing_time": {
     "50_0": 1.2985830253455788,
     "90_0": 1.4002590090967715,
     "99_0": 4.3788547813892205,
     "99_9": 36.92940293357455,
     "100_0": 97.9584610031452,
     "mean": 1.5031504178527162,
     "unit": "ms"
    },
    "processing_time": {
     "50_0": 961.763681989396,
     "90_0": 2814.4556150131393,
     "99_0": 3955.2448814368067,
     "99_9": 4872.680915350177,
     "100_0": 5134.446832991671,
     "mean": 1366.4904720638187,
     "unit": "ms"
    },
    "error_rate": 0.0,
    "duration": 332133.9406509942
   }
  ],
  "correctness_metrics": [
   {
    "task": "index",
    "operation": "index",
    "recall@k": {},
    "recall@1": {},
    "error_rate": 0.0,
    "duration": 332133.9406509942
   }
  ],
  "profile_metrics": [],
  "total_time": 48664343,
  "total_time_per_shard": {
   "min": 2587,
   "median": 1009306,
   "max": 1124342,
   "unit": "ms"
  },
  "indexing_throttle_time": 0,
  "indexing_throttle_time_per_shard": {
   "min": 0,
   "median": 0,
   "max": 0,
   "unit": "ms"
  },
  "merge_time": 7825768,
  "merge_time_per_shard": {
   "min": 166,
   "median": 157886,
   "max": 223242,
   "unit": "ms"
  },
  "merge_count": 604,
  "refresh_time": 1549990,
  "refresh_time_per_shard": {
   "min": 2098,
   "median": 32122,
   "max": 56418,
   "unit": "ms"
  },
  "refresh_count": 620,
  "flush_time": 594267,
  "flush_time_per_shard": {
   "min": 711,
   "median": 10124,
   "max": 26198,
   "unit": "ms"
  },
  "flush_count": 49,
  "merge_throttle_time": 455197,
  "merge_throttle_time_per_shard": {
   "min": 0,
   "median": 8986,
   "max": 18050,
   "unit": "ms"
  },
  "ml_processing_time": [],
  "young_gc_time": 67072,
  "young_gc_count": 1062,
  "old_gc_time": 0,
  "old_gc_count": 0,
  "memory_segments": 0,
  "memory_doc_values": 0,
  "memory_terms": 0,
  "memory_norms": 0,
  "memory_points": 0,
  "memory_stored_fields": 0,
  "store_size": 94826415578,
  "translog_size": 79383225684,
  "segment_count": 1475,
  "total_transform_search_times": [],
  "total_transform_index_times": [],
  "total_transform_processing_times": [],
  "total_transform_throughput": []
 },
 "workload-revision": "32d8806",
 "test_procedure": "append-no-conflicts",
 "workload-params": {
  "bulk_indexing_clients": 70,
  "bulk_size": 10000
 }
}