{
 "benchmark-version": "2.0.0",
 "benchmark-revision": null,
 "environment": "local",
 "test-run-id": "6fc029cf-8f32-44db-8e4c-fd2c467c0245",
 "test-run-timestamp": "20251007T180053Z",
 "pipeline": "benchmark-only",
 "user-tags": {},
 "workload": "nyc_taxis",
 "cluster-config-instance": [
  "external"
 ],
 "cluster": {
  "revision": "8ff7c6ee924a49f0f59f80a6e1c73073c8904214",
  "distribution-version": "3.1.0",
  "distribution-flavor": "oss",
  "cluster-config-revision": null
 },
 "results": {
  "op_metrics": [
   {
    "task": "index",
    "operation": "index",
    "throughput": {
     "min": 499000.38811750134,
     "mean": 506641.93154271663,
     "median": 506858.9467867136,
     "max": 512309.43817723385,
     "unit": "docs/s"
    },
    "latency": {
     "50_0": 947.5015749922022,
     "90_0": 2780.718667025212,
     "99_0": 3653.59158020001,
     "99_9": 4356.728056469021,
     "100_0": 5292.969008994987,
     "mean": 1385.4272776544121,
     "unit": "ms"
    },
    "service_time": {
     "50_0": 947.5015749922022,
     "90_0": 2780.718667025212,
     "99_0": 3653.59158020001,
     "99_9": 4356.728056469021,
     "100_0": 5292.969008994987,
     "mean": 1385.4272776544121,
     "unit": "ms"
    },
    "client_processing_time": {
     "50_0": 1.2989540409762412,
     "90_0": 1.3934460002928972,
     "99_0": 4.20923380297609,
     "99_9": 37.57981770439075,
     "100_0": 66.68842199724168,
     "mean": 1.458504205214023,
     "unit": "ms"
    },
    "processing_time": {
     "50_0": 954.0923819877207,
     "90_0": 2784.1812609985936,
     "99_0": 3656.522785598646,
     "99_9": 4359.736775419462,
     "100_0": 5295.963707991177,
     "mean": 1389.0656401590738,
     "unit": "ms"
    },
    "error_rate": 0.0,
    "duration": 329481.6692750028
   }
  ],
  "correctness_metrics": [
   {
    "task": "index",
    "operation": "index",
    "recall@k": {},
    "recall@1": {},
    "error_rate": 0.0,
    "duration": 329481.6692750028
   }
  ],
  "profile_metrics": [],
  "total_time": 50019054,
  "total_time_per_shard": {
   "min": 29,
   "median": 1022453,
   "max": 1236923,
   "unit": "ms"
  },
  "indexing_throttle_time": 0,
  "indexing_throttle_time_per_shard": {
   "min": 0,
   "median": 0,
   "max": 0,
   "unit": "ms"
  },
  "merge_time": 8234410,
  "merge_time_per_shard": {
   "min": 0,
   "median": 167368,
   "max": 262044,
   "unit": "ms"
  },
  "merge_count": 673,
  "refresh_time": 1543716,
  "refresh_time_per_shard": {
   "min": 208,
   "median": 29326,
   "max": 59662,
   "unit": "ms"
  },
  "refresh_count": 604,
  "flush_time": 478845,
  "flush_time_per_shard": {
   "min": 0,
   "median": 8223,
   "max": 20285,
   "unit": "ms"
  },
  "flush_count": 48,
  "merge_throttle_time": 457046,
  "merge_throttle_time_per_shard": {
   "min": 0,
   "median": 8704,
   "max": 18138,
   "unit": "ms"
  },
  "ml_processing_time": [],
  "young_gc_time": 59441,
  "young_gc_count": 960,
  "old_gc_time": 0,
  "old_gc_count": 0,
  "memory_segments": 0,
  "memory_doc_values": 0,
  "memory_terms": 0,
  "memory_norms": 0,
  "memory_points": 0,
  "memory_stored_fields": 0,
  "store_size": 90886514693,
  "translog_size": 71325879514,
  "segment_count": 1462,
  "total_transform_search_times": [],
  "total_transform_index_times": [],
  "total_transform_processing_times": [],
  "total_transform_throughput": []
 },
 "workload-revision": "32d8806",
 "test_procedure": "append-no-conflicts",
 "workload-params": {
  "bulk_indexing_clients": 70,
  "bulk_size": 10000
 }
}