{
  "test_run_id": "7d23ec69-9b0f-4c0c-a13a-a1488b5eb30c",
  "throughput": {
    "min": 459018.90037321596,
    "mean": 468195.30180756154,
    "median": 469033.3561596969,
    "max": 471823.6768091823,
    "unit": "docs/s"
  },
  "latency": {
    "50_0": 1359.089163990575,
    "90_0": 2686.365155407111,
    "99_0": 3715.2763304844802,
    "99_9": 5097.373522771845,
    "100_0": 6428.987420978956,
    "mean": 1480.0404621005775,
    "unit": "ms"
  },
  "service_time": {
    "50_0": 1359.089163990575,
    "90_0": 2686.365155407111,
    "99_0": 3715.2763304844802,
    "99_9": 5097.373522771845,
    "100_0": 6428.987420978956,
    "mean": 1480.0404621005775,
    "unit": "ms"
  },
  "error_rate": 0.0
}
