{
  "test_run_id": "f857000b-a2e1-4e9e-98b9-dd3e4af12c00",
  "throughput": {
    "min": 454020.52720744297,
    "mean": 461487.0019255612,
    "median": 461658.07702294126,
    "max": 465690.88037660357,
    "unit": "docs/s"
  },
  "latency": {
    "50_0": 1491.166167499614,
    "90_0": 2633.5965269972803,
    "99_0": 3420.7239607974775,
    "99_9": 4292.105123201764,
    "100_0": 4888.271064002765,
    "mean": 1508.8784339138008,
    "unit": "ms"
  },
  "service_time": {
    "50_0": 1491.166167499614,
    "90_0": 2633.5965269972803,
    "99_0": 3420.7239607974775,
    "99_9": 4292.105123201764,
    "100_0": 4888.271064002765,
    "mean": 1508.8784339138008,
    "unit": "ms"
  },
  "error_rate": 0.0
}
