{
  "test_run_id": "956328ba-1352-4687-b06d-674da009202d",
  "throughput": {
    "min": 433645.9279291999,
    "mean": 436536.75217303727,
    "median": 436580.28958034003,
    "max": 438562.093718697,
    "unit": "docs/s"
  },
  "latency": {
    "50_0": 1553.5587304912042,
    "90_0": 2623.6175790167185,
    "99_0": 3435.7098657687284,
    "99_9": 4347.815564185297,
    "100_0": 4836.505062994547,
    "mean": 1531.9278616666827,
    "unit": "ms"
  },
  "service_time": {
    "50_0": 1553.5587304912042,
    "90_0": 2623.6175790167185,
    "99_0": 3435.7098657687284,
    "99_9": 4347.815564185297,
    "100_0": 4836.505062994547,
    "mean": 1531.9278616666827,
    "unit": "ms"
  },
  "error_rate": 0.0
}
