{
 "benchmark-version": "2.0.0",
 "benchmark-revision": null,
 "environment": "local",
 "test-run-id": "f857000b-a2e1-4e9e-98b9-dd3e4af12c00",
 "test-run-timestamp": "20251007T192735Z",
 "pipeline": "benchmark-only",
 "user-tags": {},
 "workload": "nyc_taxis",
 "cluster-config-instance": [
  "external"
 ],
 "cluster": {
  "revision": "8ff7c6ee924a49f0f59f80a6e1c73073c8904214",
  "distribution-version": "3.1.0",
  "distribution-flavor": "oss",
  "cluster-config-revision": null
 },
 "results": {
  "op_metrics": [
   {
    "task": "index",
    "operation": "index",
    "throughput": {
     "min": 454020.52720744297,
     "mean": 461487.0019255612,
     "median": 461658.07702294126,
     "max": 465690.88037660357,
     "unit": "docs/s"
    },
    "latency": {
     "50_0": 1491.166167499614,
     "90_0": 2633.5965269972803,
     "99_0": 3420.7239607974775,
     "99_9": 4292.105123201764,
     "100_0": 4888.271064002765,
     "mean": 1508.8784339138008,
     "unit": "ms"
    },
    "service_time": {
     "50_0": 1491.166167499614,
     "90_0": 2633.5965269972803,
     "99_0": 3420.7239607974775,
     "99_9": 4292.105123201764,
     "100_0": 4888.271064002765,
     "mean": 1508.8784339138008,
     "unit": "ms"
    },
    "client_processing_time": {
     "50_0": 1.3189414894441143,
     "90_0": 1.4150049682939425,
     "99_0": 9.944409906165728,
     "99_9": 38.253417413361625,
     "100_0": 66.41348003176972,
     "mean": 1.5924579142119362,
     "unit": "ms"
    },
    "processing_time": {
     "50_0": 1494.4520839926554,
     "90_0": 2636.6966549976496,
     "99_0": 3423.899147096381,
     "99_9": 4295.010711880023,
     "100_0": 4891.127370996401,
     "mean": 1512.7333237004075,
     "unit": "ms"
    },
    "error_rate": 0.0,
    "duration": 362607.17996698804
   }
  ],
  "correctness_metrics": [
   {
    "task": "index",
    "operation": "index",
    "recall@k": {},
    "recall@1": {},
    "error_rate": 0.0,
    "duration": 362607.17996698804
   }
  ],
  "profile_metrics": [],
  "total_time": 51785861,
  "total_time_per_shard": {
   "min": 3,
   "median": 1083014,
   "max": 1310294,
   "unit": "ms"
  },
  "indexing_throttle_time": 0,
  "indexing_throttle_time_per_shard": {
   "min": 0,
   "median": 0,
   "max": 0,
   "unit": "ms"
  },
  "merge_time": 12557028,
  "merge_time_per_shard": {
   "min": 0,
   "median": 256198,
   "max": 362766,
   "unit": "ms"
  },
  "merge_count": 1247,
  "refresh_time": 2149869,
  "refresh_time_per_shard": {
   "min": 205,
   "median": 44633,
   "max": 62844,
   "unit": "ms"
  },
  "refresh_count": 929,
  "flush_time": 408485,
  "flush_time_per_shard": {
   "min": 0,
   "median": 7894,
   "max": 13992,
   "unit": "ms"
  },
  "flush_count": 48,
  "merge_throttle_time": 391665,
  "merge_throttle_time_per_shard": {
   "min": 0,
   "median": 7627,
   "max": 17032,
   "unit": "ms"
  },
  "ml_processing_time": [],
  "young_gc_time": 150910,
  "young_gc_count": 3272,
  "old_gc_time": 0,
  "old_gc_count": 0,
  "memory_segments": 0,
  "memory_doc_values": 0,
  "memory_terms": 0,
  "memory_norms": 0,
  "memory_points": 0,
  "memory_stored_fields": 0,
  "store_size": 97663191344,
  "translog_size": 73592699091,
  "segment_count": 1393,
  "total_transform_search_times": [],
  "total_transform_index_times": [],
  "total_transform_processing_times": [],
  "total_transform_throughput": []
 },
 "workload-revision": "32d8806",
 "test_procedure": "append-no-conflicts",
 "workload-params": {
  "bulk_indexing_clients": 70,
  "bulk_size": 10000
 }
}