{
  "test_run_id": "464cc239-b96a-4014-b21b-a425fa25fe04",
  "throughput": {
    "min": 451448.9338295453,
    "mean": 457583.6861786526,
    "median": 457518.95622106746,
    "max": 461691.5646803416,
    "unit": "docs/s"
  },
  "latency": {
    "50_0": 1485.1154735079035,
    "90_0": 2616.7283300892454,
    "99_0": 3496.672330090368,
    "99_9": 4180.912588795144,
    "100_0": 5514.6673989947885,
    "mean": 1506.055037381155,
    "unit": "ms"
  },
  "service_time": {
    "50_0": 1485.1154735079035,
    "90_0": 2616.7283300892454,
    "99_0": 3496.672330090368,
    "99_9": 4180.912588795144,
    "100_0": 5514.6673989947885,
    "mean": 1506.055037381155,
    "unit": "ms"
  },
  "error_rate": 0.0
}
