{
  "test_run_id": "33d2ee2e-469e-471e-b4c6-a7179ee50d24",
  "throughput": {
    "min": 469475.51530909835,
    "mean": 480550.02395388356,
    "median": 480708.77996266587,
    "max": 486987.827174723,
    "unit": "docs/s"
  },
  "latency": {
    "50_0": 1366.1890259973006,
    "90_0": 2686.998336587566,
    "99_0": 3856.8282765595354,
    "99_9": 6287.845759966755,
    "100_0": 6799.942934012506,
    "mean": 1482.4672456740668,
    "unit": "ms"
  },
  "service_time": {
    "50_0": 1366.1890259973006,
    "90_0": 2686.998336587566,
    "99_0": 3856.8282765595354,
    "99_9": 6287.845759966755,
    "100_0": 6799.942934012506,
    "mean": 1482.4672456740668,
    "unit": "ms"
  },
  "error_rate": 0.0
}
