{
  "test_run_id": "4d94a35c-7dd7-447c-a913-cecb3aac6eda",
  "throughput": {
    "min": 476381.72582603275,
    "mean": 482589.61558617896,
    "median": 482756.75556552236,
    "max": 486325.58544393856,
    "unit": "docs/s"
  },
  "latency": {
    "50_0": 1334.3071260023862,
    "90_0": 2619.729674595874,
    "99_0": 3406.578297847883,
    "99_9": 4530.742726899863,
    "100_0": 5882.373230997473,
    "mean": 1421.181997554279,
    "unit": "ms"
  },
  "service_time": {
    "50_0": 1334.3071260023862,
    "90_0": 2619.729674595874,
    "99_0": 3406.578297847883,
    "99_9": 4530.742726899863,
    "100_0": 5882.373230997473,
    "mean": 1421.181997554279,
    "unit": "ms"
  },
  "error_rate": 0.0
}
