{
  "test_run_id": "f848a989-a743-4c01-9183-a49da9394ccd",
  "throughput": {
    "min": 464310.37351464055,
    "mean": 467618.2720816323,
    "median": 467394.7686412798,
    "max": 472013.7138347343,
    "unit": "docs/s"
  },
  "latency": {
    "50_0": 1267.4830640025903,
    "90_0": 2665.129519603216,
    "99_0": 3469.881246669693,
    "99_9": 4230.909341327328,
    "100_0": 4730.977758008521,
    "mean": 1450.9674904333667,
    "unit": "ms"
  },
  "service_time": {
    "50_0": 1267.4830640025903,
    "90_0": 2665.129519603216,
    "99_0": 3469.881246669693,
    "99_9": 4230.909341327328,
    "100_0": 4730.977758008521,
    "mean": 1450.9674904333667,
    "unit": "ms"
  },
  "error_rate": 0.0
}
