{
  "test_run_id": "b9ba7625-c33a-4de4-ae25-d84be285b2d8",
  "throughput": {
    "min": 464116.4262099579,
    "mean": 469385.7715058331,
    "median": 469668.5006058412,
    "max": 473362.2642955314,
    "unit": "docs/s"
  },
  "latency": {
    "50_0": 1560.8553444908466,
    "90_0": 2570.510097697843,
    "99_0": 3273.5523831876335,
    "99_9": 3940.2138559961827,
    "100_0": 4167.399083002238,
    "mean": 1503.2073948474365,
    "unit": "ms"
  },
  "service_time": {
    "50_0": 1560.8553444908466,
    "90_0": 2570.510097697843,
    "99_0": 3273.5523831876335,
    "99_9": 3940.2138559961827,
    "100_0": 4167.399083002238,
    "mean": 1503.2073948474365,
    "unit": "ms"
  },
  "error_rate": 0.0
}
