{
  "test_run_id": "109dba4c-8122-4800-9a60-bb7ea1259cd3",
  "throughput": {
    "min": 476061.7016445582,
    "mean": 482679.0496090362,
    "median": 482917.2816449208,
    "max": 486788.22265216627,
    "unit": "docs/s"
  },
  "latency": {
    "50_0": 1322.938413999509,
    "90_0": 2734.7233805048745,
    "99_0": 3570.2991005106032,
    "99_9": 4536.7072701278175,
    "100_0": 5240.900279022753,
    "mean": 1461.4558855743103,
    "unit": "ms"
  },
  "service_time": {
    "50_0": 1322.938413999509,
    "90_0": 2734.7233805048745,
    "99_0": 3570.2991005106032,
    "99_9": 4536.7072701278175,
    "100_0": 5240.900279022753,
    "mean": 1461.4558855743103,
    "unit": "ms"
  },
  "error_rate": 0.0
}
