{
  "test_run_id": "692678fa-dd95-4eaa-875b-9f8b5fb1f21a",
  "throughput": {
    "min": 458785.4419487861,
    "mean": 468858.6874391963,
    "median": 469230.18186548,
    "max": 476562.7235007784,
    "unit": "docs/s"
  },
  "latency": {
    "50_0": 1581.208945994149,
    "90_0": 2639.034370103036,
    "99_0": 3526.396190406237,
    "99_9": 4134.432201891735,
    "100_0": 4965.5477690103,
    "mean": 1544.0949090635154,
    "unit": "ms"
  },
  "service_time": {
    "50_0": 1581.208945994149,
    "90_0": 2639.034370103036,
    "99_0": 3526.396190406237,
    "99_9": 4134.432201891735,
    "100_0": 4965.5477690103,
    "mean": 1544.0949090635154,
    "unit": "ms"
  },
  "error_rate": 0.0
}
