{
  "test_run_id": "823e94d5-b10e-460f-8606-9b258b258e1e",
  "throughput": {
    "min": 438187.6658177932,
    "mean": 446820.77135959757,
    "median": 446900.64598712797,
    "max": 450650.5361560146,
    "unit": "docs/s"
  },
  "latency": {
    "50_0": 1406.6065374936443,
    "90_0": 2809.121357608821,
    "99_0": 4072.4331680656096,
    "99_9": 5092.857370279097,
    "100_0": 5426.740852999501,
    "mean": 1556.903305530637,
    "unit": "ms"
  },
  "service_time": {
    "50_0": 1406.6065374936443,
    "90_0": 2809.121357608821,
    "99_0": 4072.4331680656096,
    "99_9": 5092.857370279097,
    "100_0": 5426.740852999501,
    "mean": 1556.903305530637,
    "unit": "ms"
  },
  "error_rate": 0.0
}
