{
  "test_run_id": "ced85a7d-7446-4d69-a920-ffe4fe8056cd",
  "throughput": {
    "min": 456514.56742471753,
    "mean": 458399.59537966986,
    "median": 458436.9249166634,
    "max": 459778.49640258914,
    "unit": "docs/s"
  },
  "latency": {
    "50_0": 1301.7004504945362,
    "90_0": 2683.610613978817,
    "99_0": 3662.1782986240573,
    "99_9": 4259.227431269431,
    "100_0": 4847.21613000147,
    "mean": 1463.6501393509236,
    "unit": "ms"
  },
  "service_time": {
    "50_0": 1301.7004504945362,
    "90_0": 2683.610613978817,
    "99_0": 3662.1782986240573,
    "99_9": 4259.227431269431,
    "100_0": 4847.21613000147,
    "mean": 1463.6501393509236,
    "unit": "ms"
  },
  "error_rate": 0.0
}
