{
  "test_run_id": "92065d6e-b0d6-417e-9f00-f9c576e0b6fb",
  "throughput": {
    "min": 417645.1316415996,
    "mean": 421588.779323587,
    "median": 421828.93748098984,
    "max": 424720.38713413966,
    "unit": "docs/s"
  },
  "latency": {
    "50_0": 1639.7436154948082,
    "90_0": 2567.9756019846536,
    "99_0": 3342.548324422096,
    "99_9": 4122.419309955383,
    "100_0": 5036.974426009692,
    "mean": 1574.6643021228228,
    "unit": "ms"
  },
  "service_time": {
    "50_0": 1639.7436154948082,
    "90_0": 2567.9756019846536,
    "99_0": 3342.548324422096,
    "99_9": 4122.419309955383,
    "100_0": 5036.974426009692,
    "mean": 1574.6643021228228,
    "unit": "ms"
  },
  "error_rate": 0.0
}
