{
  "test_run_id": "bf45d07b-4439-40b9-ba8a-d9e8d80ef172",
  "throughput": {
    "min": 440806.50969741633,
    "mean": 446788.2127820828,
    "median": 446893.4521427274,
    "max": 450180.73921187187,
    "unit": "docs/s"
  },
  "latency": {
    "50_0": 1565.5777375068283,
    "90_0": 2645.982042790274,
    "99_0": 3394.5060582843143,
    "99_9": 4073.603693300556,
    "100_0": 5584.411813004408,
    "mean": 1554.7434231076104,
    "unit": "ms"
  },
  "service_time": {
    "50_0": 1565.5777375068283,
    "90_0": 2645.982042790274,
    "99_0": 3394.5060582843143,
    "99_9": 4073.603693300556,
    "100_0": 5584.411813004408,
    "mean": 1554.7434231076104,
    "unit": "ms"
  },
  "error_rate": 0.0
}
