{
 "benchmark-version": "2.0.0",
 "benchmark-revision": null,
 "environment": "local",
 "test-run-id": "bf45d07b-4439-40b9-ba8a-d9e8d80ef172",
 "test-run-timestamp": "20251007T200229Z",
 "pipeline": "benchmark-only",
 "user-tags": {},
 "workload": "nyc_taxis",
 "cluster-config-instance": [
  "external"
 ],
 "cluster": {
  "revision": "8ff7c6ee924a49f0f59f80a6e1c73073c8904214",
  "distribution-version": "3.1.0",
  "distribution-flavor": "oss",
  "cluster-config-revision": null
 },
 "results": {
  "op_metrics": [
   {
    "task": "index",
    "operation": "index",
    "throughput": {
     "min": 440806.50969741633,
     "mean": 446788.2127820828,
     "median": 446893.4521427274,
     "max": 450180.73921187187,
     "unit": "docs/s"
    },
    "latency": {
     "50_0": 1565.5777375068283,
     "90_0": 2645.982042790274,
     "99_0": 3394.5060582843143,
     "99_9": 4073.603693300556,
     "100_0": 5584.411813004408,
     "mean": 1554.7434231076104,
     "unit": "ms"
    },
    "service_time": {
     "50_0": 1565.5777375068283,
     "90_0": 2645.982042790274,
     "99_0": 3394.5060582843143,
     "99_9": 4073.603693300556,
     "100_0": 5584.411813004408,
     "mean": 1554.7434231076104,
     "unit": "ms"
    },
    "client_processing_time": {
     "50_0": 1.3202809932408854,
     "90_0": 1.4186193206114694,
     "99_0": 4.33006578881759,
     "99_9": 45.388481098144325,
     "100_0": 76.32834400283173,
     "mean": 1.5465934618905162,
     "unit": "ms"
    },
    "processing_time": {
     "50_0": 1574.4864050066099,
     "90_0": 2649.691688187886,
     "99_0": 3397.5250802299706,
     "99_9": 4077.299784027554,
     "100_0": 5587.475545005873,
     "mean": 1558.595534013598,
     "unit": "ms"
    },
    "error_rate": 0.0,
    "duration": 373304.50915399706
   }
  ],
  "correctness_metrics": [
   {
    "task": "index",
    "operation": "index",
    "recall@k": {},
    "recall@1": {},
    "error_rate": 0.0,
    "duration": 373304.50915399706
   }
  ],
  "profile_metrics": [],
  "total_time": 49731534,
  "total_time_per_shard": {
   "min": 68,
   "median": 1014957,
   "max": 1272952,
   "unit": "ms"
  },
  "indexing_throttle_time": 0,
  "indexing_throttle_time_per_shard": {
   "min": 0,
   "median": 0,
   "max": 0,
   "unit": "ms"
  },
  "merge_time": 13533741,
  "merge_time_per_shard": {
   "min": 0,
   "median": 286164,
   "max": 423349,
   "unit": "ms"
  },
  "merge_count": 1357,
  "refresh_time": 2438361,
  "refresh_time_per_shard": {
   "min": 263,
   "median": 50268,
   "max": 77306,
   "unit": "ms"
  },
  "refresh_count": 1101,
  "flush_time": 374034,
  "flush_time_per_shard": {
   "min": 0,
   "median": 7641,
   "max": 12023,
   "unit": "ms"
  },
  "flush_count": 48,
  "merge_throttle_time": 353356,
  "merge_throttle_time_per_shard": {
   "min": 0,
   "median": 6850,
   "max": 16368,
   "unit": "ms"
  },
  "ml_processing_time": [],
  "young_gc_time": 208581,
  "young_gc_count": 4861,
  "old_gc_time": 0,
  "old_gc_count": 0,
  "memory_segments": 0,
  "memory_doc_values": 0,
  "memory_terms": 0,
  "memory_norms": 0,
  "memory_points": 0,
  "memory_stored_fields": 0,
  "store_size": 97510192796,
  "translog_size": 74198587574,
  "segment_count": 1586,
  "total_transform_search_times": [],
  "total_transform_index_times": [],
  "total_transform_processing_times": [],
  "total_transform_throughput": []
 },
 "workload-revision": "32d8806",
 "test_procedure": "append-no-conflicts",
 "workload-params": {
  "bulk_indexing_clients": 70,
  "bulk_size": 10000
 }
}