{
  "test_run_id": "50b55f0c-e42b-4314-8bca-ef3d6f38ecba",
  "throughput": {
    "min": 443163.32240907964,
    "mean": 448751.494444889,
    "median": 448897.42457971,
    "max": 453206.22238423384,
    "unit": "docs/s"
  },
  "latency": {
    "50_0": 1601.3679800089449,
    "90_0": 2569.2957569961436,
    "99_0": 3353.5945734067336,
    "99_9": 3905.338831979552,
    "100_0": 4648.043061984936,
    "mean": 1550.2178191306396,
    "unit": "ms"
  },
  "service_time": {
    "50_0": 1601.3679800089449,
    "90_0": 2569.2957569961436,
    "99_0": 3353.5945734067336,
    "99_9": 3905.338831979552,
    "100_0": 4648.043061984936,
    "mean": 1550.2178191306396,
    "unit": "ms"
  },
  "error_rate": 0.0
}
