{
  "test_run_id": "b0432bb3-cd27-4a37-a82e-b4060d527f7f",
  "throughput": {
    "min": 442899.7363714325,
    "mean": 450880.4200934642,
    "median": 451176.32713086536,
    "max": 455785.94692057016,
    "unit": "docs/s"
  },
  "latency": {
    "50_0": 1627.5608830037527,
    "90_0": 2596.8925244058482,
    "99_0": 3320.2329326129984,
    "99_9": 3902.7534420518436,
    "100_0": 4148.999905999517,
    "mean": 1567.3815895578618,
    "unit": "ms"
  },
  "service_time": {
    "50_0": 1627.5608830037527,
    "90_0": 2596.8925244058482,
    "99_0": 3320.2329326129984,
    "99_9": 3902.7534420518436,
    "100_0": 4148.999905999517,
    "mean": 1567.3815895578618,
    "unit": "ms"
  },
  "error_rate": 0.0
}
