{
 "benchmark-version": "2.0.0",
 "benchmark-revision": null,
 "environment": "local",
 "test-run-id": "a1b5d60f-9a1b-45c6-9529-9b234bcd794b",
 "test-run-timestamp": "20251007T201108Z",
 "pipeline": "benchmark-only",
 "user-tags": {},
 "workload": "nyc_taxis",
 "cluster-config-instance": [
  "external"
 ],
 "cluster": {
  "revision": "8ff7c6ee924a49f0f59f80a6e1c73073c8904214",
  "distribution-version": "3.1.0",
  "distribution-flavor": "oss",
  "cluster-config-revision": null
 },
 "results": {
  "op_metrics": [
   {
    "task": "index",
    "operation": "index",
    "throughput": {
     "min": 461255.9386658315,
     "mean": 464442.34104124416,
     "median": 464531.7087797997,
     "max": 469712.96790426015,
     "unit": "docs/s"
    },
    "latency": {
     "50_0": 1634.5160669879988,
     "90_0": 3018.3057283982644,
     "99_0": 4070.748218520311,
     "99_9": 6604.965686150637,
     "100_0": 7070.44883799972,
     "mean": 1693.7522012583177,
     "unit": "ms"
    },
    "service_time": {
     "50_0": 1634.5160669879988,
     "90_0": 3018.3057283982644,
     "99_0": 4070.748218520311,
     "99_9": 6604.965686150637,
     "100_0": 7070.44883799972,
     "mean": 1693.7522012583177,
     "unit": "ms"
    },
    "client_processing_time": {
     "50_0": 1.3008929963689297,
     "90_0": 1.382161205401644,
     "99_0": 4.660220468649641,
     "99_9": 40.5216656262056,
     "100_0": 80.77336702262983,
     "mean": 1.5225567335411536,
     "unit": "ms"
    },
    "processing_time": {
     "50_0": 1637.26858998416,
     "90_0": 3024.1680090024606,
     "99_0": 4073.75633201329,
     "99_9": 6607.8274055785005,
     "100_0": 7073.412186990026,
     "mean": 1697.701646068859,
     "unit": "ms"
    },
    "error_rate": 0.0,
    "duration": 355288.9061330061
   }
  ],
  "correctness_metrics": [
   {
    "task": "index",
    "operation": "index",
    "recall@k": {},
    "recall@1": {},
    "error_rate": 0.0,
    "duration": 355288.9061330061
   }
  ],
  "profile_metrics": [],
  "total_time": 51244336,
  "total_time_per_shard": {
   "min": 4758,
   "median": 1044858,
   "max": 1413516,
   "unit": "ms"
  },
  "indexing_throttle_time": 0,
  "indexing_throttle_time_per_shard": {
   "min": 0,
   "median": 0,
   "max": 0,
   "unit": "ms"
  },
  "merge_time": 11645552,
  "merge_time_per_shard": {
   "min": 349,
   "median": 239878,
   "max": 308108,
   "unit": "ms"
  },
  "merge_count": 929,
  "refresh_time": 2321243,
  "refresh_time_per_shard": {
   "min": 2409,
   "median": 48114,
   "max": 73457,
   "unit": "ms"
  },
  "refresh_count": 764,
  "flush_time": 539449,
  "flush_time_per_shard": {
   "min": 0,
   "median": 10137,
   "max": 19453,
   "unit": "ms"
  },
  "flush_count": 48,
  "merge_throttle_time": 477155,
  "merge_throttle_time_per_shard": {
   "min": 0,
   "median": 10310,
   "max": 17553,
   "unit": "ms"
  },
  "ml_processing_time": [],
  "young_gc_time": 94286,
  "young_gc_count": 1916,
  "old_gc_time": 0,
  "old_gc_count": 0,
  "memory_segments": 0,
  "memory_doc_values": 0,
  "memory_terms": 0,
  "memory_norms": 0,
  "memory_points": 0,
  "memory_stored_fields": 0,
  "store_size": 99219514899,
  "translog_size": 68251346662,
  "segment_count": 1510,
  "total_transform_search_times": [],
  "total_transform_index_times": [],
  "total_transform_processing_times": [],
  "total_transform_throughput": []
 },
 "workload-revision": "32d8806",
 "test_procedure": "append-no-conflicts",
 "workload-params": {
  "bulk_indexing_clients": 80,
  "bulk_size": 10000
 }
}