{
  "test_run_id": "a1b5d60f-9a1b-45c6-9529-9b234bcd794b",
  "throughput": {
    "min": 461255.9386658315,
    "mean": 464442.34104124416,
    "median": 464531.7087797997,
    "max": 469712.96790426015,
    "unit": "docs/s"
  },
  "latency": {
    "50_0": 1634.5160669879988,
    "90_0": 3018.3057283982644,
    "99_0": 4070.748218520311,
    "99_9": 6604.965686150637,
    "100_0": 7070.44883799972,
    "mean": 1693.7522012583177,
    "unit": "ms"
  },
  "service_time": {
    "50_0": 1634.5160669879988,
    "90_0": 3018.3057283982644,
    "99_0": 4070.748218520311,
    "99_9": 6604.965686150637,
    "100_0": 7070.44883799972,
    "mean": 1693.7522012583177,
    "unit": "ms"
  },
  "error_rate": 0.0
}
