{
  "test_run_id": "4aa58c2c-990b-401e-b812-8761f1a46202",
  "throughput": {
    "min": 488816.2071375823,
    "mean": 493407.98374063935,
    "median": 493582.50120842125,
    "max": 496378.1286709935,
    "unit": "docs/s"
  },
  "latency": {
    "50_0": 1349.4385029771365,
    "90_0": 2983.578230405692,
    "99_0": 4106.339352992947,
    "99_9": 4701.13854590414,
    "100_0": 5413.007305003703,
    "mean": 1600.319886208134,
    "unit": "ms"
  },
  "service_time": {
    "50_0": 1349.4385029771365,
    "90_0": 2983.578230405692,
    "99_0": 4106.339352992947,
    "99_9": 4701.13854590414,
    "100_0": 5413.007305003703,
    "mean": 1600.319886208134,
    "unit": "ms"
  },
  "error_rate": 0.0
}
