{
  "test_run_id": "56f934fe-3423-4944-a74a-0a52075b3781",
  "throughput": {
    "min": 473336.7378437378,
    "mean": 478363.1004525829,
    "median": 478172.54456703895,
    "max": 482646.64843349165,
    "unit": "docs/s"
  },
  "latency": {
    "50_0": 1567.235112990602,
    "90_0": 3036.222920601722,
    "99_0": 3773.0700230348148,
    "99_9": 4503.134180915658,
    "100_0": 4963.11014299863,
    "mean": 1656.0794291890638,
    "unit": "ms"
  },
  "service_time": {
    "50_0": 1567.235112990602,
    "90_0": 3036.222920601722,
    "99_0": 3773.0700230348148,
    "99_9": 4503.134180915658,
    "100_0": 4963.11014299863,
    "mean": 1656.0794291890638,
    "unit": "ms"
  },
  "error_rate": 0.0
}
