{
 "benchmark-version": "2.0.0",
 "benchmark-revision": null,
 "environment": "local",
 "test-run-id": "56f934fe-3423-4944-a74a-0a52075b3781",
 "test-run-timestamp": "20251007T201730Z",
 "pipeline": "benchmark-only",
 "user-tags": {},
 "workload": "nyc_taxis",
 "cluster-config-instance": [
  "external"
 ],
 "cluster": {
  "revision": "8ff7c6ee924a49f0f59f80a6e1c73073c8904214",
  "distribution-version": "3.1.0",
  "distribution-flavor": "oss",
  "cluster-config-revision": null
 },
 "results": {
  "op_metrics": [
   {
    "task": "index",
    "operation": "index",
    "throughput": {
     "min": 473336.7378437378,
     "mean": 478363.1004525829,
     "median": 478172.54456703895,
     "max": 482646.64843349165,
     "unit": "docs/s"
    },
    "latency": {
     "50_0": 1567.235112990602,
     "90_0": 3036.222920601722,
     "99_0": 3773.0700230348148,
     "99_9": 4503.134180915658,
     "100_0": 4963.11014299863,
     "mean": 1656.0794291890638,
     "unit": "ms"
    },
    "service_time": {
     "50_0": 1567.235112990602,
     "90_0": 3036.222920601722,
     "99_0": 3773.0700230348148,
     "99_9": 4503.134180915658,
     "100_0": 4963.11014299863,
     "mean": 1656.0794291890638,
     "unit": "ms"
    },
    "client_processing_time": {
     "50_0": 1.3025759835727513,
     "90_0": 1.3988791208248585,
     "99_0": 4.237474799447224,
     "99_9": 37.763829488890416,
     "100_0": 71.2329009838868,
     "mean": 1.4770180368971575,
     "unit": "ms"
    },
    "processing_time": {
     "50_0": 1569.9627574940678,
     "90_0": 3039.470713614719,
     "99_0": 3776.1060319648814,
     "99_9": 4505.9496849136485,
     "100_0": 4965.982130001066,
     "mean": 1659.8871878147872,
     "unit": "ms"
    },
    "error_rate": 0.0,
    "duration": 347097.3520920088
   }
  ],
  "correctness_metrics": [
   {
    "task": "index",
    "operation": "index",
    "recall@k": {},
    "recall@1": {},
    "error_rate": 0.0,
    "duration": 347097.3520920088
   }
  ],
  "profile_metrics": [],
  "total_time": 51890343,
  "total_time_per_shard": {
   "min": 112,
   "median": 1066519,
   "max": 1296244,
   "unit": "ms"
  },
  "indexing_throttle_time": 0,
  "indexing_throttle_time_per_shard": {
   "min": 0,
   "median": 0,
   "max": 0,
   "unit": "ms"
  },
  "merge_time": 12035808,
  "merge_time_per_shard": {
   "min": 0,
   "median": 250422,
   "max": 326527,
   "unit": "ms"
  },
  "merge_count": 985,
  "refresh_time": 2257382,
  "refresh_time_per_shard": {
   "min": 214,
   "median": 49619,
   "max": 68654,
   "unit": "ms"
  },
  "refresh_count": 766,
  "flush_time": 589898,
  "flush_time_per_shard": {
   "min": 0,
   "median": 11540,
   "max": 19715,
   "unit": "ms"
  },
  "flush_count": 48,
  "merge_throttle_time": 449233,
  "merge_throttle_time_per_shard": {
   "min": 0,
   "median": 7962,
   "max": 20812,
   "unit": "ms"
  },
  "ml_processing_time": [],
  "young_gc_time": 92010,
  "young_gc_count": 1835,
  "old_gc_time": 0,
  "old_gc_count": 0,
  "memory_segments": 0,
  "memory_doc_values": 0,
  "memory_terms": 0,
  "memory_norms": 0,
  "memory_points": 0,
  "memory_stored_fields": 0,
  "store_size": 98943466779,
  "translog_size": 68593891043,
  "segment_count": 1451,
  "total_transform_search_times": [],
  "total_transform_index_times": [],
  "total_transform_processing_times": [],
  "total_transform_throughput": []
 },
 "workload-revision": "32d8806",
 "test_procedure": "append-no-conflicts",
 "workload-params": {
  "bulk_indexing_clients": 80,
  "bulk_size": 10000
 }
}