{
  "test_run_id": "3220cea3-c4b0-47ad-99ed-055603e2cec3",
  "throughput": {
    "min": 482914.9551167345,
    "mean": 489476.0546181519,
    "median": 489078.7306145327,
    "max": 494661.0381234403,
    "unit": "docs/s"
  },
  "latency": {
    "50_0": 1469.6302029769868,
    "90_0": 3094.674735789887,
    "99_0": 4075.4468884406315,
    "99_9": 4967.787170363557,
    "100_0": 7300.601864000782,
    "mean": 1647.7858256055893,
    "unit": "ms"
  },
  "service_time": {
    "50_0": 1469.6302029769868,
    "90_0": 3094.674735789887,
    "99_0": 4075.4468884406315,
    "99_9": 4967.787170363557,
    "100_0": 7300.601864000782,
    "mean": 1647.7858256055893,
    "unit": "ms"
  },
  "error_rate": 0.0
}
