{
 "benchmark-version": "2.0.0",
 "benchmark-revision": null,
 "environment": "local",
 "test-run-id": "4aa58c2c-990b-401e-b812-8761f1a46202",
 "test-run-timestamp": "20251007T202341Z",
 "pipeline": "benchmark-only",
 "user-tags": {},
 "workload": "nyc_taxis",
 "cluster-config-instance": [
  "external"
 ],
 "cluster": {
  "revision": "8ff7c6ee924a49f0f59f80a6e1c73073c8904214",
  "distribution-version": "3.1.0",
  "distribution-flavor": "oss",
  "cluster-config-revision": null
 },
 "results": {
  "op_metrics": [
   {
    "task": "index",
    "operation": "index",
    "throughput": {
     "min": 488816.2071375823,
     "mean": 493407.98374063935,
     "median": 493582.50120842125,
     "max": 496378.1286709935,
     "unit": "docs/s"
    },
    "latency": {
     "50_0": 1349.4385029771365,
     "90_0": 2983.578230405692,
     "99_0": 4106.339352992947,
     "99_9": 4701.13854590414,
     "100_0": 5413.007305003703,
     "mean": 1600.319886208134,
     "unit": "ms"
    },
    "service_time": {
     "50_0": 1349.4385029771365,
     "90_0": 2983.578230405692,
     "99_0": 4106.339352992947,
     "99_9": 4701.13854590414,
     "100_0": 5413.007305003703,
     "mean": 1600.319886208134,
     "unit": "ms"
    },
    "client_processing_time": {
     "50_0": 1.2958110019098967,
     "90_0": 1.3798193889670074,
     "99_0": 4.485412197536823,
     "99_9": 38.22352006466969,
     "100_0": 67.43182000354864,
     "mean": 1.5124135590323802,
     "unit": "ms"
    },
    "processing_time": {
     "50_0": 1352.4112660088576,
     "90_0": 2985.9948701923718,
     "99_0": 4109.197953818368,
     "99_9": 4704.00579859445,
     "100_0": 5415.8635229978245,
     "mean": 1604.4031970142553,
     "unit": "ms"
    },
    "error_rate": 0.0,
    "duration": 336798.7540639879
   }
  ],
  "correctness_metrics": [
   {
    "task": "index",
    "operation": "index",
    "recall@k": {},
    "recall@1": {},
    "error_rate": 0.0,
    "duration": 336798.7540639879
   }
  ],
  "profile_metrics": [],
  "total_time": 50828324,
  "total_time_per_shard": {
   "min": 8,
   "median": 1055470,
   "max": 1248392,
   "unit": "ms"
  },
  "indexing_throttle_time": 0,
  "indexing_throttle_time_per_shard": {
   "min": 0,
   "median": 0,
   "max": 0,
   "unit": "ms"
  },
  "merge_time": 10902335,
  "merge_time_per_shard": {
   "min": 0,
   "median": 225053,
   "max": 306994,
   "unit": "ms"
  },
  "merge_count": 998,
  "refresh_time": 2299392,
  "refresh_time_per_shard": {
   "min": 292,
   "median": 48421,
   "max": 67806,
   "unit": "ms"
  },
  "refresh_count": 794,
  "flush_time": 487911,
  "flush_time_per_shard": {
   "min": 0,
   "median": 8454,
   "max": 20110,
   "unit": "ms"
  },
  "flush_count": 48,
  "merge_throttle_time": 467506,
  "merge_throttle_time_per_shard": {
   "min": 0,
   "median": 9099,
   "max": 17060,
   "unit": "ms"
  },
  "ml_processing_time": [],
  "young_gc_time": 90418,
  "young_gc_count": 1819,
  "old_gc_time": 0,
  "old_gc_count": 0,
  "memory_segments": 0,
  "memory_doc_values": 0,
  "memory_terms": 0,
  "memory_norms": 0,
  "memory_points": 0,
  "memory_stored_fields": 0,
  "store_size": 96168916713,
  "translog_size": 70456137295,
  "segment_count": 1420,
  "total_transform_search_times": [],
  "total_transform_index_times": [],
  "total_transform_processing_times": [],
  "total_transform_throughput": []
 },
 "workload-revision": "32d8806",
 "test_procedure": "append-no-conflicts",
 "workload-params": {
  "bulk_indexing_clients": 80,
  "bulk_size": 10000
 }
}