{
  "test_run_id": "6781b2f6-9875-4602-aea2-58e2ca10bfcb",
  "throughput": {
    "min": 457647.58917751076,
    "mean": 464147.09407172404,
    "median": 464484.83226245886,
    "max": 467462.40502680576,
    "unit": "docs/s"
  },
  "latency": {
    "50_0": 1738.8858595077181,
    "90_0": 2933.8510278990725,
    "99_0": 3943.811491845691,
    "99_9": 4411.809913792134,
    "100_0": 5281.558820977807,
    "mean": 1698.3212701036152,
    "unit": "ms"
  },
  "service_time": {
    "50_0": 1738.8858595077181,
    "90_0": 2933.8510278990725,
    "99_0": 3943.811491845691,
    "99_9": 4411.809913792134,
    "100_0": 5281.558820977807,
    "mean": 1698.3212701036152,
    "unit": "ms"
  },
  "error_rate": 0.0
}
