{
  "test_run_id": "c009fc14-e21e-4544-ab36-2024078fc426",
  "throughput": {
    "min": 445593.89442670636,
    "mean": 449317.7033834948,
    "median": 449426.3115459034,
    "max": 450952.2908194877,
    "unit": "docs/s"
  },
  "latency": {
    "50_0": 1696.2150780163938,
    "90_0": 2998.949998986792,
    "99_0": 3907.2441971863727,
    "99_9": 4789.449766381166,
    "100_0": 5461.768711014884,
    "mean": 1708.7793260079313,
    "unit": "ms"
  },
  "service_time": {
    "50_0": 1696.2150780163938,
    "90_0": 2998.949998986792,
    "99_0": 3907.2441971863727,
    "99_9": 4789.449766381166,
    "100_0": 5461.768711014884,
    "mean": 1708.7793260079313,
    "unit": "ms"
  },
  "error_rate": 0.0
}
