{
  "test_run_id": "981843f8-088c-4b59-ac70-d3b281a4adec",
  "throughput": {
    "min": 468144.60468856816,
    "mean": 474271.4090189003,
    "median": 474183.3024596494,
    "max": 478578.33207247965,
    "unit": "docs/s"
  },
  "latency": {
    "50_0": 1451.2591490056366,
    "90_0": 3062.887312989915,
    "99_0": 4323.135378604636,
    "99_9": 5138.832473226077,
    "100_0": 5451.051429990912,
    "mean": 1663.1166751012247,
    "unit": "ms"
  },
  "service_time": {
    "50_0": 1451.2591490056366,
    "90_0": 3062.887312989915,
    "99_0": 4323.135378604636,
    "99_9": 5138.832473226077,
    "100_0": 5451.051429990912,
    "mean": 1663.1166751012247,
    "unit": "ms"
  },
  "error_rate": 0.0
}
