{
 "benchmark-version": "2.0.0",
 "benchmark-revision": null,
 "environment": "local",
 "test-run-id": "365169fd-edef-419d-862f-c40ba6d69c55",
 "test-run-timestamp": "20251007T211104Z",
 "pipeline": "benchmark-only",
 "user-tags": {},
 "workload": "nyc_taxis",
 "cluster-config-instance": [
  "external"
 ],
 "cluster": {
  "revision": "8ff7c6ee924a49f0f59f80a6e1c73073c8904214",
  "distribution-version": "3.1.0",
  "distribution-flavor": "oss",
  "cluster-config-revision": null
 },
 "results": {
  "op_metrics": [
   {
    "task": "index",
    "operation": "index",
    "throughput": {
     "min": 466941.0428582825,
     "mean": 471997.3537704288,
     "median": 472115.4037308108,
     "max": 475809.7738577347,
     "unit": "docs/s"
    },
    "latency": {
     "50_0": 1601.6806279949378,
     "90_0": 2994.8586300073657,
     "99_0": 3918.3638249663622,
     "99_9": 4675.246572261528,
     "100_0": 5770.390700985445,
     "mean": 1668.5408251627098,
     "unit": "ms"
    },
    "service_time": {
     "50_0": 1601.6806279949378,
     "90_0": 2994.8586300073657,
     "99_0": 3918.3638249663622,
     "99_9": 4675.246572261528,
     "100_0": 5770.390700985445,
     "mean": 1668.5408251627098,
     "unit": "ms"
    },
    "client_processing_time": {
     "50_0": 1.2942910252604634,
     "90_0": 1.3797638064716014,
     "99_0": 4.182585442904361,
     "99_9": 35.86917246342671,
     "100_0": 60.31001600786112,
     "mean": 1.4253293915133958,
     "unit": "ms"
    },
    "processing_time": {
     "50_0": 1605.0470079935621,
     "90_0": 2997.9802054003812,
     "99_0": 3925.706372384446,
     "99_9": 4678.268552801191,
     "100_0": 5773.366431007162,
     "mean": 1672.235031556686,
     "unit": "ms"
    },
    "error_rate": 0.0,
    "duration": 351671.2581149768
   }
  ],
  "correctness_metrics": [
   {
    "task": "index",
    "operation": "index",
    "recall@k": {},
    "recall@1": {},
    "error_rate": 0.0,
    "duration": 351671.2581149768
   }
  ],
  "profile_metrics": [],
  "total_time": 55028006,
  "total_time_per_shard": {
   "min": 30,
   "median": 1127038,
   "max": 1294901,
   "unit": "ms"
  },
  "indexing_throttle_time": 0,
  "indexing_throttle_time_per_shard": {
   "min": 0,
   "median": 0,
   "max": 0,
   "unit": "ms"
  },
  "merge_time": 12344264,
  "merge_time_per_shard": {
   "min": 0,
   "median": 252264,
   "max": 333517,
   "unit": "ms"
  },
  "merge_count": 1075,
  "refresh_time": 2114253,
  "refresh_time_per_shard": {
   "min": 124,
   "median": 44842,
   "max": 61833,
   "unit": "ms"
  },
  "refresh_count": 805,
  "flush_time": 458249,
  "flush_time_per_shard": {
   "min": 0,
   "median": 8594,
   "max": 16046,
   "unit": "ms"
  },
  "flush_count": 48,
  "merge_throttle_time": 376594,
  "merge_throttle_time_per_shard": {
   "min": 0,
   "median": 7422,
   "max": 13738,
   "unit": "ms"
  },
  "ml_processing_time": [],
  "young_gc_time": 126756,
  "young_gc_count": 2549,
  "old_gc_time": 0,
  "old_gc_count": 0,
  "memory_segments": 0,
  "memory_doc_values": 0,
  "memory_terms": 0,
  "memory_norms": 0,
  "memory_points": 0,
  "memory_stored_fields": 0,
  "store_size": 97551555497,
  "translog_size": 71595208213,
  "segment_count": 1342,
  "total_transform_search_times": [],
  "total_transform_index_times": [],
  "total_transform_processing_times": [],
  "total_transform_throughput": []
 },
 "workload-revision": "32d8806",
 "test_procedure": "append-no-conflicts",
 "workload-params": {
  "bulk_indexing_clients": 80,
  "bulk_size": 10000
 }
}