{
  "test_run_id": "365169fd-edef-419d-862f-c40ba6d69c55",
  "throughput": {
    "min": 466941.0428582825,
    "mean": 471997.3537704288,
    "median": 472115.4037308108,
    "max": 475809.7738577347,
    "unit": "docs/s"
  },
  "latency": {
    "50_0": 1601.6806279949378,
    "90_0": 2994.8586300073657,
    "99_0": 3918.3638249663622,
    "99_9": 4675.246572261528,
    "100_0": 5770.390700985445,
    "mean": 1668.5408251627098,
    "unit": "ms"
  },
  "service_time": {
    "50_0": 1601.6806279949378,
    "90_0": 2994.8586300073657,
    "99_0": 3918.3638249663622,
    "99_9": 4675.246572261528,
    "100_0": 5770.390700985445,
    "mean": 1668.5408251627098,
    "unit": "ms"
  },
  "error_rate": 0.0
}
