{
  "test_run_id": "18760ac2-d372-4bbd-87fd-906927402862",
  "throughput": {
    "min": 437536.6215386893,
    "mean": 440617.14632470126,
    "median": 440684.32892487606,
    "max": 444025.811292373,
    "unit": "docs/s"
  },
  "latency": {
    "50_0": 1743.6233014886966,
    "90_0": 3036.2467095110333,
    "99_0": 4052.555233996827,
    "99_9": 4701.858337923518,
    "100_0": 6781.04730299674,
    "mean": 1763.478879358132,
    "unit": "ms"
  },
  "service_time": {
    "50_0": 1743.6233014886966,
    "90_0": 3036.2467095110333,
    "99_0": 4052.555233996827,
    "99_9": 4701.858337923518,
    "100_0": 6781.04730299674,
    "mean": 1763.478879358132,
    "unit": "ms"
  },
  "error_rate": 0.0
}
