{
 "benchmark-version": "2.0.0",
 "benchmark-revision": null,
 "environment": "local",
 "test-run-id": "1726b0d4-df36-473e-9381-9da5bcb73acb",
 "test-run-timestamp": "20251007T205009Z",
 "pipeline": "benchmark-only",
 "user-tags": {},
 "workload": "nyc_taxis",
 "cluster-config-instance": [
  "external"
 ],
 "cluster": {
  "revision": "8ff7c6ee924a49f0f59f80a6e1c73073c8904214",
  "distribution-version": "3.1.0",
  "distribution-flavor": "oss",
  "cluster-config-revision": null
 },
 "results": {
  "op_metrics": [
   {
    "task": "index",
    "operation": "index",
    "throughput": {
     "min": 473679.88730579143,
     "mean": 482093.9232284589,
     "median": 482557.0373454642,
     "max": 487189.1256446426,
     "unit": "docs/s"
    },
    "latency": {
     "50_0": 1625.6902909954078,
     "90_0": 3061.1536970100133,
     "99_0": 4069.0106891357573,
     "99_9": 5246.452013027886,
     "100_0": 5917.846498981817,
     "mean": 1668.5686635559607,
     "unit": "ms"
    },
    "service_time": {
     "50_0": 1625.6902909954078,
     "90_0": 3061.1536970100133,
     "99_0": 4069.0106891357573,
     "99_9": 5246.452013027886,
     "100_0": 5917.846498981817,
     "mean": 1668.5686635559607,
     "unit": "ms"
    },
    "client_processing_time": {
     "50_0": 1.2955820129718632,
     "90_0": 1.3841175095876679,
     "99_0": 4.3228942799032355,
     "99_9": 40.91838439810133,
     "100_0": 58.103652991121635,
     "mean": 1.446682398341796,
     "unit": "ms"
    },
    "processing_time": {
     "50_0": 1628.5786740045296,
     "90_0": 3063.6895979987457,
     "99_0": 4071.9096341505065,
     "99_9": 5249.364633580411,
     "100_0": 5920.8656789851375,
     "mean": 1672.6064471842767,
     "unit": "ms"
    },
    "error_rate": 0.0,
    "duration": 347100.8154230076
   }
  ],
  "correctness_metrics": [
   {
    "task": "index",
    "operation": "index",
    "recall@k": {},
    "recall@1": {},
    "error_rate": 0.0,
    "duration": 347100.8154230076
   }
  ],
  "profile_metrics": [],
  "total_time": 52736335,
  "total_time_per_shard": {
   "min": 962699,
   "median": 1094029.0,
   "max": 1289478,
   "unit": "ms"
  },
  "indexing_throttle_time": 0,
  "indexing_throttle_time_per_shard": {
   "min": 0,
   "median": 0.0,
   "max": 0,
   "unit": "ms"
  },
  "merge_time": 11721491,
  "merge_time_per_shard": {
   "min": 119919,
   "median": 245841.5,
   "max": 325816,
   "unit": "ms"
  },
  "merge_count": 1061,
  "refresh_time": 2261784,
  "refresh_time_per_shard": {
   "min": 25789,
   "median": 46015.0,
   "max": 70802,
   "unit": "ms"
  },
  "refresh_count": 799,
  "flush_time": 451783,
  "flush_time_per_shard": {
   "min": 4517,
   "median": 8773.0,
   "max": 20040,
   "unit": "ms"
  },
  "flush_count": 48,
  "merge_throttle_time": 354725,
  "merge_throttle_time_per_shard": {
   "min": 3262,
   "median": 6677.0,
   "max": 13580,
   "unit": "ms"
  },
  "ml_processing_time": [],
  "young_gc_time": 104799,
  "young_gc_count": 2109,
  "old_gc_time": 0,
  "old_gc_count": 0,
  "memory_segments": 0,
  "memory_doc_values": 0,
  "memory_terms": 0,
  "memory_norms": 0,
  "memory_points": 0,
  "memory_stored_fields": 0,
  "store_size": 94552959548,
  "translog_size": 70086081495,
  "segment_count": 1694,
  "total_transform_search_times": [],
  "total_transform_index_times": [],
  "total_transform_processing_times": [],
  "total_transform_throughput": []
 },
 "workload-revision": "32d8806",
 "test_procedure": "append-no-conflicts",
 "workload-params": {
  "bulk_indexing_clients": 80,
  "bulk_size": 10000
 }
}