{
 "benchmark-version": "2.0.0",
 "benchmark-revision": null,
 "environment": "local",
 "test-run-id": "bdfa110b-cac2-4ba7-9980-266a6af22fa3",
 "test-run-timestamp": "20251007T203733Z",
 "pipeline": "benchmark-only",
 "user-tags": {},
 "workload": "nyc_taxis",
 "cluster-config-instance": [
  "external"
 ],
 "cluster": {
  "revision": "8ff7c6ee924a49f0f59f80a6e1c73073c8904214",
  "distribution-version": "3.1.0",
  "distribution-flavor": "oss",
  "cluster-config-revision": null
 },
 "results": {
  "op_metrics": [
   {
    "task": "index",
    "operation": "index",
    "throughput": {
     "min": 457930.58481698006,
     "mean": 463458.2525398841,
     "median": 463629.75357234874,
     "max": 465135.8983447648,
     "unit": "docs/s"
    },
    "latency": {
     "50_0": 1572.1057649934664,
     "90_0": 3093.283242022153,
     "99_0": 4001.311445992906,
     "99_9": 5171.358935631068,
     "100_0": 5721.953795989975,
     "mean": 1676.3837980778856,
     "unit": "ms"
    },
    "service_time": {
     "50_0": 1572.1057649934664,
     "90_0": 3093.283242022153,
     "99_0": 4001.311445992906,
     "99_9": 5171.358935631068,
     "100_0": 5721.953795989975,
     "mean": 1676.3837980778856,
     "unit": "ms"
    },
    "client_processing_time": {
     "50_0": 1.2966409849468619,
     "90_0": 1.388161996146664,
     "99_0": 8.94345442065981,
     "99_9": 51.996231213570425,
     "100_0": 109.10540900658816,
     "mean": 1.57284439604769,
     "unit": "ms"
    },
    "processing_time": {
     "50_0": 1575.3285999817308,
     "90_0": 3096.7321259959135,
     "99_0": 4004.27740480518,
     "99_9": 5174.326715310524,
     "100_0": 5724.952894990565,
     "mean": 1680.5330335181623,
     "unit": "ms"
    },
    "error_rate": 0.0,
    "duration": 357246.3191130082
   }
  ],
  "correctness_metrics": [
   {
    "task": "index",
    "operation": "index",
    "recall@k": {},
    "recall@1": {},
    "error_rate": 0.0,
    "duration": 357246.3191130082
   }
  ],
  "profile_metrics": [],
  "total_time": 54860157,
  "total_time_per_shard": {
   "min": 22947,
   "median": 1119519,
   "max": 1433407,
   "unit": "ms"
  },
  "indexing_throttle_time": 0,
  "indexing_throttle_time_per_shard": {
   "min": 0,
   "median": 0,
   "max": 0,
   "unit": "ms"
  },
  "merge_time": 11825834,
  "merge_time_per_shard": {
   "min": 905,
   "median": 240197,
   "max": 356523,
   "unit": "ms"
  },
  "merge_count": 1041,
  "refresh_time": 2571071,
  "refresh_time_per_shard": {
   "min": 4334,
   "median": 55153,
   "max": 76042,
   "unit": "ms"
  },
  "refresh_count": 810,
  "flush_time": 436042,
  "flush_time_per_shard": {
   "min": 0,
   "median": 8461,
   "max": 16790,
   "unit": "ms"
  },
  "flush_count": 48,
  "merge_throttle_time": 445909,
  "merge_throttle_time_per_shard": {
   "min": 0,
   "median": 9012,
   "max": 19995,
   "unit": "ms"
  },
  "ml_processing_time": [],
  "young_gc_time": 113121,
  "young_gc_count": 2163,
  "old_gc_time": 0,
  "old_gc_count": 0,
  "memory_segments": 0,
  "memory_doc_values": 0,
  "memory_terms": 0,
  "memory_norms": 0,
  "memory_points": 0,
  "memory_stored_fields": 0,
  "store_size": 94455822089,
  "translog_size": 71963467888,
  "segment_count": 1571,
  "total_transform_search_times": [],
  "total_transform_index_times": [],
  "total_transform_processing_times": [],
  "total_transform_throughput": []
 },
 "workload-revision": "32d8806",
 "test_procedure": "append-no-conflicts",
 "workload-params": {
  "bulk_indexing_clients": 80,
  "bulk_size": 10000
 }
}