{
  "test_run_id": "ea7c4cad-5d19-4465-8ac8-7d8fb96154b2",
  "throughput": {
    "min": 480518.736920573,
    "mean": 487378.62770817697,
    "median": 487542.1052809632,
    "max": 491726.7586791144,
    "unit": "docs/s"
  },
  "latency": {
    "50_0": 1563.3260289905593,
    "90_0": 2996.2820354034197,
    "99_0": 4122.860513138584,
    "99_9": 4942.159714542,
    "100_0": 5125.90164100402,
    "mean": 1652.294822585095,
    "unit": "ms"
  },
  "service_time": {
    "50_0": 1563.3260289905593,
    "90_0": 2996.2820354034197,
    "99_0": 4122.860513138584,
    "99_9": 4942.159714542,
    "100_0": 5125.90164100402,
    "mean": 1652.294822585095,
    "unit": "ms"
  },
  "error_rate": 0.0
}
