{
  "test_run_id": "daa6c261-0222-41eb-9844-254684ceb2a8",
  "throughput": {
    "min": 465501.3412221487,
    "mean": 472683.1174976501,
    "median": 472780.3779925195,
    "max": 478692.3382903538,
    "unit": "docs/s"
  },
  "latency": {
    "50_0": 1645.9719669946935,
    "90_0": 3115.2426613902207,
    "99_0": 4043.5418334777937,
    "99_9": 4732.23326570314,
    "100_0": 4810.978708992479,
    "mean": 1720.2404365656155,
    "unit": "ms"
  },
  "service_time": {
    "50_0": 1645.9719669946935,
    "90_0": 3115.2426613902207,
    "99_0": 4043.5418334777937,
    "99_9": 4732.23326570314,
    "100_0": 4810.978708992479,
    "mean": 1720.2404365656155,
    "unit": "ms"
  },
  "error_rate": 0.0
}
