{
 "benchmark-version": "2.0.0",
 "benchmark-revision": null,
 "environment": "local",
 "test-run-id": "981843f8-088c-4b59-ac70-d3b281a4adec",
 "test-run-timestamp": "20251007T204355Z",
 "pipeline": "benchmark-only",
 "user-tags": {},
 "workload": "nyc_taxis",
 "cluster-config-instance": [
  "external"
 ],
 "cluster": {
  "revision": "8ff7c6ee924a49f0f59f80a6e1c73073c8904214",
  "distribution-version": "3.1.0",
  "distribution-flavor": "oss",
  "cluster-config-revision": null
 },
 "results": {
  "op_metrics": [
   {
    "task": "index",
    "operation": "index",
    "throughput": {
     "min": 468144.60468856816,
     "mean": 474271.4090189003,
     "median": 474183.3024596494,
     "max": 478578.33207247965,
     "unit": "docs/s"
    },
    "latency": {
     "50_0": 1451.2591490056366,
     "90_0": 3062.887312989915,
     "99_0": 4323.135378604636,
     "99_9": 5138.832473226077,
     "100_0": 5451.051429990912,
     "mean": 1663.1166751012247,
     "unit": "ms"
    },
    "service_time": {
     "50_0": 1451.2591490056366,
     "90_0": 3062.887312989915,
     "99_0": 4323.135378604636,
     "99_9": 5138.832473226077,
     "100_0": 5451.051429990912,
     "mean": 1663.1166751012247,
     "unit": "ms"
    },
    "client_processing_time": {
     "50_0": 1.2999830360058695,
     "90_0": 1.399026979925111,
     "99_0": 8.47211009240706,
     "99_9": 35.34687836363526,
     "100_0": 73.00728600239381,
     "mean": 1.4799135533307173,
     "unit": "ms"
    },
    "processing_time": {
     "50_0": 1453.9392210135702,
     "90_0": 3065.7392349967267,
     "99_0": 4326.11201740219,
     "99_9": 5140.76252505679,
     "100_0": 5453.905760979978,
     "mean": 1666.7457432103138,
     "unit": "ms"
    },
    "error_rate": 0.0,
    "duration": 350909.3484269979
   }
  ],
  "correctness_metrics": [
   {
    "task": "index",
    "operation": "index",
    "recall@k": {},
    "recall@1": {},
    "error_rate": 0.0,
    "duration": 350909.3484269979
   }
  ],
  "profile_metrics": [],
  "total_time": 53204692,
  "total_time_per_shard": {
   "min": 2,
   "median": 1095826,
   "max": 1302814,
   "unit": "ms"
  },
  "indexing_throttle_time": 0,
  "indexing_throttle_time_per_shard": {
   "min": 0,
   "median": 0,
   "max": 0,
   "unit": "ms"
  },
  "merge_time": 12201362,
  "merge_time_per_shard": {
   "min": 0,
   "median": 247412,
   "max": 359323,
   "unit": "ms"
  },
  "merge_count": 1049,
  "refresh_time": 2344399,
  "refresh_time_per_shard": {
   "min": 53,
   "median": 46594,
   "max": 71340,
   "unit": "ms"
  },
  "refresh_count": 798,
  "flush_time": 457851,
  "flush_time_per_shard": {
   "min": 0,
   "median": 8266,
   "max": 17541,
   "unit": "ms"
  },
  "flush_count": 48,
  "merge_throttle_time": 395870,
  "merge_throttle_time_per_shard": {
   "min": 0,
   "median": 7924,
   "max": 16178,
   "unit": "ms"
  },
  "ml_processing_time": [],
  "young_gc_time": 101409,
  "young_gc_count": 2098,
  "old_gc_time": 0,
  "old_gc_count": 0,
  "memory_segments": 0,
  "memory_doc_values": 0,
  "memory_terms": 0,
  "memory_norms": 0,
  "memory_points": 0,
  "memory_stored_fields": 0,
  "store_size": 98143794434,
  "translog_size": 71567986641,
  "segment_count": 1429,
  "total_transform_search_times": [],
  "total_transform_index_times": [],
  "total_transform_processing_times": [],
  "total_transform_throughput": []
 },
 "workload-revision": "32d8806",
 "test_procedure": "append-no-conflicts",
 "workload-params": {
  "bulk_indexing_clients": 80,
  "bulk_size": 10000
 }
}