{
  "test_run_id": "2410f4d5-1a10-4460-9f34-7db76bdf2bb1",
  "throughput": {
    "min": 462908.29577784677,
    "mean": 470225.1305830986,
    "median": 470241.23175262514,
    "max": 475439.9592826248,
    "unit": "docs/s"
  },
  "latency": {
    "50_0": 1546.7732080142014,
    "90_0": 3133.8434479839634,
    "99_0": 4119.925965205764,
    "99_9": 4703.680531632567,
    "100_0": 5446.319718990708,
    "mean": 1713.1066518163564,
    "unit": "ms"
  },
  "service_time": {
    "50_0": 1546.7732080142014,
    "90_0": 3133.8434479839634,
    "99_0": 4119.925965205764,
    "99_9": 4703.680531632567,
    "100_0": 5446.319718990708,
    "mean": 1713.1066518163564,
    "unit": "ms"
  },
  "error_rate": 0.0
}
