{
 "benchmark-version": "2.0.0",
 "benchmark-revision": null,
 "environment": "local",
 "test-run-id": "daa6c261-0222-41eb-9844-254684ceb2a8",
 "test-run-timestamp": "20251007T211718Z",
 "pipeline": "benchmark-only",
 "user-tags": {},
 "workload": "nyc_taxis",
 "cluster-config-instance": [
  "external"
 ],
 "cluster": {
  "revision": "8ff7c6ee924a49f0f59f80a6e1c73073c8904214",
  "distribution-version": "3.1.0",
  "distribution-flavor": "oss",
  "cluster-config-revision": null
 },
 "results": {
  "op_metrics": [
   {
    "task": "index",
    "operation": "index",
    "throughput": {
     "min": 465501.3412221487,
     "mean": 472683.1174976501,
     "median": 472780.3779925195,
     "max": 478692.3382903538,
     "unit": "docs/s"
    },
    "latency": {
     "50_0": 1645.9719669946935,
     "90_0": 3115.2426613902207,
     "99_0": 4043.5418334777937,
     "99_9": 4732.23326570314,
     "100_0": 4810.978708992479,
     "mean": 1720.2404365656155,
     "unit": "ms"
    },
    "service_time": {
     "50_0": 1645.9719669946935,
     "90_0": 3115.2426613902207,
     "99_0": 4043.5418334777937,
     "99_9": 4732.23326570314,
     "100_0": 4810.978708992479,
     "mean": 1720.2404365656155,
     "unit": "ms"
    },
    "client_processing_time": {
     "50_0": 1.2973350239917636,
     "90_0": 1.3828594121150672,
     "99_0": 3.8557006017072544,
     "99_9": 36.45006413297987,
     "100_0": 40.600947017082945,
     "mean": 1.4205738915842738,
     "unit": "ms"
    },
    "processing_time": {
     "50_0": 1648.816834000172,
     "90_0": 3118.1581524026114,
     "99_0": 4046.430965873297,
     "99_9": 4735.234423276972,
     "100_0": 4813.93247100641,
     "mean": 1724.2709862397674,
     "unit": "ms"
    },
    "error_rate": 0.0,
    "duration": 353690.28838400845
   }
  ],
  "correctness_metrics": [
   {
    "task": "index",
    "operation": "index",
    "recall@k": {},
    "recall@1": {},
    "error_rate": 0.0,
    "duration": 353690.28838400845
   }
  ],
  "profile_metrics": [],
  "total_time": 54625510,
  "total_time_per_shard": {
   "min": 6,
   "median": 1129427,
   "max": 1372337,
   "unit": "ms"
  },
  "indexing_throttle_time": 0,
  "indexing_throttle_time_per_shard": {
   "min": 0,
   "median": 0,
   "max": 0,
   "unit": "ms"
  },
  "merge_time": 11531563,
  "merge_time_per_shard": {
   "min": 0,
   "median": 239315,
   "max": 367978,
   "unit": "ms"
  },
  "merge_count": 1085,
  "refresh_time": 2171400,
  "refresh_time_per_shard": {
   "min": 252,
   "median": 42888,
   "max": 86333,
   "unit": "ms"
  },
  "refresh_count": 813,
  "flush_time": 403888,
  "flush_time_per_shard": {
   "min": 0,
   "median": 7993,
   "max": 20240,
   "unit": "ms"
  },
  "flush_count": 48,
  "merge_throttle_time": 371246,
  "merge_throttle_time_per_shard": {
   "min": 0,
   "median": 7128,
   "max": 15136,
   "unit": "ms"
  },
  "ml_processing_time": [],
  "young_gc_time": 124759,
  "young_gc_count": 2570,
  "old_gc_time": 0,
  "old_gc_count": 0,
  "memory_segments": 0,
  "memory_doc_values": 0,
  "memory_terms": 0,
  "memory_norms": 0,
  "memory_points": 0,
  "memory_stored_fields": 0,
  "store_size": 98973876736,
  "translog_size": 70888501670,
  "segment_count": 1430,
  "total_transform_search_times": [],
  "total_transform_index_times": [],
  "total_transform_processing_times": [],
  "total_transform_throughput": []
 },
 "workload-revision": "32d8806",
 "test_procedure": "append-no-conflicts",
 "workload-params": {
  "bulk_indexing_clients": 80,
  "bulk_size": 10000
 }
}