{
  "test_run_id": "2a23c5d9-6367-47b3-9728-79ea1c943024",
  "throughput": {
    "min": 460403.9500491793,
    "mean": 467364.8519358141,
    "median": 467540.5597594284,
    "max": 470402.84447704046,
    "unit": "docs/s"
  },
  "latency": {
    "50_0": 1666.1673185153631,
    "90_0": 3086.900327791228,
    "99_0": 4122.15792478295,
    "99_9": 4870.748607539951,
    "100_0": 5243.948910996551,
    "mean": 1710.8870802227923,
    "unit": "ms"
  },
  "service_time": {
    "50_0": 1666.1673185153631,
    "90_0": 3086.900327791228,
    "99_0": 4122.15792478295,
    "99_9": 4870.748607539951,
    "100_0": 5243.948910996551,
    "mean": 1710.8870802227923,
    "unit": "ms"
  },
  "error_rate": 0.0
}
