{
  "test_run_id": "06dbd2dd-5403-42d2-80aa-dcd27b68b999",
  "throughput": {
    "min": 452925.70477549324,
    "mean": 458165.3744807293,
    "median": 457966.87701502285,
    "max": 464952.5549377107,
    "unit": "docs/s"
  },
  "latency": {
    "50_0": 1767.1650994889205,
    "90_0": 3063.670641495264,
    "99_0": 4122.646474257635,
    "99_9": 4964.352301060012,
    "100_0": 6759.1217040026095,
    "mean": 1754.7422499654388,
    "unit": "ms"
  },
  "service_time": {
    "50_0": 1767.1650994889205,
    "90_0": 3063.670641495264,
    "99_0": 4122.646474257635,
    "99_9": 4964.352301060012,
    "100_0": 6759.1217040026095,
    "mean": 1754.7422499654388,
    "unit": "ms"
  },
  "error_rate": 0.0
}
