{
  "test_run_id": "bdfa110b-cac2-4ba7-9980-266a6af22fa3",
  "throughput": {
    "min": 457930.58481698006,
    "mean": 463458.2525398841,
    "median": 463629.75357234874,
    "max": 465135.8983447648,
    "unit": "docs/s"
  },
  "latency": {
    "50_0": 1572.1057649934664,
    "90_0": 3093.283242022153,
    "99_0": 4001.311445992906,
    "99_9": 5171.358935631068,
    "100_0": 5721.953795989975,
    "mean": 1676.3837980778856,
    "unit": "ms"
  },
  "service_time": {
    "50_0": 1572.1057649934664,
    "90_0": 3093.283242022153,
    "99_0": 4001.311445992906,
    "99_9": 5171.358935631068,
    "100_0": 5721.953795989975,
    "mean": 1676.3837980778856,
    "unit": "ms"
  },
  "error_rate": 0.0
}
