{
  "test_run_id": "1726b0d4-df36-473e-9381-9da5bcb73acb",
  "throughput": {
    "min": 473679.88730579143,
    "mean": 482093.9232284589,
    "median": 482557.0373454642,
    "max": 487189.1256446426,
    "unit": "docs/s"
  },
  "latency": {
    "50_0": 1625.6902909954078,
    "90_0": 3061.1536970100133,
    "99_0": 4069.0106891357573,
    "99_9": 5246.452013027886,
    "100_0": 5917.846498981817,
    "mean": 1668.5686635559607,
    "unit": "ms"
  },
  "service_time": {
    "50_0": 1625.6902909954078,
    "90_0": 3061.1536970100133,
    "99_0": 4069.0106891357573,
    "99_9": 5246.452013027886,
    "100_0": 5917.846498981817,
    "mean": 1668.5686635559607,
    "unit": "ms"
  },
  "error_rate": 0.0
}
