{
  "test_run_id": "9b8ef407-3e67-454c-b614-e2593aabd698",
  "throughput": {
    "min": 422335.3133281418,
    "mean": 424022.19051760534,
    "median": 423907.6057399737,
    "max": 425750.5140125415,
    "unit": "docs/s"
  },
  "latency": {
    "50_0": 1862.3452030005865,
    "90_0": 3042.5543382909386,
    "99_0": 4146.704065875094,
    "99_9": 5259.003839863379,
    "100_0": 5898.756349983159,
    "mean": 1829.9566323418317,
    "unit": "ms"
  },
  "service_time": {
    "50_0": 1862.3452030005865,
    "90_0": 3042.5543382909386,
    "99_0": 4146.704065875094,
    "99_9": 5259.003839863379,
    "100_0": 5898.756349983159,
    "mean": 1829.9566323418317,
    "unit": "ms"
  },
  "error_rate": 0.0
}
