{
  "test_run_id": "e1ab3d9e-fc50-4af8-803b-513223ffb5c5",
  "throughput": {
    "min": 440615.0173853548,
    "mean": 447690.9566555568,
    "median": 448967.29739809333,
    "max": 451999.31092605594,
    "unit": "docs/s"
  },
  "latency": {
    "50_0": 1872.793343005469,
    "90_0": 3044.707574992208,
    "99_0": 4093.416918291473,
    "99_9": 5074.632674632913,
    "100_0": 6260.583272000076,
    "mean": 1820.2203344163304,
    "unit": "ms"
  },
  "service_time": {
    "50_0": 1872.793343005469,
    "90_0": 3044.707574992208,
    "99_0": 4093.416918291473,
    "99_9": 5074.632674632913,
    "100_0": 6260.583272000076,
    "mean": 1820.2203344163304,
    "unit": "ms"
  },
  "error_rate": 0.0
}
