{
  "test_run_id": "cbb4173b-1f5d-4bdd-a9ab-8620d94399b5",
  "throughput": {
    "min": 441672.82465012965,
    "mean": 448923.9608121358,
    "median": 448379.6696169975,
    "max": 454597.99347135687,
    "unit": "docs/s"
  },
  "latency": {
    "50_0": 1869.6913169987965,
    "90_0": 2989.6200679824688,
    "99_0": 3952.8089170658486,
    "99_9": 5069.904061747894,
    "100_0": 5376.09745899681,
    "mean": 1824.9885367226702,
    "unit": "ms"
  },
  "service_time": {
    "50_0": 1869.6913169987965,
    "90_0": 2989.6200679824688,
    "99_0": 3952.8089170658486,
    "99_9": 5069.904061747894,
    "100_0": 5376.09745899681,
    "mean": 1824.9885367226702,
    "unit": "ms"
  },
  "error_rate": 0.0
}
