{
  "test_run_id": "73ba9ffd-207b-455f-a2fe-6650a705a87d",
  "throughput": {
    "min": 441754.55121148,
    "mean": 448127.6991434027,
    "median": 447244.60314289527,
    "max": 455284.8289027108,
    "unit": "docs/s"
  },
  "latency": {
    "50_0": 1855.423922999762,
    "90_0": 2989.376467594411,
    "99_0": 4125.928730641028,
    "99_9": 5022.959647807531,
    "100_0": 5426.532535988372,
    "mean": 1813.7201433889418,
    "unit": "ms"
  },
  "service_time": {
    "50_0": 1855.423922999762,
    "90_0": 2989.376467594411,
    "99_0": 4125.928730641028,
    "99_9": 5022.959647807531,
    "100_0": 5426.532535988372,
    "mean": 1813.7201433889418,
    "unit": "ms"
  },
  "error_rate": 0.0
}
