{
 "benchmark-version": "2.0.0",
 "benchmark-revision": null,
 "environment": "local",
 "test-run-id": "f2e93d3a-fb83-4a2b-9df6-e3cfdd0bd004",
 "test-run-timestamp": "20251007T222746Z",
 "pipeline": "benchmark-only",
 "user-tags": {},
 "workload": "nyc_taxis",
 "cluster-config-instance": [
  "external"
 ],
 "cluster": {
  "revision": "8ff7c6ee924a49f0f59f80a6e1c73073c8904214",
  "distribution-version": "3.1.0",
  "distribution-flavor": "oss",
  "cluster-config-revision": null
 },
 "results": {
  "op_metrics": [
   {
    "task": "index",
    "operation": "index",
    "throughput": {
     "min": 457785.7725093201,
     "mean": 460622.9594696605,
     "median": 460585.61762185313,
     "max": 464616.3199676005,
     "unit": "docs/s"
    },
    "latency": {
     "50_0": 1860.5545969912782,
     "90_0": 3448.9015769795515,
     "99_0": 4536.725028400548,
     "99_9": 5295.606174954454,
     "100_0": 6638.209956989158,
     "mean": 1931.7732741306247,
     "unit": "ms"
    },
    "service_time": {
     "50_0": 1860.5545969912782,
     "90_0": 3448.9015769795515,
     "99_0": 4536.725028400548,
     "99_9": 5295.606174954454,
     "100_0": 6638.209956989158,
     "mean": 1931.7732741306247,
     "unit": "ms"
    },
    "client_processing_time": {
     "50_0": 1.2987790105398744,
     "90_0": 1.386775024002418,
     "99_0": 4.179071198450423,
     "99_9": 35.502797343069915,
     "100_0": 65.47719301306643,
     "mean": 1.4053271867263675,
     "unit": "ms"
    },
    "processing_time": {
     "50_0": 1863.685449003242,
     "90_0": 3453.722917009145,
     "99_0": 4539.608334790688,
     "99_9": 5298.594041084879,
     "100_0": 6641.086218995042,
     "mean": 1935.4649395071576,
     "unit": "ms"
    },
    "error_rate": 0.0,
    "duration": 358248.8320179982
   }
  ],
  "correctness_metrics": [
   {
    "task": "index",
    "operation": "index",
    "recall@k": {},
    "recall@1": {},
    "error_rate": 0.0,
    "duration": 358248.8320179982
   }
  ],
  "profile_metrics": [],
  "total_time": 55986824,
  "total_time_per_shard": {
   "min": 5377,
   "median": 1151915,
   "max": 1481400,
   "unit": "ms"
  },
  "indexing_throttle_time": 0,
  "indexing_throttle_time_per_shard": {
   "min": 0,
   "median": 0,
   "max": 0,
   "unit": "ms"
  },
  "merge_time": 11839571,
  "merge_time_per_shard": {
   "min": 399,
   "median": 239969,
   "max": 328557,
   "unit": "ms"
  },
  "merge_count": 928,
  "refresh_time": 2678957,
  "refresh_time_per_shard": {
   "min": 3103,
   "median": 55863,
   "max": 101061,
   "unit": "ms"
  },
  "refresh_count": 749,
  "flush_time": 613954,
  "flush_time_per_shard": {
   "min": 0,
   "median": 12346,
   "max": 21103,
   "unit": "ms"
  },
  "flush_count": 48,
  "merge_throttle_time": 409789,
  "merge_throttle_time_per_shard": {
   "min": 0,
   "median": 7633,
   "max": 18518,
   "unit": "ms"
  },
  "ml_processing_time": [],
  "young_gc_time": 99363,
  "young_gc_count": 1985,
  "old_gc_time": 0,
  "old_gc_count": 0,
  "memory_segments": 0,
  "memory_doc_values": 0,
  "memory_terms": 0,
  "memory_norms": 0,
  "memory_points": 0,
  "memory_stored_fields": 0,
  "store_size": 95055180358,
  "translog_size": 65599771165,
  "segment_count": 1521,
  "total_transform_search_times": [],
  "total_transform_index_times": [],
  "total_transform_processing_times": [],
  "total_transform_throughput": []
 },
 "workload-revision": "32d8806",
 "test_procedure": "append-no-conflicts",
 "workload-params": {
  "bulk_indexing_clients": 90,
  "bulk_size": 10000
 }
}