{
  "test_run_id": "039e2ee2-6aed-4954-b889-d2cc482db3ba",
  "throughput": {
    "min": 477310.54194148735,
    "mean": 484475.87012266216,
    "median": 484307.68843024626,
    "max": 489046.6684589003,
    "unit": "docs/s"
  },
  "latency": {
    "50_0": 1743.1390284909867,
    "90_0": 3428.6168515100144,
    "99_0": 4705.454136244953,
    "99_9": 5599.977504590799,
    "100_0": 7149.115177016938,
    "mean": 1863.1960316930165,
    "unit": "ms"
  },
  "service_time": {
    "50_0": 1743.1390284909867,
    "90_0": 3428.6168515100144,
    "99_0": 4705.454136244953,
    "99_9": 5599.977504590799,
    "100_0": 7149.115177016938,
    "mean": 1863.1960316930165,
    "unit": "ms"
  },
  "error_rate": 0.0
}
