{
 "benchmark-version": "2.0.0",
 "benchmark-revision": null,
 "environment": "local",
 "test-run-id": "46ed1a70-426a-4777-8ab1-c9670bcff90d",
 "test-run-timestamp": "20251007T223410Z",
 "pipeline": "benchmark-only",
 "user-tags": {},
 "workload": "nyc_taxis",
 "cluster-config-instance": [
  "external"
 ],
 "cluster": {
  "revision": "8ff7c6ee924a49f0f59f80a6e1c73073c8904214",
  "distribution-version": "3.1.0",
  "distribution-flavor": "oss",
  "cluster-config-revision": null
 },
 "results": {
  "op_metrics": [
   {
    "task": "index",
    "operation": "index",
    "throughput": {
     "min": 472207.9673550792,
     "mean": 479269.9636435462,
     "median": 479337.65082434483,
     "max": 483211.7357514549,
     "unit": "docs/s"
    },
    "latency": {
     "50_0": 1761.0172470012913,
     "90_0": 3434.5467789971735,
     "99_0": 4556.354864503377,
     "99_9": 5578.530220652047,
     "100_0": 5767.345137021039,
     "mean": 1871.31487261502,
     "unit": "ms"
    },
    "service_time": {
     "50_0": 1761.0172470012913,
     "90_0": 3434.5467789971735,
     "99_0": 4556.354864503377,
     "99_9": 5578.530220652047,
     "100_0": 5767.345137021039,
     "mean": 1871.31487261502,
     "unit": "ms"
    },
    "client_processing_time": {
     "50_0": 1.2975419813301414,
     "90_0": 1.3856154982931912,
     "99_0": 4.32429704960671,
     "99_9": 36.35364816495149,
     "100_0": 49.673295026877895,
     "mean": 1.429644350921014,
     "unit": "ms"
    },
    "processing_time": {
     "50_0": 1763.9248340128688,
     "90_0": 3437.464936490869,
     "99_0": 4558.296444543525,
     "99_9": 5592.732227086831,
     "100_0": 5770.167656999547,
     "mean": 1875.1454892778,
     "unit": "ms"
    },
    "error_rate": 0.0,
    "duration": 347490.39789498784
   }
  ],
  "correctness_metrics": [
   {
    "task": "index",
    "operation": "index",
    "recall@k": {},
    "recall@1": {},
    "error_rate": 0.0,
    "duration": 347490.39789498784
   }
  ],
  "profile_metrics": [],
  "total_time": 53166529,
  "total_time_per_shard": {
   "min": 45,
   "median": 1110592,
   "max": 1385750,
   "unit": "ms"
  },
  "indexing_throttle_time": 0,
  "indexing_throttle_time_per_shard": {
   "min": 0,
   "median": 0,
   "max": 0,
   "unit": "ms"
  },
  "merge_time": 12109366,
  "merge_time_per_shard": {
   "min": 41,
   "median": 253262,
   "max": 349449,
   "unit": "ms"
  },
  "merge_count": 954,
  "refresh_time": 2337106,
  "refresh_time_per_shard": {
   "min": 108,
   "median": 47786,
   "max": 80046,
   "unit": "ms"
  },
  "refresh_count": 770,
  "flush_time": 623186,
  "flush_time_per_shard": {
   "min": 166,
   "median": 12161,
   "max": 22785,
   "unit": "ms"
  },
  "flush_count": 49,
  "merge_throttle_time": 429058,
  "merge_throttle_time_per_shard": {
   "min": 0,
   "median": 8256,
   "max": 15617,
   "unit": "ms"
  },
  "ml_processing_time": [],
  "young_gc_time": 93787,
  "young_gc_count": 1851,
  "old_gc_time": 0,
  "old_gc_count": 0,
  "memory_segments": 0,
  "memory_doc_values": 0,
  "memory_terms": 0,
  "memory_norms": 0,
  "memory_points": 0,
  "memory_stored_fields": 0,
  "store_size": 98551991671,
  "translog_size": 68684357399,
  "segment_count": 1574,
  "total_transform_search_times": [],
  "total_transform_index_times": [],
  "total_transform_processing_times": [],
  "total_transform_throughput": []
 },
 "workload-revision": "32d8806",
 "test_procedure": "append-no-conflicts",
 "workload-params": {
  "bulk_indexing_clients": 90,
  "bulk_size": 10000
 }
}