{
 "benchmark-version": "2.0.0",
 "benchmark-revision": null,
 "environment": "local",
 "test-run-id": "0f5aebfb-c017-4f28-b8b9-82f69659b0c2",
 "test-run-timestamp": "20251007T224022Z",
 "pipeline": "benchmark-only",
 "user-tags": {},
 "workload": "nyc_taxis",
 "cluster-config-instance": [
  "external"
 ],
 "cluster": {
  "revision": "8ff7c6ee924a49f0f59f80a6e1c73073c8904214",
  "distribution-version": "3.1.0",
  "distribution-flavor": "oss",
  "cluster-config-revision": null
 },
 "results": {
  "op_metrics": [
   {
    "task": "index",
    "operation": "index",
    "throughput": {
     "min": 480070.6918082612,
     "mean": 484312.28494261426,
     "median": 483894.18049727066,
     "max": 487878.10901634215,
     "unit": "docs/s"
    },
    "latency": {
     "50_0": 1783.5027094988618,
     "90_0": 3325.2286014932906,
     "99_0": 4493.636744611135,
     "99_9": 5281.989672277415,
     "100_0": 5481.0902460012585,
     "mean": 1825.1810751007679,
     "unit": "ms"
    },
    "service_time": {
     "50_0": 1783.5027094988618,
     "90_0": 3325.2286014932906,
     "99_0": 4493.636744611135,
     "99_9": 5281.989672277415,
     "100_0": 5481.0902460012585,
     "mean": 1825.1810751007679,
     "unit": "ms"
    },
    "client_processing_time": {
     "50_0": 1.2918924912810326,
     "90_0": 1.3799460139125586,
     "99_0": 3.725505659531218,
     "99_9": 33.94597592653061,
     "100_0": 37.624497985234484,
     "mean": 1.3055986821876502,
     "unit": "ms"
    },
    "processing_time": {
     "50_0": 1787.0140290033305,
     "90_0": 3328.473916798248,
     "99_0": 4496.590595090524,
     "99_9": 5285.060432311614,
     "100_0": 5482.875944988336,
     "mean": 1829.073232586737,
     "unit": "ms"
    },
    "error_rate": 0.0,
    "duration": 342633.068058989
   }
  ],
  "correctness_metrics": [
   {
    "task": "index",
    "operation": "index",
    "recall@k": {},
    "recall@1": {},
    "error_rate": 0.0,
    "duration": 342633.068058989
   }
  ],
  "profile_metrics": [],
  "total_time": 53718245,
  "total_time_per_shard": {
   "min": 66,
   "median": 1106738,
   "max": 1397439,
   "unit": "ms"
  },
  "indexing_throttle_time": 0,
  "indexing_throttle_time_per_shard": {
   "min": 0,
   "median": 0,
   "max": 0,
   "unit": "ms"
  },
  "merge_time": 11565476,
  "merge_time_per_shard": {
   "min": 0,
   "median": 248300,
   "max": 335171,
   "unit": "ms"
  },
  "merge_count": 969,
  "refresh_time": 2292135,
  "refresh_time_per_shard": {
   "min": 246,
   "median": 43878,
   "max": 74415,
   "unit": "ms"
  },
  "refresh_count": 772,
  "flush_time": 644208,
  "flush_time_per_shard": {
   "min": 0,
   "median": 12082,
   "max": 25445,
   "unit": "ms"
  },
  "flush_count": 48,
  "merge_throttle_time": 368620,
  "merge_throttle_time_per_shard": {
   "min": 0,
   "median": 7283,
   "max": 15954,
   "unit": "ms"
  },
  "ml_processing_time": [],
  "young_gc_time": 89111,
  "young_gc_count": 1855,
  "old_gc_time": 0,
  "old_gc_count": 0,
  "memory_segments": 0,
  "memory_doc_values": 0,
  "memory_terms": 0,
  "memory_norms": 0,
  "memory_points": 0,
  "memory_stored_fields": 0,
  "store_size": 96671727504,
  "translog_size": 68776159899,
  "segment_count": 1531,
  "total_transform_search_times": [],
  "total_transform_index_times": [],
  "total_transform_processing_times": [],
  "total_transform_throughput": []
 },
 "workload-revision": "32d8806",
 "test_procedure": "append-no-conflicts",
 "workload-params": {
  "bulk_indexing_clients": 90,
  "bulk_size": 10000
 }
}