{
  "test_run_id": "0f5aebfb-c017-4f28-b8b9-82f69659b0c2",
  "throughput": {
    "min": 480070.6918082612,
    "mean": 484312.28494261426,
    "median": 483894.18049727066,
    "max": 487878.10901634215,
    "unit": "docs/s"
  },
  "latency": {
    "50_0": 1783.5027094988618,
    "90_0": 3325.2286014932906,
    "99_0": 4493.636744611135,
    "99_9": 5281.989672277415,
    "100_0": 5481.0902460012585,
    "mean": 1825.1810751007679,
    "unit": "ms"
  },
  "service_time": {
    "50_0": 1783.5027094988618,
    "90_0": 3325.2286014932906,
    "99_0": 4493.636744611135,
    "99_9": 5281.989672277415,
    "100_0": 5481.0902460012585,
    "mean": 1825.1810751007679,
    "unit": "ms"
  },
  "error_rate": 0.0
}
