{
  "test_run_id": "46ed1a70-426a-4777-8ab1-c9670bcff90d",
  "throughput": {
    "min": 472207.9673550792,
    "mean": 479269.9636435462,
    "median": 479337.65082434483,
    "max": 483211.7357514549,
    "unit": "docs/s"
  },
  "latency": {
    "50_0": 1761.0172470012913,
    "90_0": 3434.5467789971735,
    "99_0": 4556.354864503377,
    "99_9": 5578.530220652047,
    "100_0": 5767.345137021039,
    "mean": 1871.31487261502,
    "unit": "ms"
  },
  "service_time": {
    "50_0": 1761.0172470012913,
    "90_0": 3434.5467789971735,
    "99_0": 4556.354864503377,
    "99_9": 5578.530220652047,
    "100_0": 5767.345137021039,
    "mean": 1871.31487261502,
    "unit": "ms"
  },
  "error_rate": 0.0
}
