{
  "test_run_id": "f2e93d3a-fb83-4a2b-9df6-e3cfdd0bd004",
  "throughput": {
    "min": 457785.7725093201,
    "mean": 460622.9594696605,
    "median": 460585.61762185313,
    "max": 464616.3199676005,
    "unit": "docs/s"
  },
  "latency": {
    "50_0": 1860.5545969912782,
    "90_0": 3448.9015769795515,
    "99_0": 4536.725028400548,
    "99_9": 5295.606174954454,
    "100_0": 6638.209956989158,
    "mean": 1931.7732741306247,
    "unit": "ms"
  },
  "service_time": {
    "50_0": 1860.5545969912782,
    "90_0": 3448.9015769795515,
    "99_0": 4536.725028400548,
    "99_9": 5295.606174954454,
    "100_0": 6638.209956989158,
    "mean": 1931.7732741306247,
    "unit": "ms"
  },
  "error_rate": 0.0
}
