{
  "test_run_id": "4d993423-0d72-42fd-907d-2e759edee0e1",
  "throughput": {
    "min": 453931.0487937091,
    "mean": 460138.5915193323,
    "median": 459037.9156053243,
    "max": 466290.0035246206,
    "unit": "docs/s"
  },
  "latency": {
    "50_0": 2001.7717000155244,
    "90_0": 3383.895092399326,
    "99_0": 4680.880458272295,
    "99_9": 5514.164438406483,
    "100_0": 6211.326911987271,
    "mean": 1977.3214551825001,
    "unit": "ms"
  },
  "service_time": {
    "50_0": 2001.7717000155244,
    "90_0": 3383.895092399326,
    "99_0": 4680.880458272295,
    "99_9": 5514.164438406483,
    "100_0": 6211.326911987271,
    "mean": 1977.3214551825001,
    "unit": "ms"
  },
  "error_rate": 0.0
}
