{
  "test_run_id": "8149a215-cf50-4eb3-b542-e317826667f6",
  "throughput": {
    "min": 435529.87362753757,
    "mean": 437894.66410521494,
    "median": 438104.96852742415,
    "max": 440200.745889957,
    "unit": "docs/s"
  },
  "latency": {
    "50_0": 2049.485826995806,
    "90_0": 3380.1764825038845,
    "99_0": 4726.877001994578,
    "99_9": 5623.401910765132,
    "100_0": 6708.917485986603,
    "mean": 1979.5588420787778,
    "unit": "ms"
  },
  "service_time": {
    "50_0": 2049.485826995806,
    "90_0": 3380.1764825038845,
    "99_0": 4726.877001994578,
    "99_9": 5623.401910765132,
    "100_0": 6708.917485986603,
    "mean": 1979.5588420787778,
    "unit": "ms"
  },
  "error_rate": 0.0
}
