{
  "test_run_id": "1649f7ab-f1ad-40c4-ade7-ad0f11f8ad92",
  "throughput": {
    "min": 455393.05957324157,
    "mean": 462178.49333020544,
    "median": 461828.24085137754,
    "max": 468841.5082251355,
    "unit": "docs/s"
  },
  "latency": {
    "50_0": 2036.724838995724,
    "90_0": 3391.1895917874067,
    "99_0": 4299.035873486721,
    "99_9": 4853.120586797196,
    "100_0": 6233.977007999783,
    "mean": 1974.7500675619115,
    "unit": "ms"
  },
  "service_time": {
    "50_0": 2036.724838995724,
    "90_0": 3391.1895917874067,
    "99_0": 4299.035873486721,
    "99_9": 4853.120586797196,
    "100_0": 6233.977007999783,
    "mean": 1974.7500675619115,
    "unit": "ms"
  },
  "error_rate": 0.0
}
