{
  "test_run_id": "24de3cba-8d7e-445c-8701-0082b2e1e616",
  "throughput": {
    "min": 458934.6051304257,
    "mean": 464138.9306509153,
    "median": 463233.3494696917,
    "max": 473086.9938304182,
    "unit": "docs/s"
  },
  "latency": {
    "50_0": 1926.091824992909,
    "90_0": 3487.3037800192847,
    "99_0": 4771.13078903174,
    "99_9": 5605.217653441711,
    "100_0": 6072.937541990541,
    "mean": 1979.685413610446,
    "unit": "ms"
  },
  "service_time": {
    "50_0": 1926.091824992909,
    "90_0": 3487.3037800192847,
    "99_0": 4771.13078903174,
    "99_9": 5605.217653441711,
    "100_0": 6072.937541990541,
    "mean": 1979.685413610446,
    "unit": "ms"
  },
  "error_rate": 0.0
}
