{
  "test_run_id": "cbcef8db-5784-44c4-8c9f-d4d8bac4e3de",
  "throughput": {
    "min": 461522.450977579,
    "mean": 470690.1189494071,
    "median": 470484.93961655546,
    "max": 476677.88721290865,
    "unit": "docs/s"
  },
  "latency": {
    "50_0": 1915.8319160051178,
    "90_0": 3405.8877600182313,
    "99_0": 4734.833461995009,
    "99_9": 5513.493055311297,
    "100_0": 7847.097124002175,
    "mean": 1944.9497465923182,
    "unit": "ms"
  },
  "service_time": {
    "50_0": 1915.8319160051178,
    "90_0": 3405.8877600182313,
    "99_0": 4734.833461995009,
    "99_9": 5513.493055311297,
    "100_0": 7847.097124002175,
    "mean": 1944.9497465923182,
    "unit": "ms"
  },
  "error_rate": 0.0
}
