{
  "test_run_id": "667af7b6-fb3a-43be-8d1d-2d2dc0360cc2",
  "throughput": {
    "min": 470747.7604576791,
    "mean": 475355.59909506555,
    "median": 475118.38597301533,
    "max": 480720.8556586582,
    "unit": "docs/s"
  },
  "latency": {
    "50_0": 1878.8978749944363,
    "90_0": 3327.210122474936,
    "99_0": 4350.482126309652,
    "99_9": 5103.085945745767,
    "100_0": 7199.560484004905,
    "mean": 1880.0141786558772,
    "unit": "ms"
  },
  "service_time": {
    "50_0": 1878.8978749944363,
    "90_0": 3327.210122474936,
    "99_0": 4350.482126309652,
    "99_9": 5103.085945745767,
    "100_0": 7199.560484004905,
    "mean": 1880.0141786558772,
    "unit": "ms"
  },
  "error_rate": 0.0
}
