{
  "test_run_id": "84adabe2-4cbe-47c0-b580-7ef57efc4603",
  "throughput": {
    "min": 466855.40472169674,
    "mean": 472611.86839983927,
    "median": 472728.00772269425,
    "max": 476229.89094371354,
    "unit": "docs/s"
  },
  "latency": {
    "50_0": 1857.1255389833823,
    "90_0": 3240.5273441865584,
    "99_0": 4380.082264962839,
    "99_9": 4999.274031499081,
    "100_0": 5535.689555981662,
    "mean": 1877.9972427004623,
    "unit": "ms"
  },
  "service_time": {
    "50_0": 1857.1255389833823,
    "90_0": 3240.5273441865584,
    "99_0": 4380.082264962839,
    "99_9": 4999.274031499081,
    "100_0": 5535.689555981662,
    "mean": 1877.9972427004623,
    "unit": "ms"
  },
  "error_rate": 0.0
}
