{
  "test_run_id": "c5f9b6fc-c2f1-42ee-9a91-cb3dd9a5096a",
  "throughput": {
    "min": 460386.07539278024,
    "mean": 463440.92695204244,
    "median": 463557.7214364747,
    "max": 465330.7495718236,
    "unit": "docs/s"
  },
  "latency": {
    "50_0": 1825.0646685046377,
    "90_0": 3369.722452494898,
    "99_0": 4476.314964253106,
    "99_9": 5256.146336977738,
    "100_0": 8320.411113993032,
    "mean": 1889.1959849354778,
    "unit": "ms"
  },
  "service_time": {
    "50_0": 1825.0646685046377,
    "90_0": 3369.722452494898,
    "99_0": 4476.314964253106,
    "99_9": 5256.146336977738,
    "100_0": 8320.411113993032,
    "mean": 1889.1959849354778,
    "unit": "ms"
  },
  "error_rate": 0.0
}
