{
 "benchmark-version": "2.0.0",
 "benchmark-revision": null,
 "environment": "local",
 "test-run-id": "d055efaf-c188-4f86-9b62-0662bc0be336",
 "test-run-timestamp": "20251007T232802Z",
 "pipeline": "benchmark-only",
 "user-tags": {},
 "workload": "nyc_taxis",
 "cluster-config-instance": [
  "external"
 ],
 "cluster": {
  "revision": "8ff7c6ee924a49f0f59f80a6e1c73073c8904214",
  "distribution-version": "3.1.0",
  "distribution-flavor": "oss",
  "cluster-config-revision": null
 },
 "results": {
  "op_metrics": [
   {
    "task": "index",
    "operation": "index",
    "throughput": {
     "min": 463904.16740791366,
     "mean": 468598.93488163216,
     "median": 468166.28394908085,
     "max": 473139.04260191415,
     "unit": "docs/s"
    },
    "latency": {
     "50_0": 1896.875644015381,
     "90_0": 3380.78233639244,
     "99_0": 4687.2189474303705,
     "99_9": 5438.569439313616,
     "100_0": 6700.798128993483,
     "mean": 1914.1133820154748,
     "unit": "ms"
    },
    "service_time": {
     "50_0": 1896.875644015381,
     "90_0": 3380.78233639244,
     "99_0": 4687.2189474303705,
     "99_9": 5438.569439313616,
     "100_0": 6700.798128993483,
     "mean": 1914.1133820154748,
     "unit": "ms"
    },
    "client_processing_time": {
     "50_0": 1.3002269552089274,
     "90_0": 1.3877961901016533,
     "99_0": 3.8790328078903156,
     "99_9": 38.23952120821962,
     "100_0": 42.41080101928674,
     "mean": 1.415018393088545,
     "unit": "ms"
    },
    "processing_time": {
     "50_0": 1899.9340010050219,
     "90_0": 3384.7544504038524,
     "99_0": 4690.258861645121,
     "99_9": 5441.665773658324,
     "100_0": 6703.687506989809,
     "mean": 1917.9095252121022,
     "unit": "ms"
    },
    "error_rate": 0.0,
    "duration": 354136.41597601236
   }
  ],
  "correctness_metrics": [
   {
    "task": "index",
    "operation": "index",
    "recall@k": {},
    "recall@1": {},
    "error_rate": 0.0,
    "duration": 354136.41597601236
   }
  ],
  "profile_metrics": [],
  "total_time": 56248130,
  "total_time_per_shard": {
   "min": 5,
   "median": 1179413,
   "max": 1435009,
   "unit": "ms"
  },
  "indexing_throttle_time": 0,
  "indexing_throttle_time_per_shard": {
   "min": 0,
   "median": 0,
   "max": 0,
   "unit": "ms"
  },
  "merge_time": 12058847,
  "merge_time_per_shard": {
   "min": 0,
   "median": 248865,
   "max": 326441,
   "unit": "ms"
  },
  "merge_count": 1016,
  "refresh_time": 2464204,
  "refresh_time_per_shard": {
   "min": 732,
   "median": 48387,
   "max": 81120,
   "unit": "ms"
  },
  "refresh_count": 774,
  "flush_time": 471945,
  "flush_time_per_shard": {
   "min": 0,
   "median": 9938,
   "max": 15759,
   "unit": "ms"
  },
  "flush_count": 48,
  "merge_throttle_time": 447432,
  "merge_throttle_time_per_shard": {
   "min": 0,
   "median": 8515,
   "max": 20272,
   "unit": "ms"
  },
  "ml_processing_time": [],
  "young_gc_time": 132793,
  "young_gc_count": 2636,
  "old_gc_time": 0,
  "old_gc_count": 0,
  "memory_segments": 0,
  "memory_doc_values": 0,
  "memory_terms": 0,
  "memory_norms": 0,
  "memory_points": 0,
  "memory_stored_fields": 0,
  "store_size": 95811422147,
  "translog_size": 68947410088,
  "segment_count": 1620,
  "total_transform_search_times": [],
  "total_transform_index_times": [],
  "total_transform_processing_times": [],
  "total_transform_throughput": []
 },
 "workload-revision": "32d8806",
 "test_procedure": "append-no-conflicts",
 "workload-params": {
  "bulk_indexing_clients": 90,
  "bulk_size": 10000
 }
}