{
  "test_run_id": "2b8501b5-a1c1-4a16-b008-6144c38f23e1",
  "throughput": {
    "min": 439117.6023978743,
    "mean": 442387.99915018806,
    "median": 442428.07863922056,
    "max": 446237.2489777011,
    "unit": "docs/s"
  },
  "latency": {
    "50_0": 2042.3159660131205,
    "90_0": 3364.6738273906526,
    "99_0": 4574.771136534689,
    "99_9": 5643.526794289129,
    "100_0": 6219.820366997737,
    "mean": 1990.8536681839357,
    "unit": "ms"
  },
  "service_time": {
    "50_0": 2042.3159660131205,
    "90_0": 3364.6738273906526,
    "99_0": 4574.771136534689,
    "99_9": 5643.526794289129,
    "100_0": 6219.820366997737,
    "mean": 1990.8536681839357,
    "unit": "ms"
  },
  "error_rate": 0.0
}
