{
 "benchmark-version": "2.0.0",
 "benchmark-revision": null,
 "environment": "local",
 "test-run-id": "84adabe2-4cbe-47c0-b580-7ef57efc4603",
 "test-run-timestamp": "20251007T234036Z",
 "pipeline": "benchmark-only",
 "user-tags": {},
 "workload": "nyc_taxis",
 "cluster-config-instance": [
  "external"
 ],
 "cluster": {
  "revision": "8ff7c6ee924a49f0f59f80a6e1c73073c8904214",
  "distribution-version": "3.1.0",
  "distribution-flavor": "oss",
  "cluster-config-revision": null
 },
 "results": {
  "op_metrics": [
   {
    "task": "index",
    "operation": "index",
    "throughput": {
     "min": 466855.40472169674,
     "mean": 472611.86839983927,
     "median": 472728.00772269425,
     "max": 476229.89094371354,
     "unit": "docs/s"
    },
    "latency": {
     "50_0": 1857.1255389833823,
     "90_0": 3240.5273441865584,
     "99_0": 4380.082264962839,
     "99_9": 4999.274031499081,
     "100_0": 5535.689555981662,
     "mean": 1877.9972427004623,
     "unit": "ms"
    },
    "service_time": {
     "50_0": 1857.1255389833823,
     "90_0": 3240.5273441865584,
     "99_0": 4380.082264962839,
     "99_9": 4999.274031499081,
     "100_0": 5535.689555981662,
     "mean": 1877.9972427004623,
     "unit": "ms"
    },
    "client_processing_time": {
     "50_0": 1.2968199735041708,
     "90_0": 1.3852931908331811,
     "99_0": 4.084294828353475,
     "99_9": 34.05536794732332,
     "100_0": 65.53844304289669,
     "mean": 1.39621196360151,
     "unit": "ms"
    },
    "processing_time": {
     "50_0": 1859.7868150100112,
     "90_0": 3243.5436499945363,
     "99_0": 4382.964309356175,
     "99_9": 5002.243938168773,
     "100_0": 5538.699611992342,
     "mean": 1881.8391708481831,
     "unit": "ms"
    },
    "error_rate": 0.0,
    "duration": 353213.695835002
   }
  ],
  "correctness_metrics": [
   {
    "task": "index",
    "operation": "index",
    "recall@k": {},
    "recall@1": {},
    "error_rate": 0.0,
    "duration": 353213.695835002
   }
  ],
  "profile_metrics": [],
  "total_time": 57184375,
  "total_time_per_shard": {
   "min": 112,
   "median": 1161496,
   "max": 1427288,
   "unit": "ms"
  },
  "indexing_throttle_time": 0,
  "indexing_throttle_time_per_shard": {
   "min": 0,
   "median": 0,
   "max": 0,
   "unit": "ms"
  },
  "merge_time": 12918173,
  "merge_time_per_shard": {
   "min": 0,
   "median": 261546,
   "max": 377975,
   "unit": "ms"
  },
  "merge_count": 1039,
  "refresh_time": 2320892,
  "refresh_time_per_shard": {
   "min": 267,
   "median": 46662,
   "max": 81723,
   "unit": "ms"
  },
  "refresh_count": 791,
  "flush_time": 520467,
  "flush_time_per_shard": {
   "min": 0,
   "median": 9407,
   "max": 18584,
   "unit": "ms"
  },
  "flush_count": 48,
  "merge_throttle_time": 334120,
  "merge_throttle_time_per_shard": {
   "min": 0,
   "median": 6866,
   "max": 16024,
   "unit": "ms"
  },
  "ml_processing_time": [],
  "young_gc_time": 130229,
  "young_gc_count": 2677,
  "old_gc_time": 0,
  "old_gc_count": 0,
  "memory_segments": 0,
  "memory_doc_values": 0,
  "memory_terms": 0,
  "memory_norms": 0,
  "memory_points": 0,
  "memory_stored_fields": 0,
  "store_size": 94408317246,
  "translog_size": 68133294835,
  "segment_count": 1588,
  "total_transform_search_times": [],
  "total_transform_index_times": [],
  "total_transform_processing_times": [],
  "total_transform_throughput": []
 },
 "workload-revision": "32d8806",
 "test_procedure": "append-no-conflicts",
 "workload-params": {
  "bulk_indexing_clients": 90,
  "bulk_size": 10000
 }
}