{
  "test_run_id": "807f8acf-0d63-4663-9c32-074592e8a17b",
  "throughput": {
    "min": 473427.3300586062,
    "mean": 479424.5844262408,
    "median": 479380.2606986028,
    "max": 484427.41275137,
    "unit": "docs/s"
  },
  "latency": {
    "50_0": 1899.7766719840001,
    "90_0": 3315.4091099859215,
    "99_0": 4567.640227993252,
    "99_9": 5453.998741193289,
    "100_0": 6419.176774972584,
    "mean": 1888.244196926357,
    "unit": "ms"
  },
  "service_time": {
    "50_0": 1899.7766719840001,
    "90_0": 3315.4091099859215,
    "99_0": 4567.640227993252,
    "99_9": 5453.998741193289,
    "100_0": 6419.176774972584,
    "mean": 1888.244196926357,
    "unit": "ms"
  },
  "error_rate": 0.0
}
