{
 "benchmark-version": "2.0.0",
 "benchmark-revision": null,
 "environment": "local",
 "test-run-id": "667af7b6-fb3a-43be-8d1d-2d2dc0360cc2",
 "test-run-timestamp": "20251007T230705Z",
 "pipeline": "benchmark-only",
 "user-tags": {},
 "workload": "nyc_taxis",
 "cluster-config-instance": [
  "external"
 ],
 "cluster": {
  "revision": "8ff7c6ee924a49f0f59f80a6e1c73073c8904214",
  "distribution-version": "3.1.0",
  "distribution-flavor": "oss",
  "cluster-config-revision": null
 },
 "results": {
  "op_metrics": [
   {
    "task": "index",
    "operation": "index",
    "throughput": {
     "min": 470747.7604576791,
     "mean": 475355.59909506555,
     "median": 475118.38597301533,
     "max": 480720.8556586582,
     "unit": "docs/s"
    },
    "latency": {
     "50_0": 1878.8978749944363,
     "90_0": 3327.210122474936,
     "99_0": 4350.482126309652,
     "99_9": 5103.085945745767,
     "100_0": 7199.560484004905,
     "mean": 1880.0141786558772,
     "unit": "ms"
    },
    "service_time": {
     "50_0": 1878.8978749944363,
     "90_0": 3327.210122474936,
     "99_0": 4350.482126309652,
     "99_9": 5103.085945745767,
     "100_0": 7199.560484004905,
     "mean": 1880.0141786558772,
     "unit": "ms"
    },
    "client_processing_time": {
     "50_0": 1.2970774987479672,
     "90_0": 1.3752930914051833,
     "99_0": 4.5794649654998425,
     "99_9": 37.325982473383675,
     "100_0": 94.11875400110148,
     "mean": 1.4578334756834932,
     "unit": "ms"
    },
    "processing_time": {
     "50_0": 1886.388947503292,
     "90_0": 3330.1812943129344,
     "99_0": 4353.3927798917275,
     "99_9": 5105.097977622105,
     "100_0": 7202.558202989167,
     "mean": 1884.1640392383526,
     "unit": "ms"
    },
    "error_rate": 0.0,
    "duration": 350499.8894169985
   }
  ],
  "correctness_metrics": [
   {
    "task": "index",
    "operation": "index",
    "recall@k": {},
    "recall@1": {},
    "error_rate": 0.0,
    "duration": 350499.8894169985
   }
  ],
  "profile_metrics": [],
  "total_time": 57154184,
  "total_time_per_shard": {
   "min": 18,
   "median": 1178401,
   "max": 1491810,
   "unit": "ms"
  },
  "indexing_throttle_time": 0,
  "indexing_throttle_time_per_shard": {
   "min": 0,
   "median": 0,
   "max": 0,
   "unit": "ms"
  },
  "merge_time": 12287049,
  "merge_time_per_shard": {
   "min": 0,
   "median": 263480,
   "max": 340553,
   "unit": "ms"
  },
  "merge_count": 1059,
  "refresh_time": 2357806,
  "refresh_time_per_shard": {
   "min": 235,
   "median": 48754,
   "max": 74223,
   "unit": "ms"
  },
  "refresh_count": 800,
  "flush_time": 479252,
  "flush_time_per_shard": {
   "min": 0,
   "median": 9079,
   "max": 21985,
   "unit": "ms"
  },
  "flush_count": 48,
  "merge_throttle_time": 426964,
  "merge_throttle_time_per_shard": {
   "min": 0,
   "median": 8381,
   "max": 14575,
   "unit": "ms"
  },
  "ml_processing_time": [],
  "young_gc_time": 111356,
  "young_gc_count": 2192,
  "old_gc_time": 0,
  "old_gc_count": 0,
  "memory_segments": 0,
  "memory_doc_values": 0,
  "memory_terms": 0,
  "memory_norms": 0,
  "memory_points": 0,
  "memory_stored_fields": 0,
  "store_size": 97776809610,
  "translog_size": 66751511407,
  "segment_count": 1581,
  "total_transform_search_times": [],
  "total_transform_index_times": [],
  "total_transform_processing_times": [],
  "total_transform_throughput": []
 },
 "workload-revision": "32d8806",
 "test_procedure": "append-no-conflicts",
 "workload-params": {
  "bulk_indexing_clients": 90,
  "bulk_size": 10000
 }
}