{
  "test_run_id": "d055efaf-c188-4f86-9b62-0662bc0be336",
  "throughput": {
    "min": 463904.16740791366,
    "mean": 468598.93488163216,
    "median": 468166.28394908085,
    "max": 473139.04260191415,
    "unit": "docs/s"
  },
  "latency": {
    "50_0": 1896.875644015381,
    "90_0": 3380.78233639244,
    "99_0": 4687.2189474303705,
    "99_9": 5438.569439313616,
    "100_0": 6700.798128993483,
    "mean": 1914.1133820154748,
    "unit": "ms"
  },
  "service_time": {
    "50_0": 1896.875644015381,
    "90_0": 3380.78233639244,
    "99_0": 4687.2189474303705,
    "99_9": 5438.569439313616,
    "100_0": 6700.798128993483,
    "mean": 1914.1133820154748,
    "unit": "ms"
  },
  "error_rate": 0.0
}
