{
  "test_run_id": "407b564b-9f82-4483-8dd7-852a700362f7",
  "throughput": {
    "min": 453767.51962444297,
    "mean": 460380.726723836,
    "median": 459931.4304537039,
    "max": 464823.61988283356,
    "unit": "docs/s"
  },
  "latency": {
    "50_0": 1991.6927620070055,
    "90_0": 3384.4178747967817,
    "99_0": 4463.265143804597,
    "99_9": 5332.781236128318,
    "100_0": 6035.499213001458,
    "mean": 1969.054301815048,
    "unit": "ms"
  },
  "service_time": {
    "50_0": 1991.6927620070055,
    "90_0": 3384.4178747967817,
    "99_0": 4463.265143804597,
    "99_9": 5332.781236128318,
    "100_0": 6035.499213001458,
    "mean": 1969.054301815048,
    "unit": "ms"
  },
  "error_rate": 0.0
}
