{
  "test_run_id": "45c842eb-9f89-4c31-bb88-669044665967",
  "throughput": {
    "min": 418720.83895643306,
    "mean": 422181.23375120835,
    "median": 422471.41397051746,
    "max": 425351.9697374035,
    "unit": "docs/s"
  },
  "latency": {
    "50_0": 2024.5839319977676,
    "90_0": 3561.374101002002,
    "99_0": 4968.01865004818,
    "99_9": 6809.419647630729,
    "100_0": 7759.2581220087595,
    "mean": 2065.1343560830396,
    "unit": "ms"
  },
  "service_time": {
    "50_0": 2024.5839319977676,
    "90_0": 3561.374101002002,
    "99_0": 4968.01865004818,
    "99_9": 6809.419647630729,
    "100_0": 7759.2581220087595,
    "mean": 2065.1343560830396,
    "unit": "ms"
  },
  "error_rate": 0.0006540222367560497
}
