{
  "test_run_id": "6a5fa6f2-408e-4cc6-a8f7-3bef5da8242b",
  "throughput": {
    "min": 436893.6585199879,
    "mean": 443126.4482376642,
    "median": 442706.81733902346,
    "max": 450077.0392562433,
    "unit": "docs/s"
  },
  "latency": {
    "50_0": 2100.402281008428,
    "90_0": 3401.8635356012965,
    "99_0": 4662.12970462657,
    "99_9": 5428.98315991731,
    "100_0": 6341.900743020233,
    "mean": 2052.875225325002,
    "unit": "ms"
  },
  "service_time": {
    "50_0": 2100.402281008428,
    "90_0": 3401.8635356012965,
    "99_0": 4662.12970462657,
    "99_9": 5428.98315991731,
    "100_0": 6341.900743020233,
    "mean": 2052.875225325002,
    "unit": "ms"
  },
  "error_rate": 0.0007127583749109052
}
