{
  "test_run_id": "d0c262f0-4670-4ec0-bc4b-a5e8e5e6a371",
  "throughput": {
    "min": 437471.4095401061,
    "mean": 445453.57485007343,
    "median": 446152.83318574727,
    "max": 449412.8062471449,
    "unit": "docs/s"
  },
  "latency": {
    "50_0": 2051.207417011028,
    "90_0": 3373.8673992163976,
    "99_0": 4313.117458440829,
    "99_9": 5378.849561329006,
    "100_0": 6116.230500978418,
    "mean": 2027.24332858078,
    "unit": "ms"
  },
  "service_time": {
    "50_0": 2051.207417011028,
    "90_0": 3373.8673992163976,
    "99_0": 4313.117458440829,
    "99_9": 5378.849561329006,
    "100_0": 6116.230500978418,
    "mean": 2027.24332858078,
    "unit": "ms"
  },
  "error_rate": 0.0
}
