{
  "test_run_id": "acb47b9f-3c5d-4f2a-8545-75778ee10660",
  "throughput": {
    "min": 437591.50027746713,
    "mean": 442621.1525123314,
    "median": 442440.9079854497,
    "max": 449261.97023288347,
    "unit": "docs/s"
  },
  "latency": {
    "50_0": 2121.716142981313,
    "90_0": 3439.1156908066478,
    "99_0": 4501.549823331879,
    "99_9": 5313.902060776871,
    "100_0": 7462.949973007198,
    "mean": 2044.6101937763874,
    "unit": "ms"
  },
  "service_time": {
    "50_0": 2121.716142981313,
    "90_0": 3439.1156908066478,
    "99_0": 4501.549823331879,
    "99_9": 5313.902060776871,
    "100_0": 7462.949973007198,
    "mean": 2044.6101937763874,
    "unit": "ms"
  },
  "error_rate": 0.0014313830738951511
}
