{
 "benchmark-version": "2.0.0",
 "benchmark-revision": null,
 "environment": "local",
 "test-run-id": "45c842eb-9f89-4c31-bb88-669044665967",
 "test-run-timestamp": "20251008T001648Z",
 "pipeline": "benchmark-only",
 "user-tags": {},
 "workload": "nyc_taxis",
 "cluster-config-instance": [
  "external"
 ],
 "cluster": {
  "revision": "8ff7c6ee924a49f0f59f80a6e1c73073c8904214",
  "distribution-version": "3.1.0",
  "distribution-flavor": "oss",
  "cluster-config-revision": null
 },
 "results": {
  "op_metrics": [
   {
    "task": "index",
    "operation": "index",
    "throughput": {
     "min": 418720.83895643306,
     "mean": 422181.23375120835,
     "median": 422471.41397051746,
     "max": 425351.9697374035,
     "unit": "docs/s"
    },
    "latency": {
     "50_0": 2024.5839319977676,
     "90_0": 3561.374101002002,
     "99_0": 4968.01865004818,
     "99_9": 6809.419647630729,
     "100_0": 7759.2581220087595,
     "mean": 2065.1343560830396,
     "unit": "ms"
    },
    "service_time": {
     "50_0": 2024.5839319977676,
     "90_0": 3561.374101002002,
     "99_0": 4968.01865004818,
     "99_9": 6809.419647630729,
     "100_0": 7759.2581220087595,
     "mean": 2065.1343560830396,
     "unit": "ms"
    },
    "client_processing_time": {
     "50_0": 1.3144119875505567,
     "90_0": 1.40380350057967,
     "99_0": 2.5304632305051213,
     "99_9": 35.27481186785755,
     "100_0": 39.26423500524834,
     "mean": 1.3456879231103156,
     "unit": "ms"
    },
    "processing_time": {
     "50_0": 2027.4625575111713,
     "90_0": 3564.2727079975884,
     "99_0": 4970.940421355772,
     "99_9": 6813.065075391369,
     "100_0": 7762.261956988368,
     "mean": 2068.845352169557,
     "unit": "ms"
    },
    "error_rate": 0.0006540222367560497,
    "duration": 388745.7575640001
   }
  ],
  "correctness_metrics": [
   {
    "task": "index",
    "operation": "index",
    "recall@k": {},
    "recall@1": {},
    "error_rate": 0.0006540222367560497,
    "duration": 388745.7575640001
   }
  ],
  "profile_metrics": [],
  "total_time": 59843963,
  "total_time_per_shard": {
   "min": 18680,
   "median": 1231126,
   "max": 1437221,
   "unit": "ms"
  },
  "indexing_throttle_time": 0,
  "indexing_throttle_time_per_shard": {
   "min": 0,
   "median": 0,
   "max": 0,
   "unit": "ms"
  },
  "merge_time": 14867925,
  "merge_time_per_shard": {
   "min": 854,
   "median": 308244,
   "max": 446573,
   "unit": "ms"
  },
  "merge_count": 1332,
  "refresh_time": 3354277,
  "refresh_time_per_shard": {
   "min": 3517,
   "median": 69821,
   "max": 95134,
   "unit": "ms"
  },
  "refresh_count": 1047,
  "flush_time": 488027,
  "flush_time_per_shard": {
   "min": 0,
   "median": 10141,
   "max": 18130,
   "unit": "ms"
  },
  "flush_count": 48,
  "merge_throttle_time": 314690,
  "merge_throttle_time_per_shard": {
   "min": 0,
   "median": 6174,
   "max": 12585,
   "unit": "ms"
  },
  "ml_processing_time": [],
  "young_gc_time": 229996,
  "young_gc_count": 5066,
  "old_gc_time": 0,
  "old_gc_count": 0,
  "memory_segments": 0,
  "memory_doc_values": 0,
  "memory_terms": 0,
  "memory_norms": 0,
  "memory_points": 0,
  "memory_stored_fields": 0,
  "store_size": 98507239891,
  "translog_size": 71798926965,
  "segment_count": 1711,
  "total_transform_search_times": [],
  "total_transform_index_times": [],
  "total_transform_processing_times": [],
  "total_transform_throughput": []
 },
 "workload-revision": "32d8806",
 "test_procedure": "append-no-conflicts",
 "workload-params": {
  "bulk_indexing_clients": 90,
  "bulk_size": 10000
 }
}