{
 "benchmark-version": "2.0.0",
 "benchmark-revision": null,
 "environment": "local",
 "test-run-id": "c4626a25-37fd-417d-9072-3bf778aab754",
 "test-run-timestamp": "20251015T200948Z",
 "pipeline": "benchmark-only",
 "user-tags": {},
 "workload": "nyc_taxis",
 "cluster-config-instance": [
  "external"
 ],
 "cluster": {
  "revision": "8ff7c6ee924a49f0f59f80a6e1c73073c8904214",
  "distribution-version": "3.1.0",
  "distribution-flavor": "oss",
  "cluster-config-revision": null
 },
 "results": {
  "op_metrics": [
   {
    "task": "index",
    "operation": "index",
    "throughput": {
     "min": 562221.103146329,
     "mean": 569393.4088300758,
     "median": 569114.0326469546,
     "max": 575756.8238282535,
     "unit": "docs/s"
    },
    "latency": {
     "50_0": 978.2033060000686,
     "90_0": 1721.3507216994913,
     "99_0": 2416.4163610196474,
     "99_9": 3067.5210012754046,
     "100_0": 3548.3591299998807,
     "mean": 1028.862613796505,
     "unit": "ms"
    },
    "service_time": {
     "50_0": 978.2033060000686,
     "90_0": 1721.3507216994913,
     "99_0": 2416.4163610196474,
     "99_9": 3067.5210012754046,
     "100_0": 3548.3591299998807,
     "mean": 1028.862613796505,
     "unit": "ms"
    },
    "client_processing_time": {
     "50_0": 1.3091385008010548,
     "90_0": 1.378070900318562,
     "99_0": 3.7338056794942385,
     "99_9": 42.45686833133555,
     "100_0": 45.29958999955852,
     "mean": 1.179492653356652,
     "unit": "ms"
    },
    "processing_time": {
     "50_0": 982.8630639995026,
     "90_0": 1724.2512131988406,
     "99_0": 2419.3502564708897,
     "99_9": 3070.425725949191,
     "100_0": 3551.2707970010524,
     "mean": 1036.1629460555944,
     "unit": "ms"
    },
    "error_rate": 0.0,
    "duration": 294056.7771879996
   }
  ],
  "correctness_metrics": [
   {
    "task": "index",
    "operation": "index",
    "recall@k": {},
    "recall@1": {},
    "error_rate": 0.0,
    "duration": 294056.7771879996
   }
  ],
  "profile_metrics": [],
  "total_time": 40073816,
  "total_time_per_shard": {
   "min": 48,
   "median": 2512423,
   "max": 2688256,
   "unit": "ms"
  },
  "indexing_throttle_time": 0,
  "indexing_throttle_time_per_shard": {
   "min": 0,
   "median": 0,
   "max": 0,
   "unit": "ms"
  },
  "merge_time": 6883212,
  "merge_time_per_shard": {
   "min": 0,
   "median": 438356,
   "max": 487450,
   "unit": "ms"
  },
  "merge_count": 1108,
  "refresh_time": 558806,
  "refresh_time_per_shard": {
   "min": 303,
   "median": 32998,
   "max": 43243,
   "unit": "ms"
  },
  "refresh_count": 405,
  "flush_time": 1060331,
  "flush_time_per_shard": {
   "min": 0,
   "median": 65004,
   "max": 86051,
   "unit": "ms"
  },
  "flush_count": 172,
  "merge_throttle_time": 1757073,
  "merge_throttle_time_per_shard": {
   "min": 0,
   "median": 109479,
   "max": 143125,
   "unit": "ms"
  },
  "ml_processing_time": [],
  "young_gc_time": 53583,
  "young_gc_count": 1429,
  "old_gc_time": 0,
  "old_gc_count": 0,
  "memory_segments": 0,
  "memory_doc_values": 0,
  "memory_terms": 0,
  "memory_norms": 0,
  "memory_points": 0,
  "memory_stored_fields": 0,
  "store_size": 107737048220,
  "translog_size": 8036750173,
  "segment_count": 1284,
  "total_transform_search_times": [],
  "total_transform_index_times": [],
  "total_transform_processing_times": [],
  "total_transform_throughput": []
 },
 "workload-revision": "31bbb62",
 "test_procedure": "append-no-conflicts",
 "workload-params": {
  "bulk_indexing_clients": 60,
  "bulk_size": 10000,
  "number_of_shards": 16
 }
}