{
 "benchmark-version": "2.0.0",
 "benchmark-revision": null,
 "environment": "local",
 "test-run-id": "f50afd94-9719-4328-ad8c-1269dfc73b8d",
 "test-run-timestamp": "20251015T195853Z",
 "pipeline": "benchmark-only",
 "user-tags": {},
 "workload": "nyc_taxis",
 "cluster-config-instance": [
  "external"
 ],
 "cluster": {
  "revision": "8ff7c6ee924a49f0f59f80a6e1c73073c8904214",
  "distribution-version": "3.1.0",
  "distribution-flavor": "oss",
  "cluster-config-revision": null
 },
 "results": {
  "op_metrics": [
   {
    "task": "index",
    "operation": "index",
    "throughput": {
     "min": 558180.5891968339,
     "mean": 564186.3862722362,
     "median": 564941.5775352042,
     "max": 569382.039518009,
     "unit": "docs/s"
    },
    "latency": {
     "50_0": 938.2460319993697,
     "90_0": 1706.447570400269,
     "99_0": 2848.526515801132,
     "99_9": 4148.192490926559,
     "100_0": 4367.154354000377,
     "mean": 1035.8368194741665,
     "unit": "ms"
    },
    "service_time": {
     "50_0": 938.2460319993697,
     "90_0": 1706.447570400269,
     "99_0": 2848.526515801132,
     "99_9": 4148.192490926559,
     "100_0": 4367.154354000377,
     "mean": 1035.8368194741665,
     "unit": "ms"
    },
    "client_processing_time": {
     "50_0": 1.3134260007063858,
     "90_0": 1.3888893998228014,
     "99_0": 4.070568601491686,
     "99_9": 42.74899593314037,
     "100_0": 45.63483200035989,
     "mean": 1.1926838564564857,
     "unit": "ms"
    },
    "processing_time": {
     "50_0": 953.8780869988841,
     "90_0": 1712.8332484000566,
     "99_0": 2851.4705410195534,
     "99_9": 4150.18688593718,
     "100_0": 4370.036057998732,
     "mean": 1043.4519648218898,
     "unit": "ms"
    },
    "error_rate": 0.0,
    "duration": 295380.06823700015
   }
  ],
  "correctness_metrics": [
   {
    "task": "index",
    "operation": "index",
    "recall@k": {},
    "recall@1": {},
    "error_rate": 0.0,
    "duration": 295380.06823700015
   }
  ],
  "profile_metrics": [],
  "total_time": 41330569,
  "total_time_per_shard": {
   "min": 16,
   "median": 2583906,
   "max": 2675256,
   "unit": "ms"
  },
  "indexing_throttle_time": 0,
  "indexing_throttle_time_per_shard": {
   "min": 0,
   "median": 0,
   "max": 0,
   "unit": "ms"
  },
  "merge_time": 7241734,
  "merge_time_per_shard": {
   "min": 0,
   "median": 438215,
   "max": 524629,
   "unit": "ms"
  },
  "merge_count": 1158,
  "refresh_time": 574071,
  "refresh_time_per_shard": {
   "min": 256,
   "median": 34457,
   "max": 53124,
   "unit": "ms"
  },
  "refresh_count": 401,
  "flush_time": 1023003,
  "flush_time_per_shard": {
   "min": 0,
   "median": 64081,
   "max": 76129,
   "unit": "ms"
  },
  "flush_count": 167,
  "merge_throttle_time": 1887970,
  "merge_throttle_time_per_shard": {
   "min": 0,
   "median": 118129,
   "max": 159154,
   "unit": "ms"
  },
  "ml_processing_time": [],
  "young_gc_time": 55038,
  "young_gc_count": 1375,
  "old_gc_time": 0,
  "old_gc_count": 0,
  "memory_segments": 0,
  "memory_doc_values": 0,
  "memory_terms": 0,
  "memory_norms": 0,
  "memory_points": 0,
  "memory_stored_fields": 0,
  "store_size": 107031092496,
  "translog_size": 11806497162,
  "segment_count": 1288,
  "total_transform_search_times": [],
  "total_transform_index_times": [],
  "total_transform_processing_times": [],
  "total_transform_throughput": []
 },
 "workload-revision": "31bbb62",
 "test_procedure": "append-no-conflicts",
 "workload-params": {
  "bulk_indexing_clients": 60,
  "bulk_size": 10000,
  "number_of_shards": 16
 }
}