{
 "benchmark-version": "2.0.0",
 "benchmark-revision": null,
 "environment": "local",
 "test-run-id": "b8554595-1d92-4d2c-af76-8a91185e1fb2",
 "test-run-timestamp": "20251015T175241Z",
 "pipeline": "benchmark-only",
 "user-tags": {},
 "workload": "nyc_taxis",
 "cluster-config-instance": [
  "external"
 ],
 "cluster": {
  "revision": "8ff7c6ee924a49f0f59f80a6e1c73073c8904214",
  "distribution-version": "3.1.0",
  "distribution-flavor": "oss",
  "cluster-config-revision": null
 },
 "results": {
  "op_metrics": [
   {
    "task": "index",
    "operation": "index",
    "throughput": {
     "min": 600968.5110796936,
     "mean": 603022.7367261398,
     "median": 602635.4572615759,
     "max": 606298.0480728513,
     "unit": "docs/s"
    },
    "latency": {
     "50_0": 839.3360939999752,
     "90_0": 1442.6370938999753,
     "99_0": 1921.876625699938,
     "99_9": 2210.7210468370763,
     "100_0": 2528.4582949999503,
     "mean": 865.026023814315,
     "unit": "ms"
    },
    "service_time": {
     "50_0": 839.3360939999752,
     "90_0": 1442.6370938999753,
     "99_0": 1921.876625699938,
     "99_9": 2210.7210468370763,
     "100_0": 2528.4582949999503,
     "mean": 865.026023814315,
     "unit": "ms"
    },
    "client_processing_time": {
     "50_0": 1.3061469999229303,
     "90_0": 1.3792811999678634,
     "99_0": 3.743767179981893,
     "99_9": 36.55508361494988,
     "100_0": 42.62183299999833,
     "mean": 1.1635329382798372,
     "unit": "ms"
    },
    "processing_time": {
     "50_0": 847.8538915000513,
     "90_0": 1447.0326981999958,
     "99_0": 1924.6075691900023,
     "99_9": 2215.663248009962,
     "100_0": 2533.045603000005,
     "mean": 872.3526219481345,
     "unit": "ms"
    },
    "error_rate": 0.0,
    "duration": 272805.0741239999
   }
  ],
  "correctness_metrics": [
   {
    "task": "index",
    "operation": "index",
    "recall@k": {},
    "recall@1": {},
    "error_rate": 0.0,
    "duration": 272805.0741239999
   }
  ],
  "profile_metrics": [],
  "total_time": 38343015,
  "total_time_per_shard": {
   "min": 2311252,
   "median": 2388019.5,
   "max": 2497559,
   "unit": "ms"
  },
  "indexing_throttle_time": 0,
  "indexing_throttle_time_per_shard": {
   "min": 0,
   "median": 0.0,
   "max": 0,
   "unit": "ms"
  },
  "merge_time": 6782118,
  "merge_time_per_shard": {
   "min": 380570,
   "median": 422281.0,
   "max": 478200,
   "unit": "ms"
  },
  "merge_count": 1134,
  "refresh_time": 511128,
  "refresh_time_per_shard": {
   "min": 25207,
   "median": 30368.5,
   "max": 53544,
   "unit": "ms"
  },
  "refresh_count": 378,
  "flush_time": 1060381,
  "flush_time_per_shard": {
   "min": 52888,
   "median": 66206.5,
   "max": 85391,
   "unit": "ms"
  },
  "flush_count": 172,
  "merge_throttle_time": 1734086,
  "merge_throttle_time_per_shard": {
   "min": 80952,
   "median": 106817.5,
   "max": 146733,
   "unit": "ms"
  },
  "ml_processing_time": [],
  "young_gc_time": 52269,
  "young_gc_count": 1475,
  "old_gc_time": 0,
  "old_gc_count": 0,
  "memory_segments": 0,
  "memory_doc_values": 0,
  "memory_terms": 0,
  "memory_norms": 0,
  "memory_points": 0,
  "memory_stored_fields": 0,
  "store_size": 103207009040,
  "translog_size": 9484151857,
  "segment_count": 1157,
  "total_transform_search_times": [],
  "total_transform_index_times": [],
  "total_transform_processing_times": [],
  "total_transform_throughput": []
 },
 "workload-revision": "31bbb62",
 "test_procedure": "append-no-conflicts",
 "workload-params": {
  "bulk_indexing_clients": 60,
  "bulk_size": 10000,
  "number_of_shards": 16
 }
}