{
  "test_run_id": "a3b778e4-1f40-4014-889b-720618815ab0",
  "throughput": {
    "min": 490415.2070362069,
    "mean": 504117.55133386544,
    "median": 503425.69972110714,
    "max": 517793.05087864003,
    "unit": "docs/s"
  },
  "latency": {
    "50_0": 1322.6227539998945,
    "90_0": 1973.7221593994036,
    "99_0": 2399.9084650591594,
    "99_9": 2574.0693879770342,
    "100_0": 2682.2847759995057,
    "mean": 1283.4969225882692,
    "unit": "ms"
  },
  "service_time": {
    "50_0": 1322.6227539998945,
    "90_0": 1973.7221593994036,
    "99_0": 2399.9084650591594,
    "99_9": 2574.0693879770342,
    "100_0": 2682.2847759995057,
    "mean": 1283.4969225882692,
    "unit": "ms"
  },
  "error_rate": 0.0
}
