{
 "benchmark-version": "2.0.0",
 "benchmark-revision": null,
 "environment": "local",
 "test-run-id": "60108369-1c90-42c3-8d20-22f1b8b74776",
 "test-run-timestamp": "20251009T213119Z",
 "pipeline": "benchmark-only",
 "user-tags": {},
 "workload": "nyc_taxis",
 "cluster-config-instance": [
  "external"
 ],
 "cluster": {
  "revision": "8ff7c6ee924a49f0f59f80a6e1c73073c8904214",
  "distribution-version": "3.1.0",
  "distribution-flavor": "oss",
  "cluster-config-revision": null
 },
 "results": {
  "op_metrics": [
   {
    "task": "index",
    "operation": "index",
    "throughput": {
     "min": 477728.05726919096,
     "mean": 483479.01697363035,
     "median": 483653.0223181534,
     "max": 486800.43863096746,
     "unit": "docs/s"
    },
    "latency": {
     "50_0": 1135.112129000845,
     "90_0": 1906.3007790002305,
     "99_0": 2635.8475543190443,
     "99_9": 3026.846135292081,
     "100_0": 3153.4065779997036,
     "mean": 1184.966237935488,
     "unit": "ms"
    },
    "service_time": {
     "50_0": 1135.112129000845,
     "90_0": 1906.3007790002305,
     "99_0": 2635.8475543190443,
     "99_9": 3026.846135292081,
     "100_0": 3153.4065779997036,
     "mean": 1184.966237935488,
     "unit": "ms"
    },
    "client_processing_time": {
     "50_0": 1.332792999164667,
     "90_0": 1.566329600973404,
     "99_0": 38.05679331904685,
     "99_9": 72.94177521700544,
     "100_0": 77.77161899866769,
     "mean": 2.078571931726002,
     "unit": "ms"
    },
    "processing_time": {
     "50_0": 1144.2713199994614,
     "90_0": 1911.824756800707,
     "99_0": 2638.884568881259,
     "99_9": 3030.0257399121056,
     "100_0": 3156.3270819988247,
     "mean": 1193.0077118882377,
     "unit": "ms"
    },
    "error_rate": 0.0,
    "duration": 344748.6618490002
   }
  ],
  "correctness_metrics": [
   {
    "task": "index",
    "operation": "index",
    "recall@k": {},
    "recall@1": {},
    "error_rate": 0.0,
    "duration": 344748.6618490002
   }
  ],
  "profile_metrics": [],
  "total_time": 15471509,
  "total_time_per_shard": {
   "min": 2,
   "median": 7727939,
   "max": 7743568,
   "unit": "ms"
  },
  "indexing_throttle_time": 25344,
  "indexing_throttle_time_per_shard": {
   "min": 0,
   "median": 12191,
   "max": 13153,
   "unit": "ms"
  },
  "merge_time": 2783664,
  "merge_time_per_shard": {
   "min": 0,
   "median": 1320021,
   "max": 1463643,
   "unit": "ms"
  },
  "merge_count": 915,
  "refresh_time": 69334,
  "refresh_time_per_shard": {
   "min": 16,
   "median": 32310,
   "max": 37008,
   "unit": "ms"
  },
  "refresh_count": 137,
  "flush_time": 231458,
  "flush_time_per_shard": {
   "min": 0,
   "median": 111252,
   "max": 120206,
   "unit": "ms"
  },
  "flush_count": 96,
  "merge_throttle_time": 53774,
  "merge_throttle_time_per_shard": {
   "min": 0,
   "median": 17584,
   "max": 36190,
   "unit": "ms"
  },
  "ml_processing_time": [],
  "young_gc_time": 9000,
  "young_gc_count": 417,
  "old_gc_time": 0,
  "old_gc_count": 0,
  "memory_segments": 0,
  "memory_doc_values": 0,
  "memory_terms": 0,
  "memory_norms": 0,
  "memory_points": 0,
  "memory_stored_fields": 0,
  "store_size": 70553782131,
  "translog_size": 2741196024,
  "segment_count": 210,
  "total_transform_search_times": [],
  "total_transform_index_times": [],
  "total_transform_processing_times": [],
  "total_transform_throughput": []
 },
 "workload-revision": "efdc1fe",
 "test_procedure": "append-no-conflicts",
 "workload-params": {
  "bulk_indexing_clients": 60,
  "bulk_size": 10000
 }
}