{
  "test_run_id": "ba7c505f-73f5-4bab-b400-a9787bdbc4e5",
  "throughput": {
    "min": 472282.83297198464,
    "mean": 478530.88303590653,
    "median": 478729.95980795554,
    "max": 483354.7450765474,
    "unit": "docs/s"
  },
  "latency": {
    "50_0": 1177.995619000285,
    "90_0": 1819.1348038995784,
    "99_0": 2623.430780978798,
    "99_9": 3200.174644360776,
    "100_0": 3551.967675000924,
    "mean": 1185.9569299703721,
    "unit": "ms"
  },
  "service_time": {
    "50_0": 1177.995619000285,
    "90_0": 1819.1348038995784,
    "99_0": 2623.430780978798,
    "99_9": 3200.174644360776,
    "100_0": 3551.967675000924,
    "mean": 1185.9569299703721,
    "unit": "ms"
  },
  "error_rate": 0.0
}
