{
  "test_run_id": "60108369-1c90-42c3-8d20-22f1b8b74776",
  "throughput": {
    "min": 477728.05726919096,
    "mean": 483479.01697363035,
    "median": 483653.0223181534,
    "max": 486800.43863096746,
    "unit": "docs/s"
  },
  "latency": {
    "50_0": 1135.112129000845,
    "90_0": 1906.3007790002305,
    "99_0": 2635.8475543190443,
    "99_9": 3026.846135292081,
    "100_0": 3153.4065779997036,
    "mean": 1184.966237935488,
    "unit": "ms"
  },
  "service_time": {
    "50_0": 1135.112129000845,
    "90_0": 1906.3007790002305,
    "99_0": 2635.8475543190443,
    "99_9": 3026.846135292081,
    "100_0": 3153.4065779997036,
    "mean": 1184.966237935488,
    "unit": "ms"
  },
  "error_rate": 0.0
}
