{
  "test_run_id": "d516bd2f-122e-488b-a905-0c368646bba2",
  "throughput": {
    "min": 446780.94524907955,
    "mean": 456201.71573614964,
    "median": 456603.5917522792,
    "max": 460944.08248963533,
    "unit": "docs/s"
  },
  "latency": {
    "50_0": 1194.577408999976,
    "90_0": 2251.0236360009003,
    "99_0": 3021.1780522794297,
    "99_9": 3412.0029735520707,
    "100_0": 4379.776667999977,
    "mean": 1258.4128115568733,
    "unit": "ms"
  },
  "service_time": {
    "50_0": 1194.577408999976,
    "90_0": 2251.0236360009003,
    "99_0": 3021.1780522794297,
    "99_9": 3412.0029735520707,
    "100_0": 4379.776667999977,
    "mean": 1258.4128115568733,
    "unit": "ms"
  },
  "error_rate": 0.0
}
