{
 "benchmark-version": "2.0.0",
 "benchmark-revision": null,
 "environment": "local",
 "test-run-id": "ed3bedc4-eac0-4431-b2bd-28513d360fc2",
 "test-run-timestamp": "20251008T170758Z",
 "pipeline": "benchmark-only",
 "user-tags": {},
 "workload": "nyc_taxis",
 "cluster-config-instance": [
  "external"
 ],
 "cluster": {
  "revision": "8ff7c6ee924a49f0f59f80a6e1c73073c8904214",
  "distribution-version": "3.1.0",
  "distribution-flavor": "oss",
  "cluster-config-revision": null
 },
 "results": {
  "op_metrics": [
   {
    "task": "index",
    "operation": "index",
    "throughput": {
     "min": 344316.1541515619,
     "mean": 351457.5712459952,
     "median": 352287.5341183535,
     "max": 357269.7402825694,
     "unit": "docs/s"
    },
    "latency": {
     "50_0": 2824.368511995999,
     "90_0": 4270.248321503459,
     "99_0": 5534.180739649671,
     "99_9": 6449.519900083544,
     "100_0": 7061.485505000746,
     "mean": 2835.5141773889654,
     "unit": "ms"
    },
    "service_time": {
     "50_0": 2824.368511995999,
     "90_0": 4270.248321503459,
     "99_0": 5534.180739649671,
     "99_9": 6449.519900083544,
     "100_0": 7061.485505000746,
     "mean": 2835.5141773889654,
     "unit": "ms"
    },
    "client_processing_time": {
     "50_0": 1.3158999900042545,
     "90_0": 1.5826304988877382,
     "99_0": 25.72284724265015,
     "99_9": 88.20389970696903,
     "100_0": 138.61051099956967,
     "mean": 1.891930910476609,
     "unit": "ms"
    },
    "processing_time": {
     "50_0": 2835.8620590006467,
     "90_0": 4282.666231498297,
     "99_0": 5537.052923698863,
     "99_9": 6511.6996011588835,
     "100_0": 7064.395282002806,
     "mean": 2846.377878434398,
     "unit": "ms"
    },
    "error_rate": 0.0,
    "duration": 475049.3808570027
   }
  ],
  "correctness_metrics": [
   {
    "task": "index",
    "operation": "index",
    "recall@k": {},
    "recall@1": {},
    "error_rate": 0.0,
    "duration": 475049.3808570027
   }
  ],
  "profile_metrics": [],
  "total_time": 33653959,
  "total_time_per_shard": {
   "min": 15281091,
   "median": 16826979.5,
   "max": 18372868,
   "unit": "ms"
  },
  "indexing_throttle_time": 129638,
  "indexing_throttle_time_per_shard": {
   "min": 52958,
   "median": 64819.0,
   "max": 76680,
   "unit": "ms"
  },
  "merge_time": 4524707,
  "merge_time_per_shard": {
   "min": 2253208,
   "median": 2262353.5,
   "max": 2271499,
   "unit": "ms"
  },
  "merge_count": 1107,
  "refresh_time": 100584,
  "refresh_time_per_shard": {
   "min": 45551,
   "median": 50292.0,
   "max": 55033,
   "unit": "ms"
  },
  "refresh_count": 132,
  "flush_time": 305758,
  "flush_time_per_shard": {
   "min": 145520,
   "median": 152879.0,
   "max": 160238,
   "unit": "ms"
  },
  "flush_count": 92,
  "merge_throttle_time": 35107,
  "merge_throttle_time_per_shard": {
   "min": 16914,
   "median": 17553.5,
   "max": 18193,
   "unit": "ms"
  },
  "ml_processing_time": [],
  "young_gc_time": 35588,
  "young_gc_count": 1160,
  "old_gc_time": 0,
  "old_gc_count": 0,
  "memory_segments": 0,
  "memory_doc_values": 0,
  "memory_terms": 0,
  "memory_norms": 0,
  "memory_points": 0,
  "memory_stored_fields": 0,
  "store_size": 69045693778,
  "translog_size": 3029042818,
  "segment_count": 252,
  "total_transform_search_times": [],
  "total_transform_index_times": [],
  "total_transform_processing_times": [],
  "total_transform_throughput": []
 },
 "workload-revision": "32d8806",
 "test_procedure": "append-no-conflicts",
 "workload-params": {
  "bulk_indexing_clients": 100,
  "bulk_size": 10000
 }
}