{
  "test_run_id": "aeefa8cf-6938-4270-a3a2-0e61cbd57887",
  "throughput": {
    "min": 340041.6928371697,
    "mean": 346897.8905357639,
    "median": 347344.35060601117,
    "max": 355075.72251455835,
    "unit": "docs/s"
  },
  "latency": {
    "50_0": 2903.3653839942417,
    "90_0": 4397.871511397534,
    "99_0": 5551.256295322672,
    "99_9": 6757.9496891650715,
    "100_0": 7234.785946995544,
    "mean": 2918.1604710285314,
    "unit": "ms"
  },
  "service_time": {
    "50_0": 2903.3653839942417,
    "90_0": 4397.871511397534,
    "99_0": 5551.256295322672,
    "99_9": 6757.9496891650715,
    "100_0": 7234.785946995544,
    "mean": 2918.1604710285314,
    "unit": "ms"
  },
  "error_rate": 0.0
}
