{
  "test_run_id": "97e529f6-313e-46bf-b1ee-520f19365a82",
  "throughput": {
    "min": 347121.5006231025,
    "mean": 356189.2541684749,
    "median": 355691.0877107068,
    "max": 368404.03668781125,
    "unit": "docs/s"
  },
  "latency": {
    "50_0": 2880.2025979966857,
    "90_0": 4362.812900201243,
    "99_0": 5895.335387083614,
    "99_9": 7521.820309392242,
    "100_0": 7654.54731900536,
    "mean": 2908.99192062017,
    "unit": "ms"
  },
  "service_time": {
    "50_0": 2880.2025979966857,
    "90_0": 4362.812900201243,
    "99_0": 5895.335387083614,
    "99_9": 7521.820309392242,
    "100_0": 7654.54731900536,
    "mean": 2908.99192062017,
    "unit": "ms"
  },
  "error_rate": 0.0
}
