{
  "test_run_id": "284273d5-1a54-4051-9674-66d7685d9f6d",
  "throughput": {
    "min": 348618.19595095713,
    "mean": 361211.55836177396,
    "median": 361260.81318089657,
    "max": 376048.2845550641,
    "unit": "docs/s"
  },
  "latency": {
    "50_0": 2823.552217996621,
    "90_0": 4521.295506795286,
    "99_0": 6245.4314211197225,
    "99_9": 6970.910627998183,
    "100_0": 7164.020590003929,
    "mean": 2958.3678106611674,
    "unit": "ms"
  },
  "service_time": {
    "50_0": 2823.552217996621,
    "90_0": 4521.295506795286,
    "99_0": 6245.4314211197225,
    "99_9": 6970.910627998183,
    "100_0": 7164.020590003929,
    "mean": 2958.3678106611674,
    "unit": "ms"
  },
  "error_rate": 0.0
}
