{
  "test_run_id": "e7380abd-bb66-453a-8bf0-3af63454900b",
  "throughput": {
    "min": 330874.2149188525,
    "mean": 336353.9332894536,
    "median": 335105.1469790429,
    "max": 345192.5744019828,
    "unit": "docs/s"
  },
  "latency": {
    "50_0": 3066.5089289977914,
    "90_0": 4417.569181401632,
    "99_0": 5636.146552280114,
    "99_9": 6411.175949697587,
    "100_0": 6653.064108999388,
    "mean": 2989.1075071637806,
    "unit": "ms"
  },
  "service_time": {
    "50_0": 3066.5089289977914,
    "90_0": 4417.569181401632,
    "99_0": 5636.146552280114,
    "99_9": 6411.175949697587,
    "100_0": 6653.064108999388,
    "mean": 2989.1075071637806,
    "unit": "ms"
  },
  "error_rate": 0.0
}
