{
 "benchmark-version": "2.0.0",
 "benchmark-revision": null,
 "environment": "local",
 "test-run-id": "9d99417b-e96b-43fa-9fe1-f246a462955c",
 "test-run-timestamp": "20251008T194828Z",
 "pipeline": "benchmark-only",
 "user-tags": {},
 "workload": "nyc_taxis",
 "cluster-config-instance": [
  "external"
 ],
 "cluster": {
  "revision": "8ff7c6ee924a49f0f59f80a6e1c73073c8904214",
  "distribution-version": "3.1.0",
  "distribution-flavor": "oss",
  "cluster-config-revision": null
 },
 "results": {
  "op_metrics": [
   {
    "task": "index",
    "operation": "index",
    "throughput": {
     "min": 350012.14364789735,
     "mean": 359865.5200999651,
     "median": 360120.88201271434,
     "max": 367553.61068210256,
     "unit": "docs/s"
    },
    "latency": {
     "50_0": 2860.3683300025295,
     "90_0": 4192.325251201692,
     "99_0": 5341.366898800625,
     "99_9": 5951.629836535302,
     "100_0": 6171.225717997004,
     "mean": 2834.5880272968366,
     "unit": "ms"
    },
    "service_time": {
     "50_0": 2860.3683300025295,
     "90_0": 4192.325251201692,
     "99_0": 5341.366898800625,
     "99_9": 5951.629836535302,
     "100_0": 6171.225717997004,
     "mean": 2834.5880272968366,
     "unit": "ms"
    },
    "client_processing_time": {
     "50_0": 1.3171739992685616,
     "90_0": 1.8707550058024984,
     "99_0": 38.33294619820642,
     "99_9": 83.12702460780685,
     "100_0": 127.25180800043745,
     "mean": 1.9417824899911258,
     "unit": "ms"
    },
    "processing_time": {
     "50_0": 2873.1716940019396,
     "90_0": 4205.433579397504,
     "99_0": 5353.925960724154,
     "99_9": 5954.623499062293,
     "100_0": 6214.382321995799,
     "mean": 2844.9737849090734,
     "unit": "ms"
    },
    "error_rate": 0.0,
    "duration": 469514.1906869976
   }
  ],
  "correctness_metrics": [
   {
    "task": "index",
    "operation": "index",
    "recall@k": {},
    "recall@1": {},
    "error_rate": 0.0,
    "duration": 469514.1906869976
   }
  ],
  "profile_metrics": [],
  "total_time": 34347754,
  "total_time_per_shard": {
   "min": 6,
   "median": 16583225,
   "max": 17764523,
   "unit": "ms"
  },
  "indexing_throttle_time": 116292,
  "indexing_throttle_time_per_shard": {
   "min": 0,
   "median": 51562,
   "max": 64730,
   "unit": "ms"
  },
  "merge_time": 4657625,
  "merge_time_per_shard": {
   "min": 12,
   "median": 2267781,
   "max": 2389832,
   "unit": "ms"
  },
  "merge_count": 1116,
  "refresh_time": 100113,
  "refresh_time_per_shard": {
   "min": 36,
   "median": 49321,
   "max": 50756,
   "unit": "ms"
  },
  "refresh_count": 147,
  "flush_time": 285522,
  "flush_time_per_shard": {
   "min": 37,
   "median": 140984,
   "max": 144501,
   "unit": "ms"
  },
  "flush_count": 93,
  "merge_throttle_time": 14536,
  "merge_throttle_time_per_shard": {
   "min": 0,
   "median": 6535,
   "max": 8001,
   "unit": "ms"
  },
  "ml_processing_time": [],
  "young_gc_time": 58428,
  "young_gc_count": 3262,
  "old_gc_time": 0,
  "old_gc_count": 0,
  "memory_segments": 0,
  "memory_doc_values": 0,
  "memory_terms": 0,
  "memory_norms": 0,
  "memory_points": 0,
  "memory_stored_fields": 0,
  "store_size": 70481747893,
  "translog_size": 1201435999,
  "segment_count": 246,
  "total_transform_search_times": [],
  "total_transform_index_times": [],
  "total_transform_processing_times": [],
  "total_transform_throughput": []
 },
 "workload-revision": "32d8806",
 "test_procedure": "append-no-conflicts",
 "workload-params": {
  "bulk_indexing_clients": 100,
  "bulk_size": 10000
 }
}