{
  "test_run_id": "367a7439-11e4-4eff-b513-85e7919306db",
  "throughput": {
    "min": 346276.70842120255,
    "mean": 355450.8479608976,
    "median": 355027.1720453469,
    "max": 364102.9149424038,
    "unit": "docs/s"
  },
  "latency": {
    "50_0": 2867.9310779989464,
    "90_0": 4296.021528400888,
    "99_0": 5590.426893183833,
    "99_9": 6310.953547960784,
    "100_0": 6757.702169998083,
    "mean": 2905.370360516631,
    "unit": "ms"
  },
  "service_time": {
    "50_0": 2867.9310779989464,
    "90_0": 4296.021528400888,
    "99_0": 5590.426893183833,
    "99_9": 6310.953547960784,
    "100_0": 6757.702169998083,
    "mean": 2905.370360516631,
    "unit": "ms"
  },
  "error_rate": 0.0
}
