{
  "test_run_id": "a43c928d-9da9-4314-9063-83bcbb7a90e8",
  "throughput": {
    "min": 350515.1978447711,
    "mean": 364163.28624534036,
    "median": 364579.81588126486,
    "max": 373599.2880595527,
    "unit": "docs/s"
  },
  "latency": {
    "50_0": 2829.817326997727,
    "90_0": 4266.7311304976465,
    "99_0": 5777.710623999155,
    "99_9": 6238.491488546637,
    "100_0": 6345.936710000387,
    "mean": 2874.989024545618,
    "unit": "ms"
  },
  "service_time": {
    "50_0": 2829.817326997727,
    "90_0": 4266.7311304976465,
    "99_0": 5777.710623999155,
    "99_9": 6238.491488546637,
    "100_0": 6345.936710000387,
    "mean": 2874.989024545618,
    "unit": "ms"
  },
  "error_rate": 0.0
}
