{
  "test_run_id": "ef301c61-466b-4c49-99ca-f52a8fa8fdeb",
  "throughput": {
    "min": 351647.6285792899,
    "mean": 361159.91118696897,
    "median": 362373.3226861104,
    "max": 371411.72884236294,
    "unit": "docs/s"
  },
  "latency": {
    "50_0": 2791.3638609970803,
    "90_0": 4299.825301801321,
    "99_0": 5387.789475360769,
    "99_9": 6108.173894770156,
    "100_0": 6284.632461000001,
    "mean": 2818.836916650438,
    "unit": "ms"
  },
  "service_time": {
    "50_0": 2791.3638609970803,
    "90_0": 4299.825301801321,
    "99_0": 5387.789475360769,
    "99_9": 6108.173894770156,
    "100_0": 6284.632461000001,
    "mean": 2818.836916650438,
    "unit": "ms"
  },
  "error_rate": 0.0
}
