{
 "benchmark-version": "2.0.0",
 "benchmark-revision": null,
 "environment": "local",
 "test-run-id": "a43c928d-9da9-4314-9063-83bcbb7a90e8",
 "test-run-timestamp": "20251008T190409Z",
 "pipeline": "benchmark-only",
 "user-tags": {},
 "workload": "nyc_taxis",
 "cluster-config-instance": [
  "external"
 ],
 "cluster": {
  "revision": "8ff7c6ee924a49f0f59f80a6e1c73073c8904214",
  "distribution-version": "3.1.0",
  "distribution-flavor": "oss",
  "cluster-config-revision": null
 },
 "results": {
  "op_metrics": [
   {
    "task": "index",
    "operation": "index",
    "throughput": {
     "min": 350515.1978447711,
     "mean": 364163.28624534036,
     "median": 364579.81588126486,
     "max": 373599.2880595527,
     "unit": "docs/s"
    },
    "latency": {
     "50_0": 2829.817326997727,
     "90_0": 4266.7311304976465,
     "99_0": 5777.710623999155,
     "99_9": 6238.491488546637,
     "100_0": 6345.936710000387,
     "mean": 2874.989024545618,
     "unit": "ms"
    },
    "service_time": {
     "50_0": 2829.817326997727,
     "90_0": 4266.7311304976465,
     "99_0": 5777.710623999155,
     "99_9": 6238.491488546637,
     "100_0": 6345.936710000387,
     "mean": 2874.989024545618,
     "unit": "ms"
    },
    "client_processing_time": {
     "50_0": 1.3199819950386882,
     "90_0": 2.4834499999997206,
     "99_0": 9.416705250259838,
     "99_9": 50.657536201288295,
     "100_0": 126.52705200162018,
     "mean": 1.7547533305249063,
     "unit": "ms"
    },
    "processing_time": {
     "50_0": 2838.1689854977594,
     "90_0": 4272.1044384998095,
     "99_0": 5780.780628248976,
     "99_9": 6241.709100126203,
     "100_0": 6382.175290993473,
     "mean": 2883.166107014281,
     "unit": "ms"
    },
    "error_rate": 0.0,
    "duration": 468724.4693169996
   }
  ],
  "correctness_metrics": [
   {
    "task": "index",
    "operation": "index",
    "recall@k": {},
    "recall@1": {},
    "error_rate": 0.0,
    "duration": 468724.4693169996
   }
  ],
  "profile_metrics": [],
  "total_time": 35305957,
  "total_time_per_shard": {
   "min": 16,
   "median": 17294653,
   "max": 18011288,
   "unit": "ms"
  },
  "indexing_throttle_time": 140774,
  "indexing_throttle_time_per_shard": {
   "min": 0,
   "median": 70145,
   "max": 70629,
   "unit": "ms"
  },
  "merge_time": 4765348,
  "merge_time_per_shard": {
   "min": 44,
   "median": 2375731,
   "max": 2389573,
   "unit": "ms"
  },
  "merge_count": 1082,
  "refresh_time": 92056,
  "refresh_time_per_shard": {
   "min": 151,
   "median": 45566,
   "max": 46339,
   "unit": "ms"
  },
  "refresh_count": 146,
  "flush_time": 287979,
  "flush_time_per_shard": {
   "min": 86,
   "median": 143707,
   "max": 144186,
   "unit": "ms"
  },
  "flush_count": 94,
  "merge_throttle_time": 15450,
  "merge_throttle_time_per_shard": {
   "min": 0,
   "median": 4778,
   "max": 10672,
   "unit": "ms"
  },
  "ml_processing_time": [],
  "young_gc_time": 49743,
  "young_gc_count": 2495,
  "old_gc_time": 0,
  "old_gc_count": 0,
  "memory_segments": 0,
  "memory_doc_values": 0,
  "memory_terms": 0,
  "memory_norms": 0,
  "memory_points": 0,
  "memory_stored_fields": 0,
  "store_size": 72453279013,
  "translog_size": 1396058265,
  "segment_count": 390,
  "total_transform_search_times": [],
  "total_transform_index_times": [],
  "total_transform_processing_times": [],
  "total_transform_throughput": []
 },
 "workload-revision": "32d8806",
 "test_procedure": "append-no-conflicts",
 "workload-params": {
  "bulk_indexing_clients": 100,
  "bulk_size": 10000
 }
}