{
  "test_run_id": "00479322-0061-4a46-912c-c5c56ac06739",
  "throughput": {
    "min": 340563.89770885685,
    "mean": 352020.0730567778,
    "median": 351264.4887154951,
    "max": 364646.6021022334,
    "unit": "docs/s"
  },
  "latency": {
    "50_0": 2953.0033684968657,
    "90_0": 4638.908603996242,
    "99_0": 5972.598938500232,
    "99_9": 6498.277910853122,
    "100_0": 7612.882146000629,
    "mean": 3006.082343410897,
    "unit": "ms"
  },
  "service_time": {
    "50_0": 2953.0033684968657,
    "90_0": 4638.908603996242,
    "99_0": 5972.598938500232,
    "99_9": 6498.277910853122,
    "100_0": 7612.882146000629,
    "mean": 3006.082343410897,
    "unit": "ms"
  },
  "error_rate": 0.0
}
