{
  "test_run_id": "b174e985-a494-4b31-bdb4-1ad0a8163d5e",
  "throughput": {
    "min": 343965.3467826051,
    "mean": 350914.2280821978,
    "median": 352118.9362197723,
    "max": 358889.68273599434,
    "unit": "docs/s"
  },
  "latency": {
    "50_0": 2929.7306859953096,
    "90_0": 4233.394753803441,
    "99_0": 5713.284073723335,
    "99_9": 6163.1850035625375,
    "100_0": 7382.8912819953985,
    "mean": 2895.950969231612,
    "unit": "ms"
  },
  "service_time": {
    "50_0": 2929.7306859953096,
    "90_0": 4233.394753803441,
    "99_0": 5713.284073723335,
    "99_9": 6163.1850035625375,
    "100_0": 7382.8912819953985,
    "mean": 2895.950969231612,
    "unit": "ms"
  },
  "error_rate": 0.0
}
