{
  "test_run_id": "9b1ffecf-b9b2-41b1-a068-482c1b8bd84a",
  "throughput": {
    "min": 356262.2062616498,
    "mean": 366952.3593389107,
    "median": 366407.9295199468,
    "max": 378348.06602716283,
    "unit": "docs/s"
  },
  "latency": {
    "50_0": 2714.7852950001834,
    "90_0": 4245.764545798012,
    "99_0": 5609.551398121116,
    "99_9": 9658.05913267876,
    "100_0": 9855.27867500059,
    "mean": 2801.0767759332484,
    "unit": "ms"
  },
  "service_time": {
    "50_0": 2714.7852950001834,
    "90_0": 4245.764545798012,
    "99_0": 5609.551398121116,
    "99_9": 9658.05913267876,
    "100_0": 9855.27867500059,
    "mean": 2801.0767759332484,
    "unit": "ms"
  },
  "error_rate": 0.0
}
