{
  "test_run_id": "afc35df3-0b9d-409b-a06a-717e1bfec745",
  "throughput": {
    "min": 345814.8992208128,
    "mean": 356311.0703671192,
    "median": 354455.54608302336,
    "max": 368692.27439396165,
    "unit": "docs/s"
  },
  "latency": {
    "50_0": 2857.6416975010943,
    "90_0": 4500.242234599136,
    "99_0": 5718.062503731274,
    "99_9": 7070.523795801852,
    "100_0": 7169.726223000907,
    "mean": 2904.5273893293634,
    "unit": "ms"
  },
  "service_time": {
    "50_0": 2857.6416975010943,
    "90_0": 4500.242234599136,
    "99_0": 5718.062503731274,
    "99_9": 7070.523795801852,
    "100_0": 7169.726223000907,
    "mean": 2904.5273893293634,
    "unit": "ms"
  },
  "error_rate": 0.0
}
