{
 "benchmark-version": "2.0.0",
 "benchmark-revision": null,
 "environment": "local",
 "test-run-id": "d0da83e1-9c82-41f6-828f-983e66eabde5",
 "test-run-timestamp": "20251008T180857Z",
 "pipeline": "benchmark-only",
 "user-tags": {},
 "workload": "nyc_taxis",
 "cluster-config-instance": [
  "external"
 ],
 "cluster": {
  "revision": "8ff7c6ee924a49f0f59f80a6e1c73073c8904214",
  "distribution-version": "3.1.0",
  "distribution-flavor": "oss",
  "cluster-config-revision": null
 },
 "results": {
  "op_metrics": [
   {
    "task": "index",
    "operation": "index",
    "throughput": {
     "min": 339289.94755545433,
     "mean": 350056.06857019593,
     "median": 349699.3089325689,
     "max": 363468.40136418835,
     "unit": "docs/s"
    },
    "latency": {
     "50_0": 2834.7741769975983,
     "90_0": 4842.2557469966705,
     "99_0": 5976.188870397895,
     "99_9": 6707.824445636306,
     "100_0": 7878.880596996169,
     "mean": 2974.8329702940596,
     "unit": "ms"
    },
    "service_time": {
     "50_0": 2834.7741769975983,
     "90_0": 4842.2557469966705,
     "99_0": 5976.188870397895,
     "99_9": 6707.824445636306,
     "100_0": 7878.880596996169,
     "mean": 2974.8329702940596,
     "unit": "ms"
    },
    "client_processing_time": {
     "50_0": 1.3186240030336194,
     "90_0": 3.5156579906470142,
     "99_0": 9.936911697150263,
     "99_9": 78.38007345133559,
     "100_0": 138.094480993459,
     "mean": 1.9236619831478696,
     "unit": "ms"
    },
    "processing_time": {
     "50_0": 2840.5356420043972,
     "90_0": 4848.567292996449,
     "99_0": 5990.511718497879,
     "99_9": 6710.8830909850985,
     "100_0": 7921.5505000029225,
     "mean": 2983.5686197115833,
     "unit": "ms"
    },
    "error_rate": 0.0,
    "duration": 485840.6981480002
   }
  ],
  "correctness_metrics": [
   {
    "task": "index",
    "operation": "index",
    "recall@k": {},
    "recall@1": {},
    "error_rate": 0.0,
    "duration": 485840.6981480002
   }
  ],
  "profile_metrics": [],
  "total_time": 34639958,
  "total_time_per_shard": {
   "min": 2,
   "median": 16990609,
   "max": 17649347,
   "unit": "ms"
  },
  "indexing_throttle_time": 133892,
  "indexing_throttle_time_per_shard": {
   "min": 0,
   "median": 62909,
   "max": 70983,
   "unit": "ms"
  },
  "merge_time": 5154770,
  "merge_time_per_shard": {
   "min": 7,
   "median": 2572617,
   "max": 2582146,
   "unit": "ms"
  },
  "merge_count": 1110,
  "refresh_time": 100985,
  "refresh_time_per_shard": {
   "min": 20,
   "median": 49409,
   "max": 51556,
   "unit": "ms"
  },
  "refresh_count": 142,
  "flush_time": 285561,
  "flush_time_per_shard": {
   "min": 25,
   "median": 132011,
   "max": 153525,
   "unit": "ms"
  },
  "flush_count": 91,
  "merge_throttle_time": 12277,
  "merge_throttle_time_per_shard": {
   "min": 0,
   "median": 5481,
   "max": 6796,
   "unit": "ms"
  },
  "ml_processing_time": [],
  "young_gc_time": 39612,
  "young_gc_count": 1692,
  "old_gc_time": 0,
  "old_gc_count": 0,
  "memory_segments": 0,
  "memory_doc_values": 0,
  "memory_terms": 0,
  "memory_norms": 0,
  "memory_points": 0,
  "memory_stored_fields": 0,
  "store_size": 74432301248,
  "translog_size": 2183864028,
  "segment_count": 403,
  "total_transform_search_times": [],
  "total_transform_index_times": [],
  "total_transform_processing_times": [],
  "total_transform_throughput": []
 },
 "workload-revision": "32d8806",
 "test_procedure": "append-no-conflicts",
 "workload-params": {
  "bulk_indexing_clients": 100,
  "bulk_size": 10000
 }
}