{
  "test_run_id": "ed3bedc4-eac0-4431-b2bd-28513d360fc2",
  "throughput": {
    "min": 344316.1541515619,
    "mean": 351457.5712459952,
    "median": 352287.5341183535,
    "max": 357269.7402825694,
    "unit": "docs/s"
  },
  "latency": {
    "50_0": 2824.368511995999,
    "90_0": 4270.248321503459,
    "99_0": 5534.180739649671,
    "99_9": 6449.519900083544,
    "100_0": 7061.485505000746,
    "mean": 2835.5141773889654,
    "unit": "ms"
  },
  "service_time": {
    "50_0": 2824.368511995999,
    "90_0": 4270.248321503459,
    "99_0": 5534.180739649671,
    "99_9": 6449.519900083544,
    "100_0": 7061.485505000746,
    "mean": 2835.5141773889654,
    "unit": "ms"
  },
  "error_rate": 0.0
}
