{
 "benchmark-version": "2.0.0",
 "benchmark-revision": null,
 "environment": "local",
 "test-run-id": "8e39fdc3-5aea-41bf-9736-d2a62d30c93e",
 "test-run-timestamp": "20251008T051057Z",
 "pipeline": "benchmark-only",
 "user-tags": {},
 "workload": "nyc_taxis",
 "cluster-config-instance": [
  "external"
 ],
 "cluster": {
  "revision": "8ff7c6ee924a49f0f59f80a6e1c73073c8904214",
  "distribution-version": "3.1.0",
  "distribution-flavor": "oss",
  "cluster-config-revision": null
 },
 "results": {
  "op_metrics": [
   {
    "task": "index",
    "operation": "index",
    "throughput": {
     "min": 367893.8561167803,
     "mean": 374905.5941115476,
     "median": 374720.8232271466,
     "max": 379071.1890707507,
     "unit": "docs/s"
    },
    "latency": {
     "50_0": 1496.2057795000874,
     "90_0": 2341.3862466999944,
     "99_0": 3353.8195748700855,
     "99_9": 4005.125461080018,
     "100_0": 4416.12755999995,
     "mean": 1559.7510562035793,
     "unit": "ms"
    },
    "service_time": {
     "50_0": 1496.2057795000874,
     "90_0": 2341.3862466999944,
     "99_0": 3353.8195748700855,
     "99_9": 4005.125461080018,
     "100_0": 4416.12755999995,
     "mean": 1559.7510562035793,
     "unit": "ms"
    },
    "client_processing_time": {
     "50_0": 1.2764589998823794,
     "90_0": 1.4022688000068229,
     "99_0": 4.148817399873211,
     "99_9": 42.318375527150366,
     "100_0": 84.73519499989379,
     "mean": 1.1739830199244854,
     "unit": "ms"
    },
    "processing_time": {
     "50_0": 1507.0960485001024,
     "90_0": 2355.498748499872,
     "99_0": 3367.9455039398267,
     "99_9": 4007.0428235670624,
     "100_0": 4419.014975999971,
     "mean": 1570.14748738059,
     "unit": "ms"
    },
    "error_rate": 0.0,
    "duration": 445571.685358
   }
  ],
  "correctness_metrics": [
   {
    "task": "index",
    "operation": "index",
    "recall@k": {},
    "recall@1": {},
    "error_rate": 0.0,
    "duration": 445571.685358
   }
  ],
  "profile_metrics": [],
  "total_time": 18694542,
  "total_time_per_shard": {
   "min": 62,
   "median": 8919979,
   "max": 9774501,
   "unit": "ms"
  },
  "indexing_throttle_time": 59832,
  "indexing_throttle_time_per_shard": {
   "min": 0,
   "median": 22094,
   "max": 37738,
   "unit": "ms"
  },
  "merge_time": 4083999,
  "merge_time_per_shard": {
   "min": 0,
   "median": 1900420,
   "max": 2183579,
   "unit": "ms"
  },
  "merge_count": 849,
  "refresh_time": 84569,
  "refresh_time_per_shard": {
   "min": 108,
   "median": 38498,
   "max": 45963,
   "unit": "ms"
  },
  "refresh_count": 140,
  "flush_time": 257943,
  "flush_time_per_shard": {
   "min": 0,
   "median": 124463,
   "max": 133480,
   "unit": "ms"
  },
  "flush_count": 93,
  "merge_throttle_time": 109828,
  "merge_throttle_time_per_shard": {
   "min": 0,
   "median": 42438,
   "max": 67390,
   "unit": "ms"
  },
  "ml_processing_time": [],
  "young_gc_time": 17784,
  "young_gc_count": 717,
  "old_gc_time": 0,
  "old_gc_count": 0,
  "memory_segments": 0,
  "memory_doc_values": 0,
  "memory_terms": 0,
  "memory_norms": 0,
  "memory_points": 0,
  "memory_stored_fields": 0,
  "store_size": 72053163541,
  "translog_size": 2814907902,
  "segment_count": 331,
  "total_transform_search_times": [],
  "total_transform_index_times": [],
  "total_transform_processing_times": [],
  "total_transform_throughput": []
 },
 "workload-revision": "32d8806",
 "test_procedure": "append-no-conflicts",
 "workload-params": {
  "bulk_indexing_clients": 60,
  "bulk_size": 10000
 }
}