{
  "test_run_id": "31ed518e-de47-40f6-9d68-e42a86cadfab",
  "throughput": {
    "min": 388119.4273287751,
    "mean": 400027.4308952323,
    "median": 400628.5702832254,
    "max": 408196.3304818629,
    "unit": "docs/s"
  },
  "latency": {
    "50_0": 1419.8437380000541,
    "90_0": 2558.009184399998,
    "99_0": 3398.880118280049,
    "99_9": 3664.480058976137,
    "100_0": 3854.620893999936,
    "mean": 1573.8041264633166,
    "unit": "ms"
  },
  "service_time": {
    "50_0": 1419.8437380000541,
    "90_0": 2558.009184399998,
    "99_0": 3398.880118280049,
    "99_9": 3664.480058976137,
    "100_0": 3854.620893999936,
    "mean": 1573.8041264633166,
    "unit": "ms"
  },
  "error_rate": 0.0
}
