{
  "test_run_id": "8e39fdc3-5aea-41bf-9736-d2a62d30c93e",
  "throughput": {
    "min": 367893.8561167803,
    "mean": 374905.5941115476,
    "median": 374720.8232271466,
    "max": 379071.1890707507,
    "unit": "docs/s"
  },
  "latency": {
    "50_0": 1496.2057795000874,
    "90_0": 2341.3862466999944,
    "99_0": 3353.8195748700855,
    "99_9": 4005.125461080018,
    "100_0": 4416.12755999995,
    "mean": 1559.7510562035793,
    "unit": "ms"
  },
  "service_time": {
    "50_0": 1496.2057795000874,
    "90_0": 2341.3862466999944,
    "99_0": 3353.8195748700855,
    "99_9": 4005.125461080018,
    "100_0": 4416.12755999995,
    "mean": 1559.7510562035793,
    "unit": "ms"
  },
  "error_rate": 0.0
}
