{
  "test_run_id": "cfb6c85f-ab05-42d8-b692-f72ca16da3c1",
  "throughput": {
    "min": 390623.9816446593,
    "mean": 404421.4617076781,
    "median": 404640.1113094107,
    "max": 419004.3871757531,
    "unit": "docs/s"
  },
  "latency": {
    "50_0": 1450.9428454996396,
    "90_0": 2499.5941161999326,
    "99_0": 3175.8168833001464,
    "99_9": 3629.3143680917897,
    "100_0": 3778.340751000087,
    "mean": 1572.8616257674746,
    "unit": "ms"
  },
  "service_time": {
    "50_0": 1450.9428454996396,
    "90_0": 2499.5941161999326,
    "99_0": 3175.8168833001464,
    "99_9": 3629.3143680917897,
    "100_0": 3778.340751000087,
    "mean": 1572.8616257674746,
    "unit": "ms"
  },
  "error_rate": 0.0
}
