{
 "benchmark-version": "2.0.0",
 "benchmark-revision": null,
 "environment": "local",
 "test-run-id": "2e4a067e-e74c-41fd-9bfd-7b64f0ac101b",
 "test-run-timestamp": "20251008T063336Z",
 "pipeline": "benchmark-only",
 "user-tags": {},
 "workload": "nyc_taxis",
 "cluster-config-instance": [
  "external"
 ],
 "cluster": {
  "revision": "8ff7c6ee924a49f0f59f80a6e1c73073c8904214",
  "distribution-version": "3.1.0",
  "distribution-flavor": "oss",
  "cluster-config-revision": null
 },
 "results": {
  "op_metrics": [
   {
    "task": "index",
    "operation": "index",
    "throughput": {
     "min": 382775.4895210379,
     "mean": 395496.51346498803,
     "median": 394358.5387443746,
     "max": 408910.82400690956,
     "unit": "docs/s"
    },
    "latency": {
     "50_0": 1525.8602099997916,
     "90_0": 2370.9837197001434,
     "99_0": 3211.3179210403277,
     "99_9": 3881.1607773113606,
     "100_0": 4257.369669000582,
     "mean": 1586.4042778156813,
     "unit": "ms"
    },
    "service_time": {
     "50_0": 1525.8602099997916,
     "90_0": 2370.9837197001434,
     "99_0": 3211.3179210403277,
     "99_9": 3881.1607773113606,
     "100_0": 4257.369669000582,
     "mean": 1586.4042778156813,
     "unit": "ms"
    },
    "client_processing_time": {
     "50_0": 1.2849710001319181,
     "90_0": 1.4141189999463677,
     "99_0": 5.329675180182678,
     "99_9": 75.00123032028512,
     "100_0": 88.40371099995536,
     "mean": 1.4246315004453276,
     "unit": "ms"
    },
    "processing_time": {
     "50_0": 1536.3581215001432,
     "90_0": 2379.1146519998615,
     "99_0": 3222.732028160199,
     "99_9": 3884.2452960379583,
     "100_0": 4260.404562000076,
     "mean": 1595.0911712146901,
     "unit": "ms"
    },
    "error_rate": 0.0,
    "duration": 430616.44088400045
   }
  ],
  "correctness_metrics": [
   {
    "task": "index",
    "operation": "index",
    "recall@k": {},
    "recall@1": {},
    "error_rate": 0.0,
    "duration": 430616.44088400045
   }
  ],
  "profile_metrics": [],
  "total_time": 18882371,
  "total_time_per_shard": {
   "min": 4,
   "median": 8889691,
   "max": 9992676,
   "unit": "ms"
  },
  "indexing_throttle_time": 62074,
  "indexing_throttle_time_per_shard": {
   "min": 0,
   "median": 22157,
   "max": 39917,
   "unit": "ms"
  },
  "merge_time": 4345555,
  "merge_time_per_shard": {
   "min": 11,
   "median": 1966460,
   "max": 2379084,
   "unit": "ms"
  },
  "merge_count": 879,
  "refresh_time": 91307,
  "refresh_time_per_shard": {
   "min": 34,
   "median": 38998,
   "max": 52275,
   "unit": "ms"
  },
  "refresh_count": 144,
  "flush_time": 263964,
  "flush_time_per_shard": {
   "min": 43,
   "median": 126218,
   "max": 137703,
   "unit": "ms"
  },
  "flush_count": 96,
  "merge_throttle_time": 50794,
  "merge_throttle_time_per_shard": {
   "min": 0,
   "median": 18446,
   "max": 32348,
   "unit": "ms"
  },
  "ml_processing_time": [],
  "young_gc_time": 33675,
  "young_gc_count": 1791,
  "old_gc_time": 0,
  "old_gc_count": 0,
  "memory_segments": 0,
  "memory_doc_values": 0,
  "memory_terms": 0,
  "memory_norms": 0,
  "memory_points": 0,
  "memory_stored_fields": 0,
  "store_size": 74152065577,
  "translog_size": 789962736,
  "segment_count": 277,
  "total_transform_search_times": [],
  "total_transform_index_times": [],
  "total_transform_processing_times": [],
  "total_transform_throughput": []
 },
 "workload-revision": "32d8806",
 "test_procedure": "append-no-conflicts",
 "workload-params": {
  "bulk_indexing_clients": 60,
  "bulk_size": 10000
 }
}