{
  "test_run_id": "5c5bd1c0-1f3d-47ea-a58a-5c882feee7fd",
  "throughput": {
    "min": 367240.47103785654,
    "mean": 379615.4610750885,
    "median": 380921.44758341974,
    "max": 387929.8030102756,
    "unit": "docs/s"
  },
  "latency": {
    "50_0": 1537.6553380001496,
    "90_0": 2590.1796813004694,
    "99_0": 3303.3905020595726,
    "99_9": 3585.5667216391757,
    "100_0": 3794.0575829998124,
    "mean": 1641.0468466206528,
    "unit": "ms"
  },
  "service_time": {
    "50_0": 1537.6553380001496,
    "90_0": 2590.1796813004694,
    "99_0": 3303.3905020595726,
    "99_9": 3585.5667216391757,
    "100_0": 3794.0575829998124,
    "mean": 1641.0468466206528,
    "unit": "ms"
  },
  "error_rate": 0.0
}
