{
  "test_run_id": "745a76df-9cf8-438a-82c0-b652ef69b051",
  "throughput": {
    "min": 368876.94991052523,
    "mean": 375940.83564860385,
    "median": 376875.76495500666,
    "max": 379841.20787965145,
    "unit": "docs/s"
  },
  "latency": {
    "50_0": 1447.1068089997061,
    "90_0": 2538.5843040003238,
    "99_0": 3477.781852499902,
    "99_9": 4050.742386000027,
    "100_0": 4646.640289000061,
    "mean": 1586.7998200831646,
    "unit": "ms"
  },
  "service_time": {
    "50_0": 1447.1068089997061,
    "90_0": 2538.5843040003238,
    "99_0": 3477.781852499902,
    "99_9": 4050.742386000027,
    "100_0": 4646.640289000061,
    "mean": 1586.7998200831646,
    "unit": "ms"
  },
  "error_rate": 0.0
}
