{
 "benchmark-version": "2.0.0",
 "benchmark-revision": null,
 "environment": "local",
 "test-run-id": "5c5bd1c0-1f3d-47ea-a58a-5c882feee7fd",
 "test-run-timestamp": "20251008T071521Z",
 "pipeline": "benchmark-only",
 "user-tags": {},
 "workload": "nyc_taxis",
 "cluster-config-instance": [
  "external"
 ],
 "cluster": {
  "revision": "8ff7c6ee924a49f0f59f80a6e1c73073c8904214",
  "distribution-version": "3.1.0",
  "distribution-flavor": "oss",
  "cluster-config-revision": null
 },
 "results": {
  "op_metrics": [
   {
    "task": "index",
    "operation": "index",
    "throughput": {
     "min": 367240.47103785654,
     "mean": 379615.4610750885,
     "median": 380921.44758341974,
     "max": 387929.8030102756,
     "unit": "docs/s"
    },
    "latency": {
     "50_0": 1537.6553380001496,
     "90_0": 2590.1796813004694,
     "99_0": 3303.3905020595726,
     "99_9": 3585.5667216391757,
     "100_0": 3794.0575829998124,
     "mean": 1641.0468466206528,
     "unit": "ms"
    },
    "service_time": {
     "50_0": 1537.6553380001496,
     "90_0": 2590.1796813004694,
     "99_0": 3303.3905020595726,
     "99_9": 3585.5667216391757,
     "100_0": 3794.0575829998124,
     "mean": 1641.0468466206528,
     "unit": "ms"
    },
    "client_processing_time": {
     "50_0": 1.281371500226669,
     "90_0": 1.4084213002206525,
     "99_0": 6.325738670420818,
     "99_9": 49.48732386044219,
     "100_0": 91.32925199810416,
     "mean": 1.4130672042328805,
     "unit": "ms"
    },
    "processing_time": {
     "50_0": 1548.9731615007258,
     "90_0": 2603.0765581997916,
     "99_0": 3308.2018256803885,
     "99_9": 3591.3088509534173,
     "100_0": 3796.8800319995353,
     "mean": 1650.3031854111305,
     "unit": "ms"
    },
    "error_rate": 0.0,
    "duration": 449140.6824280002
   }
  ],
  "correctness_metrics": [
   {
    "task": "index",
    "operation": "index",
    "recall@k": {},
    "recall@1": {},
    "error_rate": 0.0,
    "duration": 449140.6824280002
   }
  ],
  "profile_metrics": [],
  "total_time": 19033325,
  "total_time_per_shard": {
   "min": 9392113,
   "median": 9516662.5,
   "max": 9641212,
   "unit": "ms"
  },
  "indexing_throttle_time": 58059,
  "indexing_throttle_time_per_shard": {
   "min": 26237,
   "median": 29029.5,
   "max": 31822,
   "unit": "ms"
  },
  "merge_time": 4129097,
  "merge_time_per_shard": {
   "min": 2027006,
   "median": 2064548.5,
   "max": 2102091,
   "unit": "ms"
  },
  "merge_count": 871,
  "refresh_time": 85529,
  "refresh_time_per_shard": {
   "min": 42636,
   "median": 42764.5,
   "max": 42893,
   "unit": "ms"
  },
  "refresh_count": 138,
  "flush_time": 251633,
  "flush_time_per_shard": {
   "min": 123959,
   "median": 125816.5,
   "max": 127674,
   "unit": "ms"
  },
  "flush_count": 98,
  "merge_throttle_time": 21697,
  "merge_throttle_time_per_shard": {
   "min": 10487,
   "median": 10848.5,
   "max": 11210,
   "unit": "ms"
  },
  "ml_processing_time": [],
  "young_gc_time": 38052,
  "young_gc_count": 2241,
  "old_gc_time": 0,
  "old_gc_count": 0,
  "memory_segments": 0,
  "memory_doc_values": 0,
  "memory_terms": 0,
  "memory_norms": 0,
  "memory_points": 0,
  "memory_stored_fields": 0,
  "store_size": 72231313476,
  "translog_size": 1578694360,
  "segment_count": 341,
  "total_transform_search_times": [],
  "total_transform_index_times": [],
  "total_transform_processing_times": [],
  "total_transform_throughput": []
 },
 "workload-revision": "32d8806",
 "test_procedure": "append-no-conflicts",
 "workload-params": {
  "bulk_indexing_clients": 60,
  "bulk_size": 10000
 }
}