{
  "test_run_id": "72f48389-af97-448c-a079-a8ce511bb8ac",
  "throughput": {
    "min": 372090.53740437684,
    "mean": 383906.7134372608,
    "median": 383750.7978269585,
    "max": 393667.32956799585,
    "unit": "docs/s"
  },
  "latency": {
    "50_0": 1499.914928999715,
    "90_0": 2534.89834199936,
    "99_0": 3411.881054979276,
    "99_9": 3766.6875767528654,
    "100_0": 4087.8829049997876,
    "mean": 1608.9545680261065,
    "unit": "ms"
  },
  "service_time": {
    "50_0": 1499.914928999715,
    "90_0": 2534.89834199936,
    "99_0": 3411.881054979276,
    "99_9": 3766.6875767528654,
    "100_0": 4087.8829049997876,
    "mean": 1608.9545680261065,
    "unit": "ms"
  },
  "error_rate": 0.0
}
