{
  "test_run_id": "0cbf6986-4c41-4f65-a984-3cc1adf49ea4",
  "throughput": {
    "min": 359312.70358860743,
    "mean": 370080.0763416959,
    "median": 370633.50778449,
    "max": 381882.03825441917,
    "unit": "docs/s"
  },
  "latency": {
    "50_0": 1484.9272189999283,
    "90_0": 2759.1305822000777,
    "99_0": 3753.740601009926,
    "99_9": 5391.093860966908,
    "100_0": 5570.034549999946,
    "mean": 1683.8465826913825,
    "unit": "ms"
  },
  "service_time": {
    "50_0": 1484.9272189999283,
    "90_0": 2759.1305822000777,
    "99_0": 3753.740601009926,
    "99_9": 5391.093860966908,
    "100_0": 5570.034549999946,
    "mean": 1683.8465826913825,
    "unit": "ms"
  },
  "error_rate": 0.0
}
