{
  "test_run_id": "65dbd9b0-0b79-45c8-8cb5-f1c9be5e3a10",
  "throughput": {
    "min": 385993.87005928543,
    "mean": 394754.19811212894,
    "median": 393322.1737971974,
    "max": 402429.4332993329,
    "unit": "docs/s"
  },
  "latency": {
    "50_0": 1390.4202229996372,
    "90_0": 2508.4585929998866,
    "99_0": 3623.4232614998514,
    "99_9": 4615.8057688804865,
    "100_0": 5941.376759000377,
    "mean": 1524.2180088839518,
    "unit": "ms"
  },
  "service_time": {
    "50_0": 1390.4202229996372,
    "90_0": 2508.4585929998866,
    "99_0": 3623.4232614998514,
    "99_9": 4615.8057688804865,
    "100_0": 5941.376759000377,
    "mean": 1524.2180088839518,
    "unit": "ms"
  },
  "error_rate": 0.0
}
