{
  "test_run_id": "3cd0bc3a-f0f9-48eb-b591-e1660d1bfa42",
  "throughput": {
    "min": 369719.19979757577,
    "mean": 380881.96863014245,
    "median": 379613.0978232259,
    "max": 392802.2730188536,
    "unit": "docs/s"
  },
  "latency": {
    "50_0": 1464.0724829996543,
    "90_0": 2636.600690400519,
    "99_0": 3618.932754540074,
    "99_9": 4215.086640623782,
    "100_0": 4502.282721000483,
    "mean": 1621.6347091990112,
    "unit": "ms"
  },
  "service_time": {
    "50_0": 1464.0724829996543,
    "90_0": 2636.600690400519,
    "99_0": 3618.932754540074,
    "99_9": 4215.086640623782,
    "100_0": 4502.282721000483,
    "mean": 1621.6347091990112,
    "unit": "ms"
  },
  "error_rate": 0.0
}
