{
 "benchmark-version": "2.0.0",
 "benchmark-revision": null,
 "environment": "local",
 "test-run-id": "3b155308-2be5-4241-ba64-3c3d5ba27cdc",
 "test-run-timestamp": "20251008T072539Z",
 "pipeline": "benchmark-only",
 "user-tags": {},
 "workload": "nyc_taxis",
 "cluster-config-instance": [
  "external"
 ],
 "cluster": {
  "revision": "8ff7c6ee924a49f0f59f80a6e1c73073c8904214",
  "distribution-version": "3.1.0",
  "distribution-flavor": "oss",
  "cluster-config-revision": null
 },
 "results": {
  "op_metrics": [
   {
    "task": "index",
    "operation": "index",
    "throughput": {
     "min": 360220.8067850601,
     "mean": 371050.0452025734,
     "median": 372204.7488297961,
     "max": 377735.1353474355,
     "unit": "docs/s"
    },
    "latency": {
     "50_0": 1470.5498639996222,
     "90_0": 2704.736566399516,
     "99_0": 3662.7243286608427,
     "99_9": 4972.084416893533,
     "100_0": 5119.273453999995,
     "mean": 1639.0624566970196,
     "unit": "ms"
    },
    "service_time": {
     "50_0": 1470.5498639996222,
     "90_0": 2704.736566399516,
     "99_0": 3662.7243286608427,
     "99_9": 4972.084416893533,
     "100_0": 5119.273453999995,
     "mean": 1639.0624566970196,
     "unit": "ms"
    },
    "client_processing_time": {
     "50_0": 1.2887850007246016,
     "90_0": 1.3980288000311702,
     "99_0": 4.055292199191171,
     "99_9": 49.405666952054716,
     "100_0": 86.7413520008995,
     "mean": 1.3859053027116615,
     "unit": "ms"
    },
    "processing_time": {
     "50_0": 1477.5329469994176,
     "90_0": 2710.2161692000664,
     "99_0": 3666.4678910598377,
     "99_9": 4974.521043932461,
     "100_0": 5121.453185998689,
     "mean": 1645.721077712251,
     "unit": "ms"
    },
    "error_rate": 0.0,
    "duration": 454370.2583570011
   }
  ],
  "correctness_metrics": [
   {
    "task": "index",
    "operation": "index",
    "recall@k": {},
    "recall@1": {},
    "error_rate": 0.0,
    "duration": 454370.2583570011
   }
  ],
  "profile_metrics": [],
  "total_time": 19982240,
  "total_time_per_shard": {
   "min": 9374156,
   "median": 9991120.0,
   "max": 10608084,
   "unit": "ms"
  },
  "indexing_throttle_time": 62506,
  "indexing_throttle_time_per_shard": {
   "min": 24014,
   "median": 31253.0,
   "max": 38492,
   "unit": "ms"
  },
  "merge_time": 4240605,
  "merge_time_per_shard": {
   "min": 1978819,
   "median": 2120302.5,
   "max": 2261786,
   "unit": "ms"
  },
  "merge_count": 874,
  "refresh_time": 98846,
  "refresh_time_per_shard": {
   "min": 45593,
   "median": 49423.0,
   "max": 53253,
   "unit": "ms"
  },
  "refresh_count": 135,
  "flush_time": 255261,
  "flush_time_per_shard": {
   "min": 122883,
   "median": 127630.5,
   "max": 132378,
   "unit": "ms"
  },
  "flush_count": 94,
  "merge_throttle_time": 46179,
  "merge_throttle_time_per_shard": {
   "min": 14954,
   "median": 23089.5,
   "max": 31225,
   "unit": "ms"
  },
  "ml_processing_time": [],
  "young_gc_time": 49055,
  "young_gc_count": 2938,
  "old_gc_time": 0,
  "old_gc_count": 0,
  "memory_segments": 0,
  "memory_doc_values": 0,
  "memory_terms": 0,
  "memory_norms": 0,
  "memory_points": 0,
  "memory_stored_fields": 0,
  "store_size": 72603483491,
  "translog_size": 1755857216,
  "segment_count": 347,
  "total_transform_search_times": [],
  "total_transform_index_times": [],
  "total_transform_processing_times": [],
  "total_transform_throughput": []
 },
 "workload-revision": "32d8806",
 "test_procedure": "append-no-conflicts",
 "workload-params": {
  "bulk_indexing_clients": 60,
  "bulk_size": 10000
 }
}