{
  "test_run_id": "c732a3b4-d913-4561-b2f8-2c026cf802ac",
  "throughput": {
    "min": 366336.12519108976,
    "mean": 378511.9190507023,
    "median": 379467.6676710498,
    "max": 389555.1963456273,
    "unit": "docs/s"
  },
  "latency": {
    "50_0": 1523.7291104995165,
    "90_0": 2647.727074899558,
    "99_0": 3491.4765897906013,
    "99_9": 4330.237175233353,
    "100_0": 5000.991974999124,
    "mean": 1653.7548479590364,
    "unit": "ms"
  },
  "service_time": {
    "50_0": 1523.7291104995165,
    "90_0": 2647.727074899558,
    "99_0": 3491.4765897906013,
    "99_9": 4330.237175233353,
    "100_0": 5000.991974999124,
    "mean": 1653.7548479590364,
    "unit": "ms"
  },
  "error_rate": 0.0
}
