{
  "test_run_id": "3b155308-2be5-4241-ba64-3c3d5ba27cdc",
  "throughput": {
    "min": 360220.8067850601,
    "mean": 371050.0452025734,
    "median": 372204.7488297961,
    "max": 377735.1353474355,
    "unit": "docs/s"
  },
  "latency": {
    "50_0": 1470.5498639996222,
    "90_0": 2704.736566399516,
    "99_0": 3662.7243286608427,
    "99_9": 4972.084416893533,
    "100_0": 5119.273453999995,
    "mean": 1639.0624566970196,
    "unit": "ms"
  },
  "service_time": {
    "50_0": 1470.5498639996222,
    "90_0": 2704.736566399516,
    "99_0": 3662.7243286608427,
    "99_9": 4972.084416893533,
    "100_0": 5119.273453999995,
    "mean": 1639.0624566970196,
    "unit": "ms"
  },
  "error_rate": 0.0
}
