{
 "benchmark-version": "2.0.0",
 "benchmark-revision": null,
 "environment": "local",
 "test-run-id": "74b71ad3-c9df-4ad5-b50d-9dd56d961da6",
 "test-run-timestamp": "20251008T073344Z",
 "pipeline": "benchmark-only",
 "user-tags": {},
 "workload": "nyc_taxis",
 "cluster-config-instance": [
  "external"
 ],
 "cluster": {
  "revision": "8ff7c6ee924a49f0f59f80a6e1c73073c8904214",
  "distribution-version": "3.1.0",
  "distribution-flavor": "oss",
  "cluster-config-revision": null
 },
 "results": {
  "op_metrics": [
   {
    "task": "index",
    "operation": "index",
    "throughput": {
     "min": 363178.4306666975,
     "mean": 375096.19164178724,
     "median": 375448.33739270375,
     "max": 384703.8876936964,
     "unit": "docs/s"
    },
    "latency": {
     "50_0": 1477.7237489997788,
     "90_0": 2684.2417740008386,
     "99_0": 3592.7815110995653,
     "99_9": 4157.860318159799,
     "100_0": 4780.238694000218,
     "mean": 1656.5551918307212,
     "unit": "ms"
    },
    "service_time": {
     "50_0": 1477.7237489997788,
     "90_0": 2684.2417740008386,
     "99_0": 3592.7815110995653,
     "99_9": 4157.860318159799,
     "100_0": 4780.238694000218,
     "mean": 1656.5551918307212,
     "unit": "ms"
    },
    "client_processing_time": {
     "50_0": 1.286159000301268,
     "90_0": 1.413131998560857,
     "99_0": 4.279546900215786,
     "99_9": 47.198624741031864,
     "100_0": 78.16789399839763,
     "mean": 1.3256926159728504,
     "unit": "ms"
    },
    "processing_time": {
     "50_0": 1491.257351000968,
     "90_0": 2693.7994259988045,
     "99_0": 3595.638087799852,
     "99_9": 4188.010441199272,
     "100_0": 4783.217800000784,
     "mean": 1664.9405214233252,
     "unit": "ms"
    },
    "error_rate": 0.0,
    "duration": 453641.42728400114
   }
  ],
  "correctness_metrics": [
   {
    "task": "index",
    "operation": "index",
    "recall@k": {},
    "recall@1": {},
    "error_rate": 0.0,
    "duration": 453641.42728400114
   }
  ],
  "profile_metrics": [],
  "total_time": 19739566,
  "total_time_per_shard": {
   "min": 73,
   "median": 9810053,
   "max": 9929440,
   "unit": "ms"
  },
  "indexing_throttle_time": 67030,
  "indexing_throttle_time_per_shard": {
   "min": 0,
   "median": 33188,
   "max": 33842,
   "unit": "ms"
  },
  "merge_time": 4229772,
  "merge_time_per_shard": {
   "min": 0,
   "median": 2015457,
   "max": 2214315,
   "unit": "ms"
  },
  "merge_count": 896,
  "refresh_time": 84357,
  "refresh_time_per_shard": {
   "min": 145,
   "median": 41054,
   "max": 43158,
   "unit": "ms"
  },
  "refresh_count": 150,
  "flush_time": 259385,
  "flush_time_per_shard": {
   "min": 31,
   "median": 121784,
   "max": 137570,
   "unit": "ms"
  },
  "flush_count": 98,
  "merge_throttle_time": 36713,
  "merge_throttle_time_per_shard": {
   "min": 0,
   "median": 12521,
   "max": 24192,
   "unit": "ms"
  },
  "ml_processing_time": [],
  "young_gc_time": 47299,
  "young_gc_count": 2940,
  "old_gc_time": 0,
  "old_gc_count": 0,
  "memory_segments": 0,
  "memory_doc_values": 0,
  "memory_terms": 0,
  "memory_norms": 0,
  "memory_points": 0,
  "memory_stored_fields": 0,
  "store_size": 75716069480,
  "translog_size": 2659965819,
  "segment_count": 356,
  "total_transform_search_times": [],
  "total_transform_index_times": [],
  "total_transform_processing_times": [],
  "total_transform_throughput": []
 },
 "workload-revision": "32d8806",
 "test_procedure": "append-no-conflicts",
 "workload-params": {
  "bulk_indexing_clients": 60,
  "bulk_size": 10000
 }
}