{
  "test_run_id": "f76e7647-7bf9-45fd-a5e0-7716b850792c",
  "throughput": {
    "min": 364766.8867933108,
    "mean": 377142.283702519,
    "median": 376683.4365342887,
    "max": 390020.7549393588,
    "unit": "docs/s"
  },
  "latency": {
    "50_0": 1572.2016189993155,
    "90_0": 2503.2457183995584,
    "99_0": 3355.0077231589967,
    "99_9": 3708.9826269836085,
    "100_0": 3850.5448659998365,
    "mean": 1660.0639725081048,
    "unit": "ms"
  },
  "service_time": {
    "50_0": 1572.2016189993155,
    "90_0": 2503.2457183995584,
    "99_0": 3355.0077231589967,
    "99_9": 3708.9826269836085,
    "100_0": 3850.5448659998365,
    "mean": 1660.0639725081048,
    "unit": "ms"
  },
  "error_rate": 0.0
}
