{
 "benchmark-version": "2.0.0",
 "benchmark-revision": null,
 "environment": "local",
 "test-run-id": "902d4469-306b-4ff7-855b-5948fa8e3c9b",
 "test-run-timestamp": "20251008T082740Z",
 "pipeline": "benchmark-only",
 "user-tags": {},
 "workload": "nyc_taxis",
 "cluster-config-instance": [
  "external"
 ],
 "cluster": {
  "revision": "8ff7c6ee924a49f0f59f80a6e1c73073c8904214",
  "distribution-version": "3.1.0",
  "distribution-flavor": "oss",
  "cluster-config-revision": null
 },
 "results": {
  "op_metrics": [
   {
    "task": "index",
    "operation": "index",
    "throughput": {
     "min": 371350.9417421601,
     "mean": 382528.8442959352,
     "median": 382368.7591747544,
     "max": 399178.588854301,
     "unit": "docs/s"
    },
    "latency": {
     "50_0": 1764.2298900009337,
     "90_0": 3182.3664019993885,
     "99_0": 4166.66729499957,
     "99_9": 4872.867561999022,
     "100_0": 5853.181169000891,
     "mean": 1935.901275417622,
     "unit": "ms"
    },
    "service_time": {
     "50_0": 1764.2298900009337,
     "90_0": 3182.3664019993885,
     "99_0": 4166.66729499957,
     "99_9": 4872.867561999022,
     "100_0": 5853.181169000891,
     "mean": 1935.901275417622,
     "unit": "ms"
    },
    "client_processing_time": {
     "50_0": 1.3029889996687416,
     "90_0": 1.8029650000244146,
     "99_0": 7.701541997448658,
     "99_9": 54.97889430043949,
     "100_0": 94.00914999969245,
     "mean": 1.6381869331907941,
     "unit": "ms"
    },
    "processing_time": {
     "50_0": 1775.5995339994115,
     "90_0": 3196.287418000793,
     "99_0": 4169.414334999601,
     "99_9": 4875.711927299392,
     "100_0": 5860.105330000806,
     "mean": 1945.1192514693555,
     "unit": "ms"
    },
    "error_rate": 0.0,
    "duration": 443748.6342680004
   }
  ],
  "correctness_metrics": [
   {
    "task": "index",
    "operation": "index",
    "recall@k": {},
    "recall@1": {},
    "error_rate": 0.0,
    "duration": 443748.6342680004
   }
  ],
  "profile_metrics": [],
  "total_time": 22280369,
  "total_time_per_shard": {
   "min": 13,
   "median": 10947116,
   "max": 11333240,
   "unit": "ms"
  },
  "indexing_throttle_time": 79198,
  "indexing_throttle_time_per_shard": {
   "min": 0,
   "median": 36508,
   "max": 42690,
   "unit": "ms"
  },
  "merge_time": 4075706,
  "merge_time_per_shard": {
   "min": 11,
   "median": 1999028,
   "max": 2076667,
   "unit": "ms"
  },
  "merge_count": 935,
  "refresh_time": 92204,
  "refresh_time_per_shard": {
   "min": 65,
   "median": 44690,
   "max": 47449,
   "unit": "ms"
  },
  "refresh_count": 141,
  "flush_time": 267862,
  "flush_time_per_shard": {
   "min": 33,
   "median": 132185,
   "max": 135644,
   "unit": "ms"
  },
  "flush_count": 93,
  "merge_throttle_time": 62895,
  "merge_throttle_time_per_shard": {
   "min": 0,
   "median": 25351,
   "max": 37544,
   "unit": "ms"
  },
  "ml_processing_time": [],
  "young_gc_time": 21405,
  "young_gc_count": 1016,
  "old_gc_time": 0,
  "old_gc_count": 0,
  "memory_segments": 0,
  "memory_doc_values": 0,
  "memory_terms": 0,
  "memory_norms": 0,
  "memory_points": 0,
  "memory_stored_fields": 0,
  "store_size": 70357844827,
  "translog_size": 2618136668,
  "segment_count": 247,
  "total_transform_search_times": [],
  "total_transform_index_times": [],
  "total_transform_processing_times": [],
  "total_transform_throughput": []
 },
 "workload-revision": "32d8806",
 "test_procedure": "append-no-conflicts",
 "workload-params": {
  "bulk_indexing_clients": 70,
  "bulk_size": 10000
 }
}