{
 "benchmark-version": "2.0.0",
 "benchmark-revision": null,
 "environment": "local",
 "test-run-id": "d523b168-61ca-47d6-9899-9c4acb8242fe",
 "test-run-timestamp": "20251008T081941Z",
 "pipeline": "benchmark-only",
 "user-tags": {},
 "workload": "nyc_taxis",
 "cluster-config-instance": [
  "external"
 ],
 "cluster": {
  "revision": "8ff7c6ee924a49f0f59f80a6e1c73073c8904214",
  "distribution-version": "3.1.0",
  "distribution-flavor": "oss",
  "cluster-config-revision": null
 },
 "results": {
  "op_metrics": [
   {
    "task": "index",
    "operation": "index",
    "throughput": {
     "min": 368841.7707976673,
     "mean": 382173.33613326034,
     "median": 383863.6421328906,
     "max": 394311.66854957293,
     "unit": "docs/s"
    },
    "latency": {
     "50_0": 1879.7246234998966,
     "90_0": 3005.8595883994717,
     "99_0": 3703.2475682792942,
     "99_9": 4310.82252729959,
     "100_0": 5336.075056000482,
     "mean": 1945.8849687424358,
     "unit": "ms"
    },
    "service_time": {
     "50_0": 1879.7246234998966,
     "90_0": 3005.8595883994717,
     "99_0": 3703.2475682792942,
     "99_9": 4310.82252729959,
     "100_0": 5336.075056000482,
     "mean": 1945.8849687424358,
     "unit": "ms"
    },
    "client_processing_time": {
     "50_0": 1.3065410012131906,
     "90_0": 2.4928359998739325,
     "99_0": 8.293678049103717,
     "99_9": 54.716291256143656,
     "100_0": 131.82903599954443,
     "mean": 1.6902869035982797,
     "unit": "ms"
    },
    "processing_time": {
     "50_0": 1890.5981984999016,
     "90_0": 3014.5178629991283,
     "99_0": 3713.2048847801175,
     "99_9": 4363.8376380547925,
     "100_0": 5338.915020000059,
     "mean": 1957.1188511464547,
     "unit": "ms"
    },
    "error_rate": 0.0,
    "duration": 446648.58192300017
   }
  ],
  "correctness_metrics": [
   {
    "task": "index",
    "operation": "index",
    "recall@k": {},
    "recall@1": {},
    "error_rate": 0.0,
    "duration": 446648.58192300017
   }
  ],
  "profile_metrics": [],
  "total_time": 22294628,
  "total_time_per_shard": {
   "min": 17,
   "median": 11091633,
   "max": 11202978,
   "unit": "ms"
  },
  "indexing_throttle_time": 75145,
  "indexing_throttle_time_per_shard": {
   "min": 0,
   "median": 34969,
   "max": 40176,
   "unit": "ms"
  },
  "merge_time": 4105914,
  "merge_time_per_shard": {
   "min": 35,
   "median": 1983823,
   "max": 2122056,
   "unit": "ms"
  },
  "merge_count": 954,
  "refresh_time": 88828,
  "refresh_time_per_shard": {
   "min": 100,
   "median": 40585,
   "max": 48143,
   "unit": "ms"
  },
  "refresh_count": 142,
  "flush_time": 272669,
  "flush_time_per_shard": {
   "min": 65,
   "median": 131460,
   "max": 141144,
   "unit": "ms"
  },
  "flush_count": 94,
  "merge_throttle_time": 37882,
  "merge_throttle_time_per_shard": {
   "min": 0,
   "median": 13486,
   "max": 24396,
   "unit": "ms"
  },
  "ml_processing_time": [],
  "young_gc_time": 20873,
  "young_gc_count": 1019,
  "old_gc_time": 0,
  "old_gc_count": 0,
  "memory_segments": 0,
  "memory_doc_values": 0,
  "memory_terms": 0,
  "memory_norms": 0,
  "memory_points": 0,
  "memory_stored_fields": 0,
  "store_size": 75217502848,
  "translog_size": 1747481007,
  "segment_count": 360,
  "total_transform_search_times": [],
  "total_transform_index_times": [],
  "total_transform_processing_times": [],
  "total_transform_throughput": []
 },
 "workload-revision": "32d8806",
 "test_procedure": "append-no-conflicts",
 "workload-params": {
  "bulk_indexing_clients": 70,
  "bulk_size": 10000
 }
}