{
  "test_run_id": "703361bf-669c-4d32-b40c-eadd0f6e99d2",
  "throughput": {
    "min": 369663.6346342508,
    "mean": 381170.82447570126,
    "median": 380024.2894223872,
    "max": 392803.29967661557,
    "unit": "docs/s"
  },
  "latency": {
    "50_0": 1810.099060999164,
    "90_0": 2956.2182022989873,
    "99_0": 3789.964928570061,
    "99_9": 4141.747431596075,
    "100_0": 4862.207923999449,
    "mean": 1887.8142888706602,
    "unit": "ms"
  },
  "service_time": {
    "50_0": 1810.099060999164,
    "90_0": 2956.2182022989873,
    "99_0": 3789.964928570061,
    "99_9": 4141.747431596075,
    "100_0": 4862.207923999449,
    "mean": 1887.8142888706602,
    "unit": "ms"
  },
  "error_rate": 0.0
}
