{
 "benchmark-version": "2.0.0",
 "benchmark-revision": null,
 "environment": "local",
 "test-run-id": "b16e0c8c-9bc7-4920-a4dc-5e50cbc6261d",
 "test-run-timestamp": "20251008T084556Z",
 "pipeline": "benchmark-only",
 "user-tags": {},
 "workload": "nyc_taxis",
 "cluster-config-instance": [
  "external"
 ],
 "cluster": {
  "revision": "8ff7c6ee924a49f0f59f80a6e1c73073c8904214",
  "distribution-version": "3.1.0",
  "distribution-flavor": "oss",
  "cluster-config-revision": null
 },
 "results": {
  "op_metrics": [
   {
    "task": "index",
    "operation": "index",
    "throughput": {
     "min": 357834.1797413873,
     "mean": 369650.93806870404,
     "median": 369167.2037719616,
     "max": 384070.87780400505,
     "unit": "docs/s"
    },
    "latency": {
     "50_0": 1870.6930619991908,
     "90_0": 3116.7586960000335,
     "99_0": 3929.5090157991594,
     "99_9": 4998.462686310303,
     "100_0": 5163.034594001147,
     "mean": 1974.1879185906337,
     "unit": "ms"
    },
    "service_time": {
     "50_0": 1870.6930619991908,
     "90_0": 3116.7586960000335,
     "99_0": 3929.5090157991594,
     "99_9": 4998.462686310303,
     "100_0": 5163.034594001147,
     "mean": 1974.1879185906337,
     "unit": "ms"
    },
    "client_processing_time": {
     "50_0": 1.3066940000499017,
     "90_0": 1.692982999884407,
     "99_0": 8.714021050127524,
     "99_9": 46.1015006694289,
     "100_0": 81.22463399922708,
     "mean": 1.72469317530745,
     "unit": "ms"
    },
    "processing_time": {
     "50_0": 1882.4097669994444,
     "90_0": 3123.077499500141,
     "99_0": 3934.133754099549,
     "99_9": 5029.1243872247815,
     "100_0": 5165.958727999168,
     "mean": 1983.017695061379,
     "unit": "ms"
    },
    "error_rate": 0.0,
    "duration": 459807.5659019996
   }
  ],
  "correctness_metrics": [
   {
    "task": "index",
    "operation": "index",
    "recall@k": {},
    "recall@1": {},
    "error_rate": 0.0,
    "duration": 459807.5659019996
   }
  ],
  "profile_metrics": [],
  "total_time": 23054929,
  "total_time_per_shard": {
   "min": 15,
   "median": 11136661,
   "max": 11918253,
   "unit": "ms"
  },
  "indexing_throttle_time": 78034,
  "indexing_throttle_time_per_shard": {
   "min": 0,
   "median": 34348,
   "max": 43686,
   "unit": "ms"
  },
  "merge_time": 4222078,
  "merge_time_per_shard": {
   "min": 0,
   "median": 2016166,
   "max": 2205912,
   "unit": "ms"
  },
  "merge_count": 953,
  "refresh_time": 94524,
  "refresh_time_per_shard": {
   "min": 23,
   "median": 45565,
   "max": 48936,
   "unit": "ms"
  },
  "refresh_count": 144,
  "flush_time": 288140,
  "flush_time_per_shard": {
   "min": 0,
   "median": 140037,
   "max": 148103,
   "unit": "ms"
  },
  "flush_count": 95,
  "merge_throttle_time": 32558,
  "merge_throttle_time_per_shard": {
   "min": 0,
   "median": 15754,
   "max": 16804,
   "unit": "ms"
  },
  "ml_processing_time": [],
  "young_gc_time": 32544,
  "young_gc_count": 1530,
  "old_gc_time": 0,
  "old_gc_count": 0,
  "memory_segments": 0,
  "memory_doc_values": 0,
  "memory_terms": 0,
  "memory_norms": 0,
  "memory_points": 0,
  "memory_stored_fields": 0,
  "store_size": 70888749925,
  "translog_size": 1497644869,
  "segment_count": 357,
  "total_transform_search_times": [],
  "total_transform_index_times": [],
  "total_transform_processing_times": [],
  "total_transform_throughput": []
 },
 "workload-revision": "32d8806",
 "test_procedure": "append-no-conflicts",
 "workload-params": {
  "bulk_indexing_clients": 70,
  "bulk_size": 10000
 }
}