{
  "test_run_id": "4653fe6d-c5a1-4f94-b35a-8976073a9c9b",
  "throughput": {
    "min": 367206.4996389055,
    "mean": 380733.2183742327,
    "median": 380564.57213004865,
    "max": 392870.8545383741,
    "unit": "docs/s"
  },
  "latency": {
    "50_0": 1777.7219050003623,
    "90_0": 3112.631310799771,
    "99_0": 3827.8952616212314,
    "99_9": 4490.417008913262,
    "100_0": 5022.633881999354,
    "mean": 1916.1650796943152,
    "unit": "ms"
  },
  "service_time": {
    "50_0": 1777.7219050003623,
    "90_0": 3112.631310799771,
    "99_0": 3827.8952616212314,
    "99_9": 4490.417008913262,
    "100_0": 5022.633881999354,
    "mean": 1916.1650796943152,
    "unit": "ms"
  },
  "error_rate": 0.0
}
