{
  "test_run_id": "2ac3e017-5f4b-4ea1-841f-437475f5e211",
  "throughput": {
    "min": 367206.08077602193,
    "mean": 376570.8842873734,
    "median": 375860.9254875738,
    "max": 388705.8332418627,
    "unit": "docs/s"
  },
  "latency": {
    "50_0": 1799.2381320000277,
    "90_0": 3047.762784000952,
    "99_0": 3725.918474997162,
    "99_9": 4477.455146600271,
    "100_0": 5313.015961000929,
    "mean": 1892.951116241386,
    "unit": "ms"
  },
  "service_time": {
    "50_0": 1799.2381320000277,
    "90_0": 3047.762784000952,
    "99_0": 3725.918474997162,
    "99_9": 4477.455146600271,
    "100_0": 5313.015961000929,
    "mean": 1892.951116241386,
    "unit": "ms"
  },
  "error_rate": 0.0
}
