{
 "benchmark-version": "2.0.0",
 "benchmark-revision": null,
 "environment": "local",
 "test-run-id": "9f9e2e83-1a0e-4e01-9709-ecb614c926e7",
 "test-run-timestamp": "20251008T100319Z",
 "pipeline": "benchmark-only",
 "user-tags": {},
 "workload": "nyc_taxis",
 "cluster-config-instance": [
  "external"
 ],
 "cluster": {
  "revision": "8ff7c6ee924a49f0f59f80a6e1c73073c8904214",
  "distribution-version": "3.1.0",
  "distribution-flavor": "oss",
  "cluster-config-revision": null
 },
 "results": {
  "op_metrics": [
   {
    "task": "index",
    "operation": "index",
    "throughput": {
     "min": 360945.53818253847,
     "mean": 371385.1773581503,
     "median": 372300.59318698023,
     "max": 380005.00186819694,
     "unit": "docs/s"
    },
    "latency": {
     "50_0": 1838.0265199994028,
     "90_0": 3053.939327201079,
     "99_0": 3903.119195438922,
     "99_9": 4666.468179231775,
     "100_0": 4845.780546002061,
     "mean": 1953.8182018217049,
     "unit": "ms"
    },
    "service_time": {
     "50_0": 1838.0265199994028,
     "90_0": 3053.939327201079,
     "99_0": 3903.119195438922,
     "99_9": 4666.468179231775,
     "100_0": 4845.780546002061,
     "mean": 1953.8182018217049,
     "unit": "ms"
    },
    "client_processing_time": {
     "50_0": 1.3076690011075698,
     "90_0": 2.2075352004321807,
     "99_0": 8.04447972055642,
     "99_9": 50.78485445035144,
     "100_0": 88.82449399970938,
     "mean": 1.662536067214433,
     "unit": "ms"
    },
    "processing_time": {
     "50_0": 1848.8694540028519,
     "90_0": 3074.3847205987554,
     "99_0": 3909.236945598825,
     "99_9": 4669.407906199284,
     "100_0": 4886.777542000345,
     "mean": 1964.0053799639088,
     "unit": "ms"
    },
    "error_rate": 0.0,
    "duration": 455781.94373599766
   }
  ],
  "correctness_metrics": [
   {
    "task": "index",
    "operation": "index",
    "recall@k": {},
    "recall@1": {},
    "error_rate": 0.0,
    "duration": 455781.94373599766
   }
  ],
  "profile_metrics": [],
  "total_time": 23775580,
  "total_time_per_shard": {
   "min": 9,
   "median": 11488105,
   "max": 12287466,
   "unit": "ms"
  },
  "indexing_throttle_time": 79372,
  "indexing_throttle_time_per_shard": {
   "min": 0,
   "median": 31951,
   "max": 47421,
   "unit": "ms"
  },
  "merge_time": 4118202,
  "merge_time_per_shard": {
   "min": 8,
   "median": 1982813,
   "max": 2135381,
   "unit": "ms"
  },
  "merge_count": 899,
  "refresh_time": 81299,
  "refresh_time_per_shard": {
   "min": 30,
   "median": 39888,
   "max": 41381,
   "unit": "ms"
  },
  "refresh_count": 143,
  "flush_time": 252782,
  "flush_time_per_shard": {
   "min": 24,
   "median": 125715,
   "max": 127043,
   "unit": "ms"
  },
  "flush_count": 93,
  "merge_throttle_time": 34181,
  "merge_throttle_time_per_shard": {
   "min": 0,
   "median": 10919,
   "max": 23262,
   "unit": "ms"
  },
  "ml_processing_time": [],
  "young_gc_time": 42095,
  "young_gc_count": 2377,
  "old_gc_time": 0,
  "old_gc_count": 0,
  "memory_segments": 0,
  "memory_doc_values": 0,
  "memory_terms": 0,
  "memory_norms": 0,
  "memory_points": 0,
  "memory_stored_fields": 0,
  "store_size": 71232340433,
  "translog_size": 2081864764,
  "segment_count": 405,
  "total_transform_search_times": [],
  "total_transform_index_times": [],
  "total_transform_processing_times": [],
  "total_transform_throughput": []
 },
 "workload-revision": "32d8806",
 "test_procedure": "append-no-conflicts",
 "workload-params": {
  "bulk_indexing_clients": 70,
  "bulk_size": 10000
 }
}