{
  "test_run_id": "b16e0c8c-9bc7-4920-a4dc-5e50cbc6261d",
  "throughput": {
    "min": 357834.1797413873,
    "mean": 369650.93806870404,
    "median": 369167.2037719616,
    "max": 384070.87780400505,
    "unit": "docs/s"
  },
  "latency": {
    "50_0": 1870.6930619991908,
    "90_0": 3116.7586960000335,
    "99_0": 3929.5090157991594,
    "99_9": 4998.462686310303,
    "100_0": 5163.034594001147,
    "mean": 1974.1879185906337,
    "unit": "ms"
  },
  "service_time": {
    "50_0": 1870.6930619991908,
    "90_0": 3116.7586960000335,
    "99_0": 3929.5090157991594,
    "99_9": 4998.462686310303,
    "100_0": 5163.034594001147,
    "mean": 1974.1879185906337,
    "unit": "ms"
  },
  "error_rate": 0.0
}
