{
  "test_run_id": "6a0682f7-4d65-4822-bc59-28853f1059bf",
  "throughput": {
    "min": 364019.95140320517,
    "mean": 378648.0816157019,
    "median": 379092.7617508322,
    "max": 393282.3210547981,
    "unit": "docs/s"
  },
  "latency": {
    "50_0": 1794.890913000927,
    "90_0": 3075.332978499864,
    "99_0": 4349.813197971453,
    "99_9": 4939.983911072042,
    "100_0": 5016.139178998856,
    "mean": 1943.901465846906,
    "unit": "ms"
  },
  "service_time": {
    "50_0": 1794.890913000927,
    "90_0": 3075.332978499864,
    "99_0": 4349.813197971453,
    "99_9": 4939.983911072042,
    "100_0": 5016.139178998856,
    "mean": 1943.901465846906,
    "unit": "ms"
  },
  "error_rate": 0.0
}
