{
  "test_run_id": "b551e9a8-fc93-4e17-92d8-18739fa0c209",
  "throughput": {
    "min": 359277.65605064883,
    "mean": 366603.4356793428,
    "median": 366804.28088281426,
    "max": 374850.17217133974,
    "unit": "docs/s"
  },
  "latency": {
    "50_0": 1797.6077519997489,
    "90_0": 3080.9729763997893,
    "99_0": 3828.883360359759,
    "99_9": 4408.570472073308,
    "100_0": 5077.4315479993675,
    "mean": 1937.8726228211333,
    "unit": "ms"
  },
  "service_time": {
    "50_0": 1797.6077519997489,
    "90_0": 3080.9729763997893,
    "99_0": 3828.883360359759,
    "99_9": 4408.570472073308,
    "100_0": 5077.4315479993675,
    "mean": 1937.8726228211333,
    "unit": "ms"
  },
  "error_rate": 0.0
}
