{
  "test_run_id": "d1be9b2d-f254-4990-aba6-64ab8baf25ed",
  "throughput": {
    "min": 355480.4846340503,
    "mean": 361841.26983667613,
    "median": 361204.678285022,
    "max": 369462.1775347345,
    "unit": "docs/s"
  },
  "latency": {
    "50_0": 1816.3231375001487,
    "90_0": 3082.0576207006525,
    "99_0": 3987.5802543999102,
    "99_9": 4218.581661649042,
    "100_0": 5115.534521999507,
    "mean": 1953.36676484736,
    "unit": "ms"
  },
  "service_time": {
    "50_0": 1816.3231375001487,
    "90_0": 3082.0576207006525,
    "99_0": 3987.5802543999102,
    "99_9": 4218.581661649042,
    "100_0": 5115.534521999507,
    "mean": 1953.36676484736,
    "unit": "ms"
  },
  "error_rate": 0.0
}
