{
  "test_run_id": "9f9e2e83-1a0e-4e01-9709-ecb614c926e7",
  "throughput": {
    "min": 360945.53818253847,
    "mean": 371385.1773581503,
    "median": 372300.59318698023,
    "max": 380005.00186819694,
    "unit": "docs/s"
  },
  "latency": {
    "50_0": 1838.0265199994028,
    "90_0": 3053.939327201079,
    "99_0": 3903.119195438922,
    "99_9": 4666.468179231775,
    "100_0": 4845.780546002061,
    "mean": 1953.8182018217049,
    "unit": "ms"
  },
  "service_time": {
    "50_0": 1838.0265199994028,
    "90_0": 3053.939327201079,
    "99_0": 3903.119195438922,
    "99_9": 4666.468179231775,
    "100_0": 4845.780546002061,
    "mean": 1953.8182018217049,
    "unit": "ms"
  },
  "error_rate": 0.0
}
