{
  "test_run_id": "012dd5dc-aa00-4082-8838-e778c460f054",
  "throughput": {
    "min": 359342.92827592744,
    "mean": 368938.04434782127,
    "median": 368707.0819131043,
    "max": 379950.33847889694,
    "unit": "docs/s"
  },
  "latency": {
    "50_0": 1882.312424999327,
    "90_0": 3093.0320571995253,
    "99_0": 4098.541146088537,
    "99_9": 4720.020578340966,
    "100_0": 5757.129891000659,
    "mean": 1966.4923092453398,
    "unit": "ms"
  },
  "service_time": {
    "50_0": 1882.312424999327,
    "90_0": 3093.0320571995253,
    "99_0": 4098.541146088537,
    "99_9": 4720.020578340966,
    "100_0": 5757.129891000659,
    "mean": 1966.4923092453398,
    "unit": "ms"
  },
  "error_rate": 0.0
}
