{
  "test_run_id": "13140ce9-9f6d-4588-bc7a-23aa8ff385b3",
  "throughput": {
    "min": 350454.82853595784,
    "mean": 359880.7314540182,
    "median": 360124.4909887923,
    "max": 368577.94906357955,
    "unit": "docs/s"
  },
  "latency": {
    "50_0": 1894.1587830013304,
    "90_0": 3042.387002002215,
    "99_0": 3852.7308694992826,
    "99_9": 4680.049799149239,
    "100_0": 5243.19794099938,
    "mean": 1976.4479168124574,
    "unit": "ms"
  },
  "service_time": {
    "50_0": 1894.1587830013304,
    "90_0": 3042.387002002215,
    "99_0": 3852.7308694992826,
    "99_9": 4680.049799149239,
    "100_0": 5243.19794099938,
    "mean": 1976.4479168124574,
    "unit": "ms"
  },
  "error_rate": 0.0
}
