{
 "benchmark-version": "2.0.0",
 "benchmark-revision": null,
 "environment": "local",
 "test-run-id": "13140ce9-9f6d-4588-bc7a-23aa8ff385b3",
 "test-run-timestamp": "20251008T103000Z",
 "pipeline": "benchmark-only",
 "user-tags": {},
 "workload": "nyc_taxis",
 "cluster-config-instance": [
  "external"
 ],
 "cluster": {
  "revision": "8ff7c6ee924a49f0f59f80a6e1c73073c8904214",
  "distribution-version": "3.1.0",
  "distribution-flavor": "oss",
  "cluster-config-revision": null
 },
 "results": {
  "op_metrics": [
   {
    "task": "index",
    "operation": "index",
    "throughput": {
     "min": 350454.82853595784,
     "mean": 359880.7314540182,
     "median": 360124.4909887923,
     "max": 368577.94906357955,
     "unit": "docs/s"
    },
    "latency": {
     "50_0": 1894.1587830013304,
     "90_0": 3042.387002002215,
     "99_0": 3852.7308694992826,
     "99_9": 4680.049799149239,
     "100_0": 5243.19794099938,
     "mean": 1976.4479168124574,
     "unit": "ms"
    },
    "service_time": {
     "50_0": 1894.1587830013304,
     "90_0": 3042.387002002215,
     "99_0": 3852.7308694992826,
     "99_9": 4680.049799149239,
     "100_0": 5243.19794099938,
     "mean": 1976.4479168124574,
     "unit": "ms"
    },
    "client_processing_time": {
     "50_0": 1.3066219980828464,
     "90_0": 1.4973069992265664,
     "99_0": 6.58179950187332,
     "99_9": 45.308430750447314,
     "100_0": 73.18705799843883,
     "mean": 1.4974263143937787,
     "unit": "ms"
    },
    "processing_time": {
     "50_0": 1904.0654080017703,
     "90_0": 3048.9339849991666,
     "99_0": 3855.808052501743,
     "99_9": 4683.088701549352,
     "100_0": 5246.130047999031,
     "mean": 1983.1439507587188,
     "unit": "ms"
    },
    "error_rate": 0.0,
    "duration": 468246.4797690009
   }
  ],
  "correctness_metrics": [
   {
    "task": "index",
    "operation": "index",
    "recall@k": {},
    "recall@1": {},
    "error_rate": 0.0,
    "duration": 468246.4797690009
   }
  ],
  "profile_metrics": [],
  "total_time": 23169665,
  "total_time_per_shard": {
   "min": 33,
   "median": 11297361,
   "max": 11872271,
   "unit": "ms"
  },
  "indexing_throttle_time": 61386,
  "indexing_throttle_time_per_shard": {
   "min": 0,
   "median": 27480,
   "max": 33906,
   "unit": "ms"
  },
  "merge_time": 4156396,
  "merge_time_per_shard": {
   "min": 28,
   "median": 2057192,
   "max": 2099176,
   "unit": "ms"
  },
  "merge_count": 946,
  "refresh_time": 99893,
  "refresh_time_per_shard": {
   "min": 60,
   "median": 44547,
   "max": 55286,
   "unit": "ms"
  },
  "refresh_count": 147,
  "flush_time": 263684,
  "flush_time_per_shard": {
   "min": 57,
   "median": 125433,
   "max": 138194,
   "unit": "ms"
  },
  "flush_count": 94,
  "merge_throttle_time": 15946,
  "merge_throttle_time_per_shard": {
   "min": 0,
   "median": 7352,
   "max": 8594,
   "unit": "ms"
  },
  "ml_processing_time": [],
  "young_gc_time": 51944,
  "young_gc_count": 3080,
  "old_gc_time": 0,
  "old_gc_count": 0,
  "memory_segments": 0,
  "memory_doc_values": 0,
  "memory_terms": 0,
  "memory_norms": 0,
  "memory_points": 0,
  "memory_stored_fields": 0,
  "store_size": 72089790431,
  "translog_size": 2192227054,
  "segment_count": 173,
  "total_transform_search_times": [],
  "total_transform_index_times": [],
  "total_transform_processing_times": [],
  "total_transform_throughput": []
 },
 "workload-revision": "32d8806",
 "test_procedure": "append-no-conflicts",
 "workload-params": {
  "bulk_indexing_clients": 70,
  "bulk_size": 10000
 }
}