{
 "benchmark-version": "2.0.0",
 "benchmark-revision": null,
 "environment": "local",
 "test-run-id": "6faacdd8-42df-41c5-a8f8-1809c2e85d4f",
 "test-run-timestamp": "20251008T112510Z",
 "pipeline": "benchmark-only",
 "user-tags": {},
 "workload": "nyc_taxis",
 "cluster-config-instance": [
  "external"
 ],
 "cluster": {
  "revision": "8ff7c6ee924a49f0f59f80a6e1c73073c8904214",
  "distribution-version": "3.1.0",
  "distribution-flavor": "oss",
  "cluster-config-revision": null
 },
 "results": {
  "op_metrics": [
   {
    "task": "index",
    "operation": "index",
    "throughput": {
     "min": 358469.74548240565,
     "mean": 372036.3006016086,
     "median": 371161.2725554814,
     "max": 386661.11360567866,
     "unit": "docs/s"
    },
    "latency": {
     "50_0": 2209.512227000232,
     "90_0": 3608.534964000137,
     "99_0": 4683.2715008397645,
     "99_9": 5234.172211421833,
     "100_0": 5764.0891400005785,
     "mean": 2288.559798436536,
     "unit": "ms"
    },
    "service_time": {
     "50_0": 2209.512227000232,
     "90_0": 3608.534964000137,
     "99_0": 4683.2715008397645,
     "99_9": 5234.172211421833,
     "100_0": 5764.0891400005785,
     "mean": 2288.559798436536,
     "unit": "ms"
    },
    "client_processing_time": {
     "50_0": 1.309949999267701,
     "90_0": 2.5600692002626584,
     "99_0": 8.541576560237443,
     "99_9": 78.33140882739147,
     "100_0": 83.64242300376645,
     "mean": 1.7479235284048258,
     "unit": "ms"
    },
    "processing_time": {
     "50_0": 2219.7559849992103,
     "90_0": 3616.2021051990446,
     "99_0": 4689.613545120227,
     "99_9": 5236.635397568873,
     "100_0": 5767.112109002483,
     "mean": 2299.0903322253366,
     "unit": "ms"
    },
    "error_rate": 0.0,
    "duration": 458871.986123002
   }
  ],
  "correctness_metrics": [
   {
    "task": "index",
    "operation": "index",
    "recall@k": {},
    "recall@1": {},
    "error_rate": 0.0,
    "duration": 458871.986123002
   }
  ],
  "profile_metrics": [],
  "total_time": 26289870,
  "total_time_per_shard": {
   "min": 2,
   "median": 12524832,
   "max": 13765036,
   "unit": "ms"
  },
  "indexing_throttle_time": 97562,
  "indexing_throttle_time_per_shard": {
   "min": 0,
   "median": 42653,
   "max": 54909,
   "unit": "ms"
  },
  "merge_time": 4383681,
  "merge_time_per_shard": {
   "min": 8,
   "median": 2153506,
   "max": 2230167,
   "unit": "ms"
  },
  "merge_count": 952,
  "refresh_time": 87864,
  "refresh_time_per_shard": {
   "min": 19,
   "median": 41288,
   "max": 46557,
   "unit": "ms"
  },
  "refresh_count": 144,
  "flush_time": 289730,
  "flush_time_per_shard": {
   "min": 30,
   "median": 144208,
   "max": 145492,
   "unit": "ms"
  },
  "flush_count": 95,
  "merge_throttle_time": 31536,
  "merge_throttle_time_per_shard": {
   "min": 0,
   "median": 12693,
   "max": 18843,
   "unit": "ms"
  },
  "ml_processing_time": [],
  "young_gc_time": 23291,
  "young_gc_count": 1035,
  "old_gc_time": 0,
  "old_gc_count": 0,
  "memory_segments": 0,
  "memory_doc_values": 0,
  "memory_terms": 0,
  "memory_norms": 0,
  "memory_points": 0,
  "memory_stored_fields": 0,
  "store_size": 71128807160,
  "translog_size": 851893639,
  "segment_count": 390,
  "total_transform_search_times": [],
  "total_transform_index_times": [],
  "total_transform_processing_times": [],
  "total_transform_throughput": []
 },
 "workload-revision": "32d8806",
 "test_procedure": "append-no-conflicts",
 "workload-params": {
  "bulk_indexing_clients": 80,
  "bulk_size": 10000
 }
}