{
  "test_run_id": "a992c052-f0c3-46fc-a42e-bd0e775a31c4",
  "throughput": {
    "min": 348019.28363269096,
    "mean": 356542.3459233274,
    "median": 355864.3557693601,
    "max": 364795.7981773556,
    "unit": "docs/s"
  },
  "latency": {
    "50_0": 2191.457191000154,
    "90_0": 3546.9052272008407,
    "99_0": 4757.9040115328835,
    "99_9": 5248.2763169295395,
    "100_0": 5376.402988000336,
    "mean": 2296.5015657951085,
    "unit": "ms"
  },
  "service_time": {
    "50_0": 2191.457191000154,
    "90_0": 3546.9052272008407,
    "99_0": 4757.9040115328835,
    "99_9": 5248.2763169295395,
    "100_0": 5376.402988000336,
    "mean": 2296.5015657951085,
    "unit": "ms"
  },
  "error_rate": 0.0
}
