{
  "test_run_id": "632ac5bb-b583-40c5-b7bd-1b2044984fe9",
  "throughput": {
    "min": 343526.54893857293,
    "mean": 349429.68065755157,
    "median": 349104.2226127158,
    "max": 358807.6988191937,
    "unit": "docs/s"
  },
  "latency": {
    "50_0": 2120.6931820015598,
    "90_0": 3615.1357591996207,
    "99_0": 4861.394946879226,
    "99_9": 5387.090041890966,
    "100_0": 5585.53872199991,
    "mean": 2272.202824397639,
    "unit": "ms"
  },
  "service_time": {
    "50_0": 2120.6931820015598,
    "90_0": 3615.1357591996207,
    "99_0": 4861.394946879226,
    "99_9": 5387.090041890966,
    "100_0": 5585.53872199991,
    "mean": 2272.202824397639,
    "unit": "ms"
  },
  "error_rate": 0.0
}
