{
  "test_run_id": "f214e720-aa41-49c6-bae4-54242a34441f",
  "throughput": {
    "min": 349321.5151593739,
    "mean": 359357.77095920977,
    "median": 359477.6807782788,
    "max": 371273.89041607117,
    "unit": "docs/s"
  },
  "latency": {
    "50_0": 2238.413582999783,
    "90_0": 3646.290965598747,
    "99_0": 4708.390151080093,
    "99_9": 5929.663712080606,
    "100_0": 6266.251626999292,
    "mean": 2324.773284118376,
    "unit": "ms"
  },
  "service_time": {
    "50_0": 2238.413582999783,
    "90_0": 3646.290965598747,
    "99_0": 4708.390151080093,
    "99_9": 5929.663712080606,
    "100_0": 6266.251626999292,
    "mean": 2324.773284118376,
    "unit": "ms"
  },
  "error_rate": 0.0
}
