{
  "test_run_id": "fc260919-7a09-46e1-a568-85e0a4f363b0",
  "throughput": {
    "min": 348061.23887298215,
    "mean": 359889.6809756995,
    "median": 359671.87555156485,
    "max": 371929.4047707291,
    "unit": "docs/s"
  },
  "latency": {
    "50_0": 2159.2487070010975,
    "90_0": 3669.7965484010642,
    "99_0": 4444.25371236117,
    "99_9": 6117.476794452188,
    "100_0": 6210.804335998546,
    "mean": 2312.495739569583,
    "unit": "ms"
  },
  "service_time": {
    "50_0": 2159.2487070010975,
    "90_0": 3669.7965484010642,
    "99_0": 4444.25371236117,
    "99_9": 6117.476794452188,
    "100_0": 6210.804335998546,
    "mean": 2312.495739569583,
    "unit": "ms"
  },
  "error_rate": 0.0
}
