{
 "benchmark-version": "2.0.0",
 "benchmark-revision": null,
 "environment": "local",
 "test-run-id": "9704ce66-83a0-423b-909b-ba935b0cf2da",
 "test-run-timestamp": "20251008T114346Z",
 "pipeline": "benchmark-only",
 "user-tags": {},
 "workload": "nyc_taxis",
 "cluster-config-instance": [
  "external"
 ],
 "cluster": {
  "revision": "8ff7c6ee924a49f0f59f80a6e1c73073c8904214",
  "distribution-version": "3.1.0",
  "distribution-flavor": "oss",
  "cluster-config-revision": null
 },
 "results": {
  "op_metrics": [
   {
    "task": "index",
    "operation": "index",
    "throughput": {
     "min": 349073.86358524783,
     "mean": 363889.101152854,
     "median": 363704.71732571325,
     "max": 380068.20247083745,
     "unit": "docs/s"
    },
    "latency": {
     "50_0": 2279.516242999307,
     "90_0": 3769.7586415015394,
     "99_0": 5109.4102519981025,
     "99_9": 5696.998117666065,
     "100_0": 5800.354076000076,
     "mean": 2357.077330129557,
     "unit": "ms"
    },
    "service_time": {
     "50_0": 2279.516242999307,
     "90_0": 3769.7586415015394,
     "99_0": 5109.4102519981025,
     "99_9": 5696.998117666065,
     "100_0": 5800.354076000076,
     "mean": 2357.077330129557,
     "unit": "ms"
    },
    "client_processing_time": {
     "50_0": 1.3086965027468977,
     "90_0": 1.7734675020619761,
     "99_0": 7.977319700148669,
     "99_9": 47.71368860023366,
     "100_0": 110.30023100101971,
     "mean": 1.6154598578494919,
     "unit": "ms"
    },
    "processing_time": {
     "50_0": 2287.2225964983954,
     "90_0": 3777.600181001617,
     "99_0": 5116.547273000473,
     "99_9": 5729.288561960531,
     "100_0": 5883.36591499683,
     "mean": 2366.2730746983266,
     "unit": "ms"
    },
    "error_rate": 0.0,
    "duration": 470931.4164650022
   }
  ],
  "correctness_metrics": [
   {
    "task": "index",
    "operation": "index",
    "recall@k": {},
    "recall@1": {},
    "error_rate": 0.0,
    "duration": 470931.4164650022
   }
  ],
  "profile_metrics": [],
  "total_time": 27622836,
  "total_time_per_shard": {
   "min": 15,
   "median": 13670301,
   "max": 13952520,
   "unit": "ms"
  },
  "indexing_throttle_time": 98742,
  "indexing_throttle_time_per_shard": {
   "min": 0,
   "median": 46575,
   "max": 52167,
   "unit": "ms"
  },
  "merge_time": 4540629,
  "merge_time_per_shard": {
   "min": 13,
   "median": 2163308,
   "max": 2377308,
   "unit": "ms"
  },
  "merge_count": 992,
  "refresh_time": 90810,
  "refresh_time_per_shard": {
   "min": 37,
   "median": 44733,
   "max": 46040,
   "unit": "ms"
  },
  "refresh_count": 147,
  "flush_time": 286379,
  "flush_time_per_shard": {
   "min": 42,
   "median": 136453,
   "max": 149884,
   "unit": "ms"
  },
  "flush_count": 94,
  "merge_throttle_time": 24528,
  "merge_throttle_time_per_shard": {
   "min": 0,
   "median": 9660,
   "max": 14868,
   "unit": "ms"
  },
  "ml_processing_time": [],
  "young_gc_time": 35158,
  "young_gc_count": 1580,
  "old_gc_time": 0,
  "old_gc_count": 0,
  "memory_segments": 0,
  "memory_doc_values": 0,
  "memory_terms": 0,
  "memory_norms": 0,
  "memory_points": 0,
  "memory_stored_fields": 0,
  "store_size": 71325027210,
  "translog_size": 1973689729,
  "segment_count": 224,
  "total_transform_search_times": [],
  "total_transform_index_times": [],
  "total_transform_processing_times": [],
  "total_transform_throughput": []
 },
 "workload-revision": "32d8806",
 "test_procedure": "append-no-conflicts",
 "workload-params": {
  "bulk_indexing_clients": 80,
  "bulk_size": 10000
 }
}