{
 "benchmark-version": "2.0.0",
 "benchmark-revision": null,
 "environment": "local",
 "test-run-id": "576a2eae-7b15-47a7-bd38-abd300673efe",
 "test-run-timestamp": "20251008T120025Z",
 "pipeline": "benchmark-only",
 "user-tags": {},
 "workload": "nyc_taxis",
 "cluster-config-instance": [
  "external"
 ],
 "cluster": {
  "revision": "8ff7c6ee924a49f0f59f80a6e1c73073c8904214",
  "distribution-version": "3.1.0",
  "distribution-flavor": "oss",
  "cluster-config-revision": null
 },
 "results": {
  "op_metrics": [
   {
    "task": "index",
    "operation": "index",
    "throughput": {
     "min": 352344.05445662356,
     "mean": 363818.64349316363,
     "median": 362696.8468166372,
     "max": 376228.2662972824,
     "unit": "docs/s"
    },
    "latency": {
     "50_0": 2187.594625998827,
     "90_0": 3540.3036786974553,
     "99_0": 5415.468128979628,
     "99_9": 6428.48904162109,
     "100_0": 6580.674361997808,
     "mean": 2289.608729854191,
     "unit": "ms"
    },
    "service_time": {
     "50_0": 2187.594625998827,
     "90_0": 3540.3036786974553,
     "99_0": 5415.468128979628,
     "99_9": 6428.48904162109,
     "100_0": 6580.674361997808,
     "mean": 2289.608729854191,
     "unit": "ms"
    },
    "client_processing_time": {
     "50_0": 1.302160997511237,
     "90_0": 1.493949199721101,
     "99_0": 7.127538668391935,
     "99_9": 49.80141367630191,
     "100_0": 93.07408099994063,
     "mean": 1.5227133784941669,
     "unit": "ms"
    },
    "processing_time": {
     "50_0": 2201.6197584998736,
     "90_0": 3548.817032498119,
     "99_0": 5434.875463500903,
     "99_9": 6431.3427477256,
     "100_0": 6583.516778999183,
     "mean": 2299.071038147151,
     "unit": "ms"
    },
    "error_rate": 0.0,
    "duration": 467007.86882199824
   }
  ],
  "correctness_metrics": [
   {
    "task": "index",
    "operation": "index",
    "recall@k": {},
    "recall@1": {},
    "error_rate": 0.0,
    "duration": 467007.86882199824
   }
  ],
  "profile_metrics": [],
  "total_time": 26964254,
  "total_time_per_shard": {
   "min": 4,
   "median": 12706052,
   "max": 14258198,
   "unit": "ms"
  },
  "indexing_throttle_time": 99530,
  "indexing_throttle_time_per_shard": {
   "min": 0,
   "median": 43324,
   "max": 56206,
   "unit": "ms"
  },
  "merge_time": 4356726,
  "merge_time_per_shard": {
   "min": 0,
   "median": 2107481,
   "max": 2249245,
   "unit": "ms"
  },
  "merge_count": 976,
  "refresh_time": 94411,
  "refresh_time_per_shard": {
   "min": 53,
   "median": 46226,
   "max": 48132,
   "unit": "ms"
  },
  "refresh_count": 140,
  "flush_time": 291337,
  "flush_time_per_shard": {
   "min": 0,
   "median": 142469,
   "max": 148868,
   "unit": "ms"
  },
  "flush_count": 90,
  "merge_throttle_time": 24773,
  "merge_throttle_time_per_shard": {
   "min": 0,
   "median": 11205,
   "max": 13568,
   "unit": "ms"
  },
  "ml_processing_time": [],
  "young_gc_time": 34099,
  "young_gc_count": 1590,
  "old_gc_time": 0,
  "old_gc_count": 0,
  "memory_segments": 0,
  "memory_doc_values": 0,
  "memory_terms": 0,
  "memory_norms": 0,
  "memory_points": 0,
  "memory_stored_fields": 0,
  "store_size": 74183807322,
  "translog_size": 1981084182,
  "segment_count": 332,
  "total_transform_search_times": [],
  "total_transform_index_times": [],
  "total_transform_processing_times": [],
  "total_transform_throughput": []
 },
 "workload-revision": "32d8806",
 "test_procedure": "append-no-conflicts",
 "workload-params": {
  "bulk_indexing_clients": 80,
  "bulk_size": 10000
 }
}