{
  "test_run_id": "544e7d1c-7644-43f5-9c31-cb618ee64a2d",
  "throughput": {
    "min": 347850.1601281034,
    "mean": 354264.9650123033,
    "median": 352579.7339756066,
    "max": 362892.4458269848,
    "unit": "docs/s"
  },
  "latency": {
    "50_0": 2215.488470003038,
    "90_0": 3479.9104410005384,
    "99_0": 4443.788762000331,
    "99_9": 5329.979259904917,
    "100_0": 5625.715054000466,
    "mean": 2290.1143422290133,
    "unit": "ms"
  },
  "service_time": {
    "50_0": 2215.488470003038,
    "90_0": 3479.9104410005384,
    "99_0": 4443.788762000331,
    "99_9": 5329.979259904917,
    "100_0": 5625.715054000466,
    "mean": 2290.1143422290133,
    "unit": "ms"
  },
  "error_rate": 0.0
}
