{
 "benchmark-version": "2.0.0",
 "benchmark-revision": null,
 "environment": "local",
 "test-run-id": "b31061dc-6572-4d3f-9cdb-a88535d134cb",
 "test-run-timestamp": "20251008T115211Z",
 "pipeline": "benchmark-only",
 "user-tags": {},
 "workload": "nyc_taxis",
 "cluster-config-instance": [
  "external"
 ],
 "cluster": {
  "revision": "8ff7c6ee924a49f0f59f80a6e1c73073c8904214",
  "distribution-version": "3.1.0",
  "distribution-flavor": "oss",
  "cluster-config-revision": null
 },
 "results": {
  "op_metrics": [
   {
    "task": "index",
    "operation": "index",
    "throughput": {
     "min": 356277.97314207687,
     "mean": 367564.34978879406,
     "median": 367262.99973830854,
     "max": 381103.2602745329,
     "unit": "docs/s"
    },
    "latency": {
     "50_0": 2191.095280000809,
     "90_0": 3518.3741342021676,
     "99_0": 4684.659562890665,
     "99_9": 5190.170148486012,
     "100_0": 5375.6046969974705,
     "mean": 2290.2249030228304,
     "unit": "ms"
    },
    "service_time": {
     "50_0": 2191.095280000809,
     "90_0": 3518.3741342021676,
     "99_0": 4684.659562890665,
     "99_9": 5190.170148486012,
     "100_0": 5375.6046969974705,
     "mean": 2290.2249030228304,
     "unit": "ms"
    },
    "client_processing_time": {
     "50_0": 1.30810299924633,
     "90_0": 2.4867377993359705,
     "99_0": 7.987502600153677,
     "99_9": 48.997269239303826,
     "100_0": 120.09428600140382,
     "mean": 1.6367136567828835,
     "unit": "ms"
    },
    "processing_time": {
     "50_0": 2203.567969001597,
     "90_0": 3526.38299159953,
     "99_0": 4690.149330419554,
     "99_9": 5223.905119193638,
     "100_0": 5410.735834000661,
     "mean": 2300.5944645938325,
     "unit": "ms"
    },
    "error_rate": 0.0,
    "duration": 461339.73838600283
   }
  ],
  "correctness_metrics": [
   {
    "task": "index",
    "operation": "index",
    "recall@k": {},
    "recall@1": {},
    "error_rate": 0.0,
    "duration": 461339.73838600283
   }
  ],
  "profile_metrics": [],
  "total_time": 27777282,
  "total_time_per_shard": {
   "min": 4,
   "median": 12689195,
   "max": 15088083,
   "unit": "ms"
  },
  "indexing_throttle_time": 113018,
  "indexing_throttle_time_per_shard": {
   "min": 0,
   "median": 49764,
   "max": 63254,
   "unit": "ms"
  },
  "merge_time": 4523208,
  "merge_time_per_shard": {
   "min": 0,
   "median": 2223985,
   "max": 2299223,
   "unit": "ms"
  },
  "merge_count": 990,
  "refresh_time": 107479,
  "refresh_time_per_shard": {
   "min": 23,
   "median": 53276,
   "max": 54180,
   "unit": "ms"
  },
  "refresh_count": 147,
  "flush_time": 283197,
  "flush_time_per_shard": {
   "min": 0,
   "median": 135731,
   "max": 147466,
   "unit": "ms"
  },
  "flush_count": 94,
  "merge_throttle_time": 27424,
  "merge_throttle_time_per_shard": {
   "min": 0,
   "median": 12067,
   "max": 15357,
   "unit": "ms"
  },
  "ml_processing_time": [],
  "young_gc_time": 34954,
  "young_gc_count": 1594,
  "old_gc_time": 0,
  "old_gc_count": 0,
  "memory_segments": 0,
  "memory_doc_values": 0,
  "memory_terms": 0,
  "memory_norms": 0,
  "memory_points": 0,
  "memory_stored_fields": 0,
  "store_size": 72991879228,
  "translog_size": 2684927205,
  "segment_count": 343,
  "total_transform_search_times": [],
  "total_transform_index_times": [],
  "total_transform_processing_times": [],
  "total_transform_throughput": []
 },
 "workload-revision": "32d8806",
 "test_procedure": "append-no-conflicts",
 "workload-params": {
  "bulk_indexing_clients": 80,
  "bulk_size": 10000
 }
}