{
  "test_run_id": "b31061dc-6572-4d3f-9cdb-a88535d134cb",
  "throughput": {
    "min": 356277.97314207687,
    "mean": 367564.34978879406,
    "median": 367262.99973830854,
    "max": 381103.2602745329,
    "unit": "docs/s"
  },
  "latency": {
    "50_0": 2191.095280000809,
    "90_0": 3518.3741342021676,
    "99_0": 4684.659562890665,
    "99_9": 5190.170148486012,
    "100_0": 5375.6046969974705,
    "mean": 2290.2249030228304,
    "unit": "ms"
  },
  "service_time": {
    "50_0": 2191.095280000809,
    "90_0": 3518.3741342021676,
    "99_0": 4684.659562890665,
    "99_9": 5190.170148486012,
    "100_0": 5375.6046969974705,
    "mean": 2290.2249030228304,
    "unit": "ms"
  },
  "error_rate": 0.0
}
