{
  "test_run_id": "9704ce66-83a0-423b-909b-ba935b0cf2da",
  "throughput": {
    "min": 349073.86358524783,
    "mean": 363889.101152854,
    "median": 363704.71732571325,
    "max": 380068.20247083745,
    "unit": "docs/s"
  },
  "latency": {
    "50_0": 2279.516242999307,
    "90_0": 3769.7586415015394,
    "99_0": 5109.4102519981025,
    "99_9": 5696.998117666065,
    "100_0": 5800.354076000076,
    "mean": 2357.077330129557,
    "unit": "ms"
  },
  "service_time": {
    "50_0": 2279.516242999307,
    "90_0": 3769.7586415015394,
    "99_0": 5109.4102519981025,
    "99_9": 5696.998117666065,
    "100_0": 5800.354076000076,
    "mean": 2357.077330129557,
    "unit": "ms"
  },
  "error_rate": 0.0
}
