{
  "test_run_id": "e2fbd674-4680-4654-a035-9d27bf025e65",
  "throughput": {
    "min": 354684.89177729015,
    "mean": 364039.47009276965,
    "median": 363733.15465828945,
    "max": 379183.93805712525,
    "unit": "docs/s"
  },
  "latency": {
    "50_0": 2231.7608810008096,
    "90_0": 3472.785758699319,
    "99_0": 4834.012872718918,
    "99_9": 5768.9088922070605,
    "100_0": 7610.138910000387,
    "mean": 2310.266454772003,
    "unit": "ms"
  },
  "service_time": {
    "50_0": 2231.7608810008096,
    "90_0": 3472.785758699319,
    "99_0": 4834.012872718918,
    "99_9": 5768.9088922070605,
    "100_0": 7610.138910000387,
    "mean": 2310.266454772003,
    "unit": "ms"
  },
  "error_rate": 0.0
}
