{
  "test_run_id": "576a2eae-7b15-47a7-bd38-abd300673efe",
  "throughput": {
    "min": 352344.05445662356,
    "mean": 363818.64349316363,
    "median": 362696.8468166372,
    "max": 376228.2662972824,
    "unit": "docs/s"
  },
  "latency": {
    "50_0": 2187.594625998827,
    "90_0": 3540.3036786974553,
    "99_0": 5415.468128979628,
    "99_9": 6428.48904162109,
    "100_0": 6580.674361997808,
    "mean": 2289.608729854191,
    "unit": "ms"
  },
  "service_time": {
    "50_0": 2187.594625998827,
    "90_0": 3540.3036786974553,
    "99_0": 5415.468128979628,
    "99_9": 6428.48904162109,
    "100_0": 6580.674361997808,
    "mean": 2289.608729854191,
    "unit": "ms"
  },
  "error_rate": 0.0
}
