{
  "test_run_id": "c7dcdaf9-7793-4e7b-88f8-f3554967ed01",
  "throughput": {
    "min": 339214.3903294889,
    "mean": 348352.62850306876,
    "median": 347496.18951243476,
    "max": 361621.32800144167,
    "unit": "docs/s"
  },
  "latency": {
    "50_0": 2347.1526649991574,
    "90_0": 3613.0936098987154,
    "99_0": 4698.03459830968,
    "99_9": 5281.5597945118025,
    "100_0": 5508.3694940003625,
    "mean": 2399.160667093881,
    "unit": "ms"
  },
  "service_time": {
    "50_0": 2347.1526649991574,
    "90_0": 3613.0936098987154,
    "99_0": 4698.03459830968,
    "99_9": 5281.5597945118025,
    "100_0": 5508.3694940003625,
    "mean": 2399.160667093881,
    "unit": "ms"
  },
  "error_rate": 0.0
}
