{
 "benchmark-version": "2.0.0",
 "benchmark-revision": null,
 "environment": "local",
 "test-run-id": "32512710-f7b0-44e6-802c-eb89e8678573",
 "test-run-timestamp": "20251008T125503Z",
 "pipeline": "benchmark-only",
 "user-tags": {},
 "workload": "nyc_taxis",
 "cluster-config-instance": [
  "external"
 ],
 "cluster": {
  "revision": "8ff7c6ee924a49f0f59f80a6e1c73073c8904214",
  "distribution-version": "3.1.0",
  "distribution-flavor": "oss",
  "cluster-config-revision": null
 },
 "results": {
  "op_metrics": [
   {
    "task": "index",
    "operation": "index",
    "throughput": {
     "min": 352336.34436307766,
     "mean": 363531.21724217624,
     "median": 362854.1551984245,
     "max": 374883.768950621,
     "unit": "docs/s"
    },
    "latency": {
     "50_0": 2208.0699739999545,
     "90_0": 3500.610306997987,
     "99_0": 4953.752971199282,
     "99_9": 5666.831272186669,
     "100_0": 5911.955760999263,
     "mean": 2273.528832682318,
     "unit": "ms"
    },
    "service_time": {
     "50_0": 2208.0699739999545,
     "90_0": 3500.610306997987,
     "99_0": 4953.752971199282,
     "99_9": 5666.831272186669,
     "100_0": 5911.955760999263,
     "mean": 2273.528832682318,
     "unit": "ms"
    },
    "client_processing_time": {
     "50_0": 1.2978519989701454,
     "90_0": 1.47799860133091,
     "99_0": 6.774150437122444,
     "99_9": 46.58860185839902,
     "100_0": 81.98564799749875,
     "mean": 1.502272769614143,
     "unit": "ms"
    },
    "processing_time": {
     "50_0": 2216.560147000564,
     "90_0": 3508.4985181980305,
     "99_0": 4958.111117439984,
     "99_9": 5673.065899211493,
     "100_0": 5914.991784000449,
     "mean": 2281.3270709610697,
     "unit": "ms"
    },
    "error_rate": 0.0,
    "duration": 465844.5798450011
   }
  ],
  "correctness_metrics": [
   {
    "task": "index",
    "operation": "index",
    "recall@k": {},
    "recall@1": {},
    "error_rate": 0.0,
    "duration": 465844.5798450011
   }
  ],
  "profile_metrics": [],
  "total_time": 26993410,
  "total_time_per_shard": {
   "min": 19,
   "median": 12540195,
   "max": 14453196,
   "unit": "ms"
  },
  "indexing_throttle_time": 84805,
  "indexing_throttle_time_per_shard": {
   "min": 0,
   "median": 37274,
   "max": 47531,
   "unit": "ms"
  },
  "merge_time": 4162848,
  "merge_time_per_shard": {
   "min": 12,
   "median": 2023769,
   "max": 2139067,
   "unit": "ms"
  },
  "merge_count": 957,
  "refresh_time": 90179,
  "refresh_time_per_shard": {
   "min": 41,
   "median": 42739,
   "max": 47399,
   "unit": "ms"
  },
  "refresh_count": 144,
  "flush_time": 270355,
  "flush_time_per_shard": {
   "min": 31,
   "median": 133466,
   "max": 136858,
   "unit": "ms"
  },
  "flush_count": 93,
  "merge_throttle_time": 14924,
  "merge_throttle_time_per_shard": {
   "min": 0,
   "median": 6418,
   "max": 8506,
   "unit": "ms"
  },
  "ml_processing_time": [],
  "young_gc_time": 45567,
  "young_gc_count": 2405,
  "old_gc_time": 0,
  "old_gc_count": 0,
  "memory_segments": 0,
  "memory_doc_values": 0,
  "memory_terms": 0,
  "memory_norms": 0,
  "memory_points": 0,
  "memory_stored_fields": 0,
  "store_size": 71871509664,
  "translog_size": 2991536541,
  "segment_count": 273,
  "total_transform_search_times": [],
  "total_transform_index_times": [],
  "total_transform_processing_times": [],
  "total_transform_throughput": []
 },
 "workload-revision": "32d8806",
 "test_procedure": "append-no-conflicts",
 "workload-params": {
  "bulk_indexing_clients": 80,
  "bulk_size": 10000
 }
}