{
 "benchmark-version": "2.0.0",
 "benchmark-revision": null,
 "environment": "local",
 "test-run-id": "f214e720-aa41-49c6-bae4-54242a34441f",
 "test-run-timestamp": "20251008T122742Z",
 "pipeline": "benchmark-only",
 "user-tags": {},
 "workload": "nyc_taxis",
 "cluster-config-instance": [
  "external"
 ],
 "cluster": {
  "revision": "8ff7c6ee924a49f0f59f80a6e1c73073c8904214",
  "distribution-version": "3.1.0",
  "distribution-flavor": "oss",
  "cluster-config-revision": null
 },
 "results": {
  "op_metrics": [
   {
    "task": "index",
    "operation": "index",
    "throughput": {
     "min": 349321.5151593739,
     "mean": 359357.77095920977,
     "median": 359477.6807782788,
     "max": 371273.89041607117,
     "unit": "docs/s"
    },
    "latency": {
     "50_0": 2238.413582999783,
     "90_0": 3646.290965598747,
     "99_0": 4708.390151080093,
     "99_9": 5929.663712080606,
     "100_0": 6266.251626999292,
     "mean": 2324.773284118376,
     "unit": "ms"
    },
    "service_time": {
     "50_0": 2238.413582999783,
     "90_0": 3646.290965598747,
     "99_0": 4708.390151080093,
     "99_9": 5929.663712080606,
     "100_0": 6266.251626999292,
     "mean": 2324.773284118376,
     "unit": "ms"
    },
    "client_processing_time": {
     "50_0": 1.3031439993937965,
     "90_0": 1.5002492007624824,
     "99_0": 6.317605600197559,
     "99_9": 42.255730926612245,
     "100_0": 118.83718700119061,
     "mean": 1.436219579506549,
     "unit": "ms"
    },
    "processing_time": {
     "50_0": 2246.2198689972865,
     "90_0": 3651.796914001171,
     "99_0": 4716.584807278268,
     "99_9": 5932.889626287864,
     "100_0": 6271.748240997113,
     "mean": 2332.4859406214773,
     "unit": "ms"
    },
    "error_rate": 0.0,
    "duration": 470905.7966750006
   }
  ],
  "correctness_metrics": [
   {
    "task": "index",
    "operation": "index",
    "recall@k": {},
    "recall@1": {},
    "error_rate": 0.0,
    "duration": 470905.7966750006
   }
  ],
  "profile_metrics": [],
  "total_time": 27600482,
  "total_time_per_shard": {
   "min": 5,
   "median": 13458855,
   "max": 14141622,
   "unit": "ms"
  },
  "indexing_throttle_time": 94426,
  "indexing_throttle_time_per_shard": {
   "min": 0,
   "median": 42057,
   "max": 52369,
   "unit": "ms"
  },
  "merge_time": 4435839,
  "merge_time_per_shard": {
   "min": 10,
   "median": 2121937,
   "max": 2313892,
   "unit": "ms"
  },
  "merge_count": 1007,
  "refresh_time": 91965,
  "refresh_time_per_shard": {
   "min": 26,
   "median": 41524,
   "max": 50415,
   "unit": "ms"
  },
  "refresh_count": 144,
  "flush_time": 266383,
  "flush_time_per_shard": {
   "min": 30,
   "median": 132080,
   "max": 134273,
   "unit": "ms"
  },
  "flush_count": 92,
  "merge_throttle_time": 20871,
  "merge_throttle_time_per_shard": {
   "min": 0,
   "median": 7105,
   "max": 13766,
   "unit": "ms"
  },
  "ml_processing_time": [],
  "young_gc_time": 38886,
  "young_gc_count": 1915,
  "old_gc_time": 0,
  "old_gc_count": 0,
  "memory_segments": 0,
  "memory_doc_values": 0,
  "memory_terms": 0,
  "memory_norms": 0,
  "memory_points": 0,
  "memory_stored_fields": 0,
  "store_size": 72511741694,
  "translog_size": 2294286786,
  "segment_count": 179,
  "total_transform_search_times": [],
  "total_transform_index_times": [],
  "total_transform_processing_times": [],
  "total_transform_throughput": []
 },
 "workload-revision": "32d8806",
 "test_procedure": "append-no-conflicts",
 "workload-params": {
  "bulk_indexing_clients": 80,
  "bulk_size": 10000
 }
}