{
  "test_run_id": "251c41a7-b71f-494c-87b2-77154480a365",
  "throughput": {
    "min": 357101.89200723305,
    "mean": 367859.35358994623,
    "median": 367153.3527343992,
    "max": 382467.7941851377,
    "unit": "docs/s"
  },
  "latency": {
    "50_0": 2238.468332998309,
    "90_0": 3459.1015648016755,
    "99_0": 4846.270713499756,
    "99_9": 5553.815556137307,
    "100_0": 5623.505602998193,
    "mean": 2281.5902270782144,
    "unit": "ms"
  },
  "service_time": {
    "50_0": 2238.468332998309,
    "90_0": 3459.1015648016755,
    "99_0": 4846.270713499756,
    "99_9": 5553.815556137307,
    "100_0": 5623.505602998193,
    "mean": 2281.5902270782144,
    "unit": "ms"
  },
  "error_rate": 0.0
}
