{
  "test_run_id": "c33a77b1-7143-4ced-990e-4a8c66214be4",
  "throughput": {
    "min": 354542.03776458954,
    "mean": 365867.7579259179,
    "median": 366767.01712291,
    "max": 376975.473948829,
    "unit": "docs/s"
  },
  "latency": {
    "50_0": 2253.8661820017296,
    "90_0": 3502.744333800365,
    "99_0": 4389.967567918501,
    "99_9": 5640.1447818721945,
    "100_0": 5851.910442001099,
    "mean": 2275.935077411076,
    "unit": "ms"
  },
  "service_time": {
    "50_0": 2253.8661820017296,
    "90_0": 3502.744333800365,
    "99_0": 4389.967567918501,
    "99_9": 5640.1447818721945,
    "100_0": 5851.910442001099,
    "mean": 2275.935077411076,
    "unit": "ms"
  },
  "error_rate": 0.0
}
