{
 "benchmark-version": "2.0.0",
 "benchmark-revision": null,
 "environment": "local",
 "test-run-id": "ca981678-a674-47de-bdbc-6f61cc22a89d",
 "test-run-timestamp": "20251008T132209Z",
 "pipeline": "benchmark-only",
 "user-tags": {},
 "workload": "nyc_taxis",
 "cluster-config-instance": [
  "external"
 ],
 "cluster": {
  "revision": "8ff7c6ee924a49f0f59f80a6e1c73073c8904214",
  "distribution-version": "3.1.0",
  "distribution-flavor": "oss",
  "cluster-config-revision": null
 },
 "results": {
  "op_metrics": [
   {
    "task": "index",
    "operation": "index",
    "throughput": {
     "min": 345736.4270458375,
     "mean": 353477.2337018958,
     "median": 354207.81124977337,
     "max": 358513.138969317,
     "unit": "docs/s"
    },
    "latency": {
     "50_0": 2138.1675789998553,
     "90_0": 3509.6530924995022,
     "99_0": 4980.880721280155,
     "99_9": 5389.302804277474,
     "100_0": 6366.619200998684,
     "mean": 2264.0982583882032,
     "unit": "ms"
    },
    "service_time": {
     "50_0": 2138.1675789998553,
     "90_0": 3509.6530924995022,
     "99_0": 4980.880721280155,
     "99_9": 5389.302804277474,
     "100_0": 6366.619200998684,
     "mean": 2264.0982583882032,
     "unit": "ms"
    },
    "client_processing_time": {
     "50_0": 1.303867999013164,
     "90_0": 1.484819497272838,
     "99_0": 6.629524999225395,
     "99_9": 44.69027278810613,
     "100_0": 89.71294099683291,
     "mean": 1.4796598211472776,
     "unit": "ms"
    },
    "processing_time": {
     "50_0": 2147.915144001672,
     "90_0": 3516.8766794991825,
     "99_0": 4983.592278881187,
     "99_9": 5392.250575456698,
     "100_0": 6369.597880002402,
     "mean": 2271.774007737087,
     "unit": "ms"
    },
    "error_rate": 0.0,
    "duration": 472645.657052999
   }
  ],
  "correctness_metrics": [
   {
    "task": "index",
    "operation": "index",
    "recall@k": {},
    "recall@1": {},
    "error_rate": 0.0,
    "duration": 472645.657052999
   }
  ],
  "profile_metrics": [],
  "total_time": 28696859,
  "total_time_per_shard": {
   "min": 1643,
   "median": 14232351,
   "max": 14462865,
   "unit": "ms"
  },
  "indexing_throttle_time": 108494,
  "indexing_throttle_time_per_shard": {
   "min": 0,
   "median": 53907,
   "max": 54587,
   "unit": "ms"
  },
  "merge_time": 4528200,
  "merge_time_per_shard": {
   "min": 262,
   "median": 2246764,
   "max": 2281174,
   "unit": "ms"
  },
  "merge_count": 1016,
  "refresh_time": 105078,
  "refresh_time_per_shard": {
   "min": 1043,
   "median": 43971,
   "max": 60064,
   "unit": "ms"
  },
  "refresh_count": 151,
  "flush_time": 257003,
  "flush_time_per_shard": {
   "min": 63,
   "median": 116923,
   "max": 140017,
   "unit": "ms"
  },
  "flush_count": 94,
  "merge_throttle_time": 15922,
  "merge_throttle_time_per_shard": {
   "min": 0,
   "median": 6249,
   "max": 9673,
   "unit": "ms"
  },
  "ml_processing_time": [],
  "young_gc_time": 55540,
  "young_gc_count": 3167,
  "old_gc_time": 0,
  "old_gc_count": 0,
  "memory_segments": 0,
  "memory_doc_values": 0,
  "memory_terms": 0,
  "memory_norms": 0,
  "memory_points": 0,
  "memory_stored_fields": 0,
  "store_size": 68802738029,
  "translog_size": 1060870675,
  "segment_count": 358,
  "total_transform_search_times": [],
  "total_transform_index_times": [],
  "total_transform_processing_times": [],
  "total_transform_throughput": []
 },
 "workload-revision": "32d8806",
 "test_procedure": "append-no-conflicts",
 "workload-params": {
  "bulk_indexing_clients": 80,
  "bulk_size": 10000
 }
}