{
 "benchmark-version": "2.0.0",
 "benchmark-revision": null,
 "environment": "local",
 "test-run-id": "c33a77b1-7143-4ced-990e-4a8c66214be4",
 "test-run-timestamp": "20251008T134702Z",
 "pipeline": "benchmark-only",
 "user-tags": {},
 "workload": "nyc_taxis",
 "cluster-config-instance": [
  "external"
 ],
 "cluster": {
  "revision": "8ff7c6ee924a49f0f59f80a6e1c73073c8904214",
  "distribution-version": "3.1.0",
  "distribution-flavor": "oss",
  "cluster-config-revision": null
 },
 "results": {
  "op_metrics": [
   {
    "task": "index",
    "operation": "index",
    "throughput": {
     "min": 354542.03776458954,
     "mean": 365867.7579259179,
     "median": 366767.01712291,
     "max": 376975.473948829,
     "unit": "docs/s"
    },
    "latency": {
     "50_0": 2253.8661820017296,
     "90_0": 3502.744333800365,
     "99_0": 4389.967567918501,
     "99_9": 5640.1447818721945,
     "100_0": 5851.910442001099,
     "mean": 2275.935077411076,
     "unit": "ms"
    },
    "service_time": {
     "50_0": 2253.8661820017296,
     "90_0": 3502.744333800365,
     "99_0": 4389.967567918501,
     "99_9": 5640.1447818721945,
     "100_0": 5851.910442001099,
     "mean": 2275.935077411076,
     "unit": "ms"
    },
    "client_processing_time": {
     "50_0": 1.306668000324862,
     "90_0": 1.5125297995837172,
     "99_0": 7.123935310628438,
     "99_9": 46.38939088820937,
     "100_0": 80.96404400203028,
     "mean": 1.5988758000709729,
     "unit": "ms"
    },
    "processing_time": {
     "50_0": 2265.3362910023134,
     "90_0": 3509.0638811012473,
     "99_0": 4409.438682502474,
     "99_9": 5644.241264903469,
     "100_0": 5854.838554998423,
     "mean": 2283.4584976187916,
     "unit": "ms"
    },
    "error_rate": 0.0,
    "duration": 464101.78542599897
   }
  ],
  "correctness_metrics": [
   {
    "task": "index",
    "operation": "index",
    "recall@k": {},
    "recall@1": {},
    "error_rate": 0.0,
    "duration": 464101.78542599897
   }
  ],
  "profile_metrics": [],
  "total_time": 28854586,
  "total_time_per_shard": {
   "min": 7,
   "median": 14064727,
   "max": 14789852,
   "unit": "ms"
  },
  "indexing_throttle_time": 110646,
  "indexing_throttle_time_per_shard": {
   "min": 0,
   "median": 51858,
   "max": 58788,
   "unit": "ms"
  },
  "merge_time": 4536834,
  "merge_time_per_shard": {
   "min": 0,
   "median": 2228001,
   "max": 2308833,
   "unit": "ms"
  },
  "merge_count": 1022,
  "refresh_time": 98621,
  "refresh_time_per_shard": {
   "min": 20,
   "median": 49015,
   "max": 49586,
   "unit": "ms"
  },
  "refresh_count": 145,
  "flush_time": 272511,
  "flush_time_per_shard": {
   "min": 0,
   "median": 136107,
   "max": 136404,
   "unit": "ms"
  },
  "flush_count": 94,
  "merge_throttle_time": 13017,
  "merge_throttle_time_per_shard": {
   "min": 0,
   "median": 5855,
   "max": 7162,
   "unit": "ms"
  },
  "ml_processing_time": [],
  "young_gc_time": 52772,
  "young_gc_count": 3127,
  "old_gc_time": 0,
  "old_gc_count": 0,
  "memory_segments": 0,
  "memory_doc_values": 0,
  "memory_terms": 0,
  "memory_norms": 0,
  "memory_points": 0,
  "memory_stored_fields": 0,
  "store_size": 73568017027,
  "translog_size": 3272387169,
  "segment_count": 365,
  "total_transform_search_times": [],
  "total_transform_index_times": [],
  "total_transform_processing_times": [],
  "total_transform_throughput": []
 },
 "workload-revision": "32d8806",
 "test_procedure": "append-no-conflicts",
 "workload-params": {
  "bulk_indexing_clients": 80,
  "bulk_size": 10000
 }
}