{
  "test_run_id": "bb4d041b-42a4-4274-99ad-dfa1da5c80ca",
  "throughput": {
    "min": 342926.0453139972,
    "mean": 349317.50504750444,
    "median": 348912.83073890547,
    "max": 357638.24621204054,
    "unit": "docs/s"
  },
  "latency": {
    "50_0": 2683.079631999135,
    "90_0": 3888.3764454985794,
    "99_0": 5390.5538243991095,
    "99_9": 6207.093212398446,
    "100_0": 6747.060585999861,
    "mean": 2638.102910348294,
    "unit": "ms"
  },
  "service_time": {
    "50_0": 2683.079631999135,
    "90_0": 3888.3764454985794,
    "99_0": 5390.5538243991095,
    "99_9": 6207.093212398446,
    "100_0": 6747.060585999861,
    "mean": 2638.102910348294,
    "unit": "ms"
  },
  "error_rate": 0.0
}
