{
  "test_run_id": "3b8fac28-bd0b-4fd2-9ee5-29d32c0a91dd",
  "throughput": {
    "min": 353110.454676671,
    "mean": 365699.0453842154,
    "median": 364304.3854201593,
    "max": 379900.1260575036,
    "unit": "docs/s"
  },
  "latency": {
    "50_0": 2507.6844089999213,
    "90_0": 3887.576673797594,
    "99_0": 5872.074898417911,
    "99_9": 6803.197006753593,
    "100_0": 7137.919344997499,
    "mean": 2563.4132918331034,
    "unit": "ms"
  },
  "service_time": {
    "50_0": 2507.6844089999213,
    "90_0": 3887.576673797594,
    "99_0": 5872.074898417911,
    "99_9": 6803.197006753593,
    "100_0": 7137.919344997499,
    "mean": 2563.4132918331034,
    "unit": "ms"
  },
  "error_rate": 0.0
}
