{
 "benchmark-version": "2.0.0",
 "benchmark-revision": null,
 "environment": "local",
 "test-run-id": "a046150d-1241-4fbb-a105-54d60fb54fe1",
 "test-run-timestamp": "20251008T161002Z",
 "pipeline": "benchmark-only",
 "user-tags": {},
 "workload": "nyc_taxis",
 "cluster-config-instance": [
  "external"
 ],
 "cluster": {
  "revision": "8ff7c6ee924a49f0f59f80a6e1c73073c8904214",
  "distribution-version": "3.1.0",
  "distribution-flavor": "oss",
  "cluster-config-revision": null
 },
 "results": {
  "op_metrics": [
   {
    "task": "index",
    "operation": "index",
    "throughput": {
     "min": 351555.4738157546,
     "mean": 362045.00724132446,
     "median": 361842.2224514383,
     "max": 375456.27766673744,
     "unit": "docs/s"
    },
    "latency": {
     "50_0": 2521.6574809965095,
     "90_0": 3862.893078001798,
     "99_0": 5441.98447416289,
     "99_9": 6780.315890099822,
     "100_0": 6984.26735400426,
     "mean": 2597.2247016864844,
     "unit": "ms"
    },
    "service_time": {
     "50_0": 2521.6574809965095,
     "90_0": 3862.893078001798,
     "99_0": 5441.98447416289,
     "99_9": 6780.315890099822,
     "100_0": 6984.26735400426,
     "mean": 2597.2247016864844,
     "unit": "ms"
    },
    "client_processing_time": {
     "50_0": 1.2918719949084334,
     "90_0": 1.421454995579552,
     "99_0": 7.060122675466089,
     "99_9": 83.80793523586287,
     "100_0": 93.35667199775344,
     "mean": 1.4645643869989486,
     "unit": "ms"
    },
    "processing_time": {
     "50_0": 2539.7206819980056,
     "90_0": 3874.7513636015356,
     "99_0": 5444.959696558361,
     "99_9": 6835.819116573073,
     "100_0": 6989.065551999374,
     "mean": 2608.643013122203,
     "unit": "ms"
    },
    "error_rate": 0.0,
    "duration": 467031.93773200474
   }
  ],
  "correctness_metrics": [
   {
    "task": "index",
    "operation": "index",
    "recall@k": {},
    "recall@1": {},
    "error_rate": 0.0,
    "duration": 467031.93773200474
   }
  ],
  "profile_metrics": [],
  "total_time": 31844016,
  "total_time_per_shard": {
   "min": 22,
   "median": 15213913,
   "max": 16630081,
   "unit": "ms"
  },
  "indexing_throttle_time": 125283,
  "indexing_throttle_time_per_shard": {
   "min": 0,
   "median": 60049,
   "max": 65234,
   "unit": "ms"
  },
  "merge_time": 4647316,
  "merge_time_per_shard": {
   "min": 19,
   "median": 2313415,
   "max": 2333882,
   "unit": "ms"
  },
  "merge_count": 1045,
  "refresh_time": 98237,
  "refresh_time_per_shard": {
   "min": 63,
   "median": 44670,
   "max": 53504,
   "unit": "ms"
  },
  "refresh_count": 142,
  "flush_time": 281428,
  "flush_time_per_shard": {
   "min": 43,
   "median": 136755,
   "max": 144630,
   "unit": "ms"
  },
  "flush_count": 92,
  "merge_throttle_time": 18593,
  "merge_throttle_time_per_shard": {
   "min": 0,
   "median": 8165,
   "max": 10428,
   "unit": "ms"
  },
  "ml_processing_time": [],
  "young_gc_time": 48461,
  "young_gc_count": 2441,
  "old_gc_time": 0,
  "old_gc_count": 0,
  "memory_segments": 0,
  "memory_doc_values": 0,
  "memory_terms": 0,
  "memory_norms": 0,
  "memory_points": 0,
  "memory_stored_fields": 0,
  "store_size": 69649013478,
  "translog_size": 2258986150,
  "segment_count": 370,
  "total_transform_search_times": [],
  "total_transform_index_times": [],
  "total_transform_processing_times": [],
  "total_transform_throughput": []
 },
 "workload-revision": "32d8806",
 "test_procedure": "append-no-conflicts",
 "workload-params": {
  "bulk_indexing_clients": 90,
  "bulk_size": 10000
 }
}