{
  "test_run_id": "09e4d7c0-2d3a-42ac-a08a-452aa35dddee",
  "throughput": {
    "min": 353128.17039200704,
    "mean": 367970.6035479933,
    "median": 368790.3737215338,
    "max": 380327.6042535127,
    "unit": "docs/s"
  },
  "latency": {
    "50_0": 2544.3281025000033,
    "90_0": 4085.4853119970358,
    "99_0": 5896.421623741408,
    "99_9": 7040.298522113985,
    "100_0": 7754.363590000139,
    "mean": 2623.2803865040114,
    "unit": "ms"
  },
  "service_time": {
    "50_0": 2544.3281025000033,
    "90_0": 4085.4853119970358,
    "99_0": 5896.421623741408,
    "99_9": 7040.298522113985,
    "100_0": 7754.363590000139,
    "mean": 2623.2803865040114,
    "unit": "ms"
  },
  "error_rate": 0.0
}
