{
  "test_run_id": "3e69ebcb-ee18-41bd-b966-67615eb77122",
  "throughput": {
    "min": 348483.6313773739,
    "mean": 356671.49398688116,
    "median": 355795.7677605713,
    "max": 369425.20937184116,
    "unit": "docs/s"
  },
  "latency": {
    "50_0": 2661.7870280024363,
    "90_0": 3872.0417720032856,
    "99_0": 4934.019840999099,
    "99_9": 5562.993471800355,
    "100_0": 5865.360540999973,
    "mean": 2621.2087073074767,
    "unit": "ms"
  },
  "service_time": {
    "50_0": 2661.7870280024363,
    "90_0": 3872.0417720032856,
    "99_0": 4934.019840999099,
    "99_9": 5562.993471800355,
    "100_0": 5865.360540999973,
    "mean": 2621.2087073074767,
    "unit": "ms"
  },
  "error_rate": 0.0
}
