{
  "test_run_id": "a046150d-1241-4fbb-a105-54d60fb54fe1",
  "throughput": {
    "min": 351555.4738157546,
    "mean": 362045.00724132446,
    "median": 361842.2224514383,
    "max": 375456.27766673744,
    "unit": "docs/s"
  },
  "latency": {
    "50_0": 2521.6574809965095,
    "90_0": 3862.893078001798,
    "99_0": 5441.98447416289,
    "99_9": 6780.315890099822,
    "100_0": 6984.26735400426,
    "mean": 2597.2247016864844,
    "unit": "ms"
  },
  "service_time": {
    "50_0": 2521.6574809965095,
    "90_0": 3862.893078001798,
    "99_0": 5441.98447416289,
    "99_9": 6780.315890099822,
    "100_0": 6984.26735400426,
    "mean": 2597.2247016864844,
    "unit": "ms"
  },
  "error_rate": 0.0
}
