{
  "test_run_id": "0b8a9c5a-0881-4838-b6ce-fd15068dd51e",
  "throughput": {
    "min": 348056.5280205479,
    "mean": 358703.84858683293,
    "median": 357371.6899386689,
    "max": 371122.47427929996,
    "unit": "docs/s"
  },
  "latency": {
    "50_0": 2509.8751100013033,
    "90_0": 4125.889893600834,
    "99_0": 5863.642074718955,
    "99_9": 6969.93827768862,
    "100_0": 7547.588191002433,
    "mean": 2624.72569462392,
    "unit": "ms"
  },
  "service_time": {
    "50_0": 2509.8751100013033,
    "90_0": 4125.889893600834,
    "99_0": 5863.642074718955,
    "99_9": 6969.93827768862,
    "100_0": 7547.588191002433,
    "mean": 2624.72569462392,
    "unit": "ms"
  },
  "error_rate": 0.0
}
