{
  "test_run_id": "3dbadff2-8fb6-4012-9ec4-67fa54ba0cea",
  "throughput": {
    "min": 353857.59460208705,
    "mean": 363958.74859403045,
    "median": 364319.9440873377,
    "max": 376490.4269354429,
    "unit": "docs/s"
  },
  "latency": {
    "50_0": 2567.099069005053,
    "90_0": 3816.7399564001244,
    "99_0": 5884.463572403477,
    "99_9": 6643.120391723701,
    "100_0": 7089.299368002685,
    "mean": 2584.792528373089,
    "unit": "ms"
  },
  "service_time": {
    "50_0": 2567.099069005053,
    "90_0": 3816.7399564001244,
    "99_0": 5884.463572403477,
    "99_9": 6643.120391723701,
    "100_0": 7089.299368002685,
    "mean": 2584.792528373089,
    "unit": "ms"
  },
  "error_rate": 0.0
}
