{
 "benchmark-version": "2.0.0",
 "benchmark-revision": null,
 "environment": "local",
 "test-run-id": "3e69ebcb-ee18-41bd-b966-67615eb77122",
 "test-run-timestamp": "20251008T145106Z",
 "pipeline": "benchmark-only",
 "user-tags": {},
 "workload": "nyc_taxis",
 "cluster-config-instance": [
  "external"
 ],
 "cluster": {
  "revision": "8ff7c6ee924a49f0f59f80a6e1c73073c8904214",
  "distribution-version": "3.1.0",
  "distribution-flavor": "oss",
  "cluster-config-revision": null
 },
 "results": {
  "op_metrics": [
   {
    "task": "index",
    "operation": "index",
    "throughput": {
     "min": 348483.6313773739,
     "mean": 356671.49398688116,
     "median": 355795.7677605713,
     "max": 369425.20937184116,
     "unit": "docs/s"
    },
    "latency": {
     "50_0": 2661.7870280024363,
     "90_0": 3872.0417720032856,
     "99_0": 4934.019840999099,
     "99_9": 5562.993471800355,
     "100_0": 5865.360540999973,
     "mean": 2621.2087073074767,
     "unit": "ms"
    },
    "service_time": {
     "50_0": 2661.7870280024363,
     "90_0": 3872.0417720032856,
     "99_0": 4934.019840999099,
     "99_9": 5562.993471800355,
     "100_0": 5865.360540999973,
     "mean": 2621.2087073074767,
     "unit": "ms"
    },
    "client_processing_time": {
     "50_0": 1.317199996265117,
     "90_0": 1.5621549973729998,
     "99_0": 8.621991000836715,
     "99_9": 48.74074540130101,
     "100_0": 83.50157099630451,
     "mean": 1.66807825103241,
     "unit": "ms"
    },
    "processing_time": {
     "50_0": 2667.7356689979206,
     "90_0": 3877.201002003858,
     "99_0": 4937.128359000781,
     "99_9": 5565.912075800652,
     "100_0": 5868.347504001576,
     "mean": 2625.892418607799,
     "unit": "ms"
    },
    "error_rate": 0.0,
    "duration": 471621.83496299986
   }
  ],
  "correctness_metrics": [
   {
    "task": "index",
    "operation": "index",
    "recall@k": {},
    "recall@1": {},
    "error_rate": 0.0,
    "duration": 471621.83496299986
   }
  ],
  "profile_metrics": [],
  "total_time": 29277937,
  "total_time_per_shard": {
   "min": 6,
   "median": 14442773,
   "max": 14835158,
   "unit": "ms"
  },
  "indexing_throttle_time": 102357,
  "indexing_throttle_time_per_shard": {
   "min": 0,
   "median": 50371,
   "max": 51986,
   "unit": "ms"
  },
  "merge_time": 4536717,
  "merge_time_per_shard": {
   "min": 0,
   "median": 2174697,
   "max": 2362020,
   "unit": "ms"
  },
  "merge_count": 1006,
  "refresh_time": 108295,
  "refresh_time_per_shard": {
   "min": 67,
   "median": 46077,
   "max": 62151,
   "unit": "ms"
  },
  "refresh_count": 142,
  "flush_time": 294055,
  "flush_time_per_shard": {
   "min": 0,
   "median": 141778,
   "max": 152277,
   "unit": "ms"
  },
  "flush_count": 92,
  "merge_throttle_time": 36950,
  "merge_throttle_time_per_shard": {
   "min": 0,
   "median": 11125,
   "max": 25825,
   "unit": "ms"
  },
  "ml_processing_time": [],
  "young_gc_time": 37105,
  "young_gc_count": 1608,
  "old_gc_time": 0,
  "old_gc_count": 0,
  "memory_segments": 0,
  "memory_doc_values": 0,
  "memory_terms": 0,
  "memory_norms": 0,
  "memory_points": 0,
  "memory_stored_fields": 0,
  "store_size": 73326690097,
  "translog_size": 2171054965,
  "segment_count": 322,
  "total_transform_search_times": [],
  "total_transform_index_times": [],
  "total_transform_processing_times": [],
  "total_transform_throughput": []
 },
 "workload-revision": "32d8806",
 "test_procedure": "append-no-conflicts",
 "workload-params": {
  "bulk_indexing_clients": 90,
  "bulk_size": 10000
 }
}