{
  "test_run_id": "a91539f5-755b-4121-ae55-02263b9e3ddf",
  "throughput": {
    "min": 352196.90313755703,
    "mean": 361555.20258899214,
    "median": 362591.4608042927,
    "max": 371576.1033077138,
    "unit": "docs/s"
  },
  "latency": {
    "50_0": 2522.391337002773,
    "90_0": 3824.9280302989064,
    "99_0": 5244.595708282491,
    "99_9": 6712.4832546016305,
    "100_0": 6825.320130003092,
    "mean": 2565.602487294867,
    "unit": "ms"
  },
  "service_time": {
    "50_0": 2522.391337002773,
    "90_0": 3824.9280302989064,
    "99_0": 5244.595708282491,
    "99_9": 6712.4832546016305,
    "100_0": 6825.320130003092,
    "mean": 2565.602487294867,
    "unit": "ms"
  },
  "error_rate": 0.0
}
