{
 "benchmark-version": "2.0.0",
 "benchmark-revision": null,
 "environment": "local",
 "test-run-id": "b174e985-a494-4b31-bdb4-1ad0a8163d5e",
 "test-run-timestamp": "20251008T195649Z",
 "pipeline": "benchmark-only",
 "user-tags": {},
 "workload": "nyc_taxis",
 "cluster-config-instance": [
  "external"
 ],
 "cluster": {
  "revision": "8ff7c6ee924a49f0f59f80a6e1c73073c8904214",
  "distribution-version": "3.1.0",
  "distribution-flavor": "oss",
  "cluster-config-revision": null
 },
 "results": {
  "op_metrics": [
   {
    "task": "index",
    "operation": "index",
    "throughput": {
     "min": 343965.3467826051,
     "mean": 350914.2280821978,
     "median": 352118.9362197723,
     "max": 358889.68273599434,
     "unit": "docs/s"
    },
    "latency": {
     "50_0": 2929.7306859953096,
     "90_0": 4233.394753803441,
     "99_0": 5713.284073723335,
     "99_9": 6163.1850035625375,
     "100_0": 7382.8912819953985,
     "mean": 2895.950969231612,
     "unit": "ms"
    },
    "service_time": {
     "50_0": 2929.7306859953096,
     "90_0": 4233.394753803441,
     "99_0": 5713.284073723335,
     "99_9": 6163.1850035625375,
     "100_0": 7382.8912819953985,
     "mean": 2895.950969231612,
     "unit": "ms"
    },
    "client_processing_time": {
     "50_0": 1.3256410020403564,
     "90_0": 3.2985697995172827,
     "99_0": 10.13842621905497,
     "99_9": 49.52793011082546,
     "100_0": 84.72979200450936,
     "mean": 1.8552659417961868,
     "unit": "ms"
    },
    "processing_time": {
     "50_0": 2938.1550590042025,
     "90_0": 4243.501664596262,
     "99_0": 5721.615484803479,
     "99_9": 6166.132965892057,
     "100_0": 7385.859407004318,
     "mean": 2904.603750829609,
     "unit": "ms"
    },
    "error_rate": 0.0,
    "duration": 473798.4796429955
   }
  ],
  "correctness_metrics": [
   {
    "task": "index",
    "operation": "index",
    "recall@k": {},
    "recall@1": {},
    "error_rate": 0.0,
    "duration": 473798.4796429955
   }
  ],
  "profile_metrics": [],
  "total_time": 35556945,
  "total_time_per_shard": {
   "min": 3,
   "median": 16521971,
   "max": 19034971,
   "unit": "ms"
  },
  "indexing_throttle_time": 131165,
  "indexing_throttle_time_per_shard": {
   "min": 0,
   "median": 57294,
   "max": 73871,
   "unit": "ms"
  },
  "merge_time": 4992023,
  "merge_time_per_shard": {
   "min": 0,
   "median": 2484704,
   "max": 2507319,
   "unit": "ms"
  },
  "merge_count": 1179,
  "refresh_time": 92940,
  "refresh_time_per_shard": {
   "min": 14,
   "median": 43729,
   "max": 49197,
   "unit": "ms"
  },
  "refresh_count": 151,
  "flush_time": 286402,
  "flush_time_per_shard": {
   "min": 0,
   "median": 142056,
   "max": 144346,
   "unit": "ms"
  },
  "flush_count": 92,
  "merge_throttle_time": 12452,
  "merge_throttle_time_per_shard": {
   "min": 0,
   "median": 5296,
   "max": 7156,
   "unit": "ms"
  },
  "ml_processing_time": [],
  "young_gc_time": 58507,
  "young_gc_count": 3328,
  "old_gc_time": 0,
  "old_gc_count": 0,
  "memory_segments": 0,
  "memory_doc_values": 0,
  "memory_terms": 0,
  "memory_norms": 0,
  "memory_points": 0,
  "memory_stored_fields": 0,
  "store_size": 70486723615,
  "translog_size": 2346335095,
  "segment_count": 315,
  "total_transform_search_times": [],
  "total_transform_index_times": [],
  "total_transform_processing_times": [],
  "total_transform_throughput": []
 },
 "workload-revision": "32d8806",
 "test_procedure": "append-no-conflicts",
 "workload-params": {
  "bulk_indexing_clients": 100,
  "bulk_size": 10000
 }
}