{
  "test_run_id": "d0da83e1-9c82-41f6-828f-983e66eabde5",
  "throughput": {
    "min": 339289.94755545433,
    "mean": 350056.06857019593,
    "median": 349699.3089325689,
    "max": 363468.40136418835,
    "unit": "docs/s"
  },
  "latency": {
    "50_0": 2834.7741769975983,
    "90_0": 4842.2557469966705,
    "99_0": 5976.188870397895,
    "99_9": 6707.824445636306,
    "100_0": 7878.880596996169,
    "mean": 2974.8329702940596,
    "unit": "ms"
  },
  "service_time": {
    "50_0": 2834.7741769975983,
    "90_0": 4842.2557469966705,
    "99_0": 5976.188870397895,
    "99_9": 6707.824445636306,
    "100_0": 7878.880596996169,
    "mean": 2974.8329702940596,
    "unit": "ms"
  },
  "error_rate": 0.0
}
