{
 "benchmark-version": "2.0.0",
 "benchmark-revision": null,
 "environment": "local",
 "test-run-id": "36a5ecf4-bbd5-4e94-b18e-84a022c396b1",
 "test-run-timestamp": "20251008T175153Z",
 "pipeline": "benchmark-only",
 "user-tags": {},
 "workload": "nyc_taxis",
 "cluster-config-instance": [
  "external"
 ],
 "cluster": {
  "revision": "8ff7c6ee924a49f0f59f80a6e1c73073c8904214",
  "distribution-version": "3.1.0",
  "distribution-flavor": "oss",
  "cluster-config-revision": null
 },
 "results": {
  "op_metrics": [
   {
    "task": "index",
    "operation": "index",
    "throughput": {
     "min": 341517.8626670505,
     "mean": 351472.53883575636,
     "median": 351160.3532895113,
     "max": 362865.5681576308,
     "unit": "docs/s"
    },
    "latency": {
     "50_0": 2858.974902002956,
     "90_0": 4634.849651298283,
     "99_0": 6175.89917502235,
     "99_9": 6615.334268778866,
     "100_0": 7776.196020997304,
     "mean": 2968.2609271120764,
     "unit": "ms"
    },
    "service_time": {
     "50_0": 2858.974902002956,
     "90_0": 4634.849651298283,
     "99_0": 6175.89917502235,
     "99_9": 6615.334268778866,
     "100_0": 7776.196020997304,
     "mean": 2968.2609271120764,
     "unit": "ms"
    },
    "client_processing_time": {
     "50_0": 1.3135820045135915,
     "90_0": 2.2086501099693154,
     "99_0": 7.766961727393211,
     "99_9": 48.300105948168735,
     "100_0": 170.14015699533047,
     "mean": 1.6429873288588142,
     "unit": "ms"
    },
    "processing_time": {
     "50_0": 2868.9375385038147,
     "90_0": 4641.5393184935965,
     "99_0": 6182.6939132005655,
     "99_9": 6625.150230218955,
     "100_0": 7779.864563999581,
     "mean": 2976.091472349038,
     "unit": "ms"
    },
    "error_rate": 0.0,
    "duration": 480157.69203799573
   }
  ],
  "correctness_metrics": [
   {
    "task": "index",
    "operation": "index",
    "recall@k": {},
    "recall@1": {},
    "error_rate": 0.0,
    "duration": 480157.69203799573
   }
  ],
  "profile_metrics": [],
  "total_time": 35076942,
  "total_time_per_shard": {
   "min": 2,
   "median": 16454173,
   "max": 18622767,
   "unit": "ms"
  },
  "indexing_throttle_time": 141623,
  "indexing_throttle_time_per_shard": {
   "min": 0,
   "median": 65068,
   "max": 76555,
   "unit": "ms"
  },
  "merge_time": 4741362,
  "merge_time_per_shard": {
   "min": 0,
   "median": 2329364,
   "max": 2411998,
   "unit": "ms"
  },
  "merge_count": 1124,
  "refresh_time": 105710,
  "refresh_time_per_shard": {
   "min": 11,
   "median": 49467,
   "max": 56232,
   "unit": "ms"
  },
  "refresh_count": 144,
  "flush_time": 297821,
  "flush_time_per_shard": {
   "min": 0,
   "median": 143609,
   "max": 154212,
   "unit": "ms"
  },
  "flush_count": 93,
  "merge_throttle_time": 21901,
  "merge_throttle_time_per_shard": {
   "min": 0,
   "median": 7882,
   "max": 14019,
   "unit": "ms"
  },
  "ml_processing_time": [],
  "young_gc_time": 38668,
  "young_gc_count": 1674,
  "old_gc_time": 0,
  "old_gc_count": 0,
  "memory_segments": 0,
  "memory_doc_values": 0,
  "memory_terms": 0,
  "memory_norms": 0,
  "memory_points": 0,
  "memory_stored_fields": 0,
  "store_size": 72445428534,
  "translog_size": 1961819949,
  "segment_count": 415,
  "total_transform_search_times": [],
  "total_transform_index_times": [],
  "total_transform_processing_times": [],
  "total_transform_throughput": []
 },
 "workload-revision": "32d8806",
 "test_procedure": "append-no-conflicts",
 "workload-params": {
  "bulk_indexing_clients": 100,
  "bulk_size": 10000
 }
}