{
  "test_run_id": "644c33a7-27b1-483e-930d-ed3f853c55fd",
  "throughput": {
    "min": 351536.98212090664,
    "mean": 361963.7875840884,
    "median": 361813.3271521219,
    "max": 372951.6787428916,
    "unit": "docs/s"
  },
  "latency": {
    "50_0": 2795.7103719963925,
    "90_0": 4322.452701999282,
    "99_0": 5956.531341002119,
    "99_9": 7214.870035202698,
    "100_0": 7479.123567994975,
    "mean": 2849.41843121208,
    "unit": "ms"
  },
  "service_time": {
    "50_0": 2795.7103719963925,
    "90_0": 4322.452701999282,
    "99_0": 5956.531341002119,
    "99_9": 7214.870035202698,
    "100_0": 7479.123567994975,
    "mean": 2849.41843121208,
    "unit": "ms"
  },
  "error_rate": 0.0
}
