{
 "benchmark-version": "2.0.0",
 "benchmark-revision": null,
 "environment": "local",
 "test-run-id": "aeefa8cf-6938-4270-a3a2-0e61cbd57887",
 "test-run-timestamp": "20251008T185539Z",
 "pipeline": "benchmark-only",
 "user-tags": {},
 "workload": "nyc_taxis",
 "cluster-config-instance": [
  "external"
 ],
 "cluster": {
  "revision": "8ff7c6ee924a49f0f59f80a6e1c73073c8904214",
  "distribution-version": "3.1.0",
  "distribution-flavor": "oss",
  "cluster-config-revision": null
 },
 "results": {
  "op_metrics": [
   {
    "task": "index",
    "operation": "index",
    "throughput": {
     "min": 340041.6928371697,
     "mean": 346897.8905357639,
     "median": 347344.35060601117,
     "max": 355075.72251455835,
     "unit": "docs/s"
    },
    "latency": {
     "50_0": 2903.3653839942417,
     "90_0": 4397.871511397534,
     "99_0": 5551.256295322672,
     "99_9": 6757.9496891650715,
     "100_0": 7234.785946995544,
     "mean": 2918.1604710285314,
     "unit": "ms"
    },
    "service_time": {
     "50_0": 2903.3653839942417,
     "90_0": 4397.871511397534,
     "99_0": 5551.256295322672,
     "99_9": 6757.9496891650715,
     "100_0": 7234.785946995544,
     "mean": 2918.1604710285314,
     "unit": "ms"
    },
    "client_processing_time": {
     "50_0": 1.309450002736412,
     "90_0": 1.58533719368279,
     "99_0": 12.768996442609883,
     "99_9": 86.40503657003961,
     "100_0": 167.81316999549745,
     "mean": 1.8658267584395414,
     "unit": "ms"
    },
    "processing_time": {
     "50_0": 2913.3598019980127,
     "90_0": 4409.063060799963,
     "99_0": 5566.897735441739,
     "99_9": 6769.059663311251,
     "100_0": 7274.118927001837,
     "mean": 2929.152304189109,
     "unit": "ms"
    },
    "error_rate": 0.0,
    "duration": 479845.03261100326
   }
  ],
  "correctness_metrics": [
   {
    "task": "index",
    "operation": "index",
    "recall@k": {},
    "recall@1": {},
    "error_rate": 0.0,
    "duration": 479845.03261100326
   }
  ],
  "profile_metrics": [],
  "total_time": 34590677,
  "total_time_per_shard": {
   "min": 15,
   "median": 16960740,
   "max": 17629922,
   "unit": "ms"
  },
  "indexing_throttle_time": 134034,
  "indexing_throttle_time_per_shard": {
   "min": 0,
   "median": 60780,
   "max": 73254,
   "unit": "ms"
  },
  "merge_time": 4786707,
  "merge_time_per_shard": {
   "min": 0,
   "median": 2343813,
   "max": 2442894,
   "unit": "ms"
  },
  "merge_count": 1101,
  "refresh_time": 96250,
  "refresh_time_per_shard": {
   "min": 56,
   "median": 46082,
   "max": 50112,
   "unit": "ms"
  },
  "refresh_count": 145,
  "flush_time": 288332,
  "flush_time_per_shard": {
   "min": 0,
   "median": 137176,
   "max": 151156,
   "unit": "ms"
  },
  "flush_count": 94,
  "merge_throttle_time": 18977,
  "merge_throttle_time_per_shard": {
   "min": 0,
   "median": 8014,
   "max": 10963,
   "unit": "ms"
  },
  "ml_processing_time": [],
  "young_gc_time": 52514,
  "young_gc_count": 2514,
  "old_gc_time": 0,
  "old_gc_count": 0,
  "memory_segments": 0,
  "memory_doc_values": 0,
  "memory_terms": 0,
  "memory_norms": 0,
  "memory_points": 0,
  "memory_stored_fields": 0,
  "store_size": 70153150223,
  "translog_size": 2918972754,
  "segment_count": 342,
  "total_transform_search_times": [],
  "total_transform_index_times": [],
  "total_transform_processing_times": [],
  "total_transform_throughput": []
 },
 "workload-revision": "32d8806",
 "test_procedure": "append-no-conflicts",
 "workload-params": {
  "bulk_indexing_clients": 100,
  "bulk_size": 10000
 }
}