{
 "benchmark-version": "2.0.0",
 "benchmark-revision": null,
 "environment": "local",
 "test-run-id": "e7380abd-bb66-453a-8bf0-3af63454900b",
 "test-run-timestamp": "20251008T174303Z",
 "pipeline": "benchmark-only",
 "user-tags": {},
 "workload": "nyc_taxis",
 "cluster-config-instance": [
  "external"
 ],
 "cluster": {
  "revision": "8ff7c6ee924a49f0f59f80a6e1c73073c8904214",
  "distribution-version": "3.1.0",
  "distribution-flavor": "oss",
  "cluster-config-revision": null
 },
 "results": {
  "op_metrics": [
   {
    "task": "index",
    "operation": "index",
    "throughput": {
     "min": 330874.2149188525,
     "mean": 336353.9332894536,
     "median": 335105.1469790429,
     "max": 345192.5744019828,
     "unit": "docs/s"
    },
    "latency": {
     "50_0": 3066.5089289977914,
     "90_0": 4417.569181401632,
     "99_0": 5636.146552280114,
     "99_9": 6411.175949697587,
     "100_0": 6653.064108999388,
     "mean": 2989.1075071637806,
     "unit": "ms"
    },
    "service_time": {
     "50_0": 3066.5089289977914,
     "90_0": 4417.569181401632,
     "99_0": 5636.146552280114,
     "99_9": 6411.175949697587,
     "100_0": 6653.064108999388,
     "mean": 2989.1075071637806,
     "unit": "ms"
    },
    "client_processing_time": {
     "50_0": 1.3092119988868944,
     "90_0": 1.661745997262188,
     "99_0": 14.372266398857743,
     "99_9": 85.55150156782493,
     "100_0": 89.99585200217552,
     "mean": 1.8308144640912498,
     "unit": "ms"
    },
    "processing_time": {
     "50_0": 3084.7225670004264,
     "90_0": 4427.912641802686,
     "99_0": 5651.22715131816,
     "99_9": 6414.064303235588,
     "100_0": 6656.082269000763,
     "mean": 2999.3724361829163,
     "unit": "ms"
    },
    "error_rate": 0.0,
    "duration": 495199.68353600416
   }
  ],
  "correctness_metrics": [
   {
    "task": "index",
    "operation": "index",
    "recall@k": {},
    "recall@1": {},
    "error_rate": 0.0,
    "duration": 495199.68353600416
   }
  ],
  "profile_metrics": [],
  "total_time": 35442507,
  "total_time_per_shard": {
   "min": 242,
   "median": 17532488,
   "max": 17909777,
   "unit": "ms"
  },
  "indexing_throttle_time": 135721,
  "indexing_throttle_time_per_shard": {
   "min": 0,
   "median": 67232,
   "max": 68489,
   "unit": "ms"
  },
  "merge_time": 5005994,
  "merge_time_per_shard": {
   "min": 118,
   "median": 2421605,
   "max": 2584271,
   "unit": "ms"
  },
  "merge_count": 1135,
  "refresh_time": 113624,
  "refresh_time_per_shard": {
   "min": 575,
   "median": 54929,
   "max": 58120,
   "unit": "ms"
  },
  "refresh_count": 149,
  "flush_time": 292957,
  "flush_time_per_shard": {
   "min": 90,
   "median": 142971,
   "max": 149896,
   "unit": "ms"
  },
  "flush_count": 92,
  "merge_throttle_time": 17818,
  "merge_throttle_time_per_shard": {
   "min": 0,
   "median": 5569,
   "max": 12249,
   "unit": "ms"
  },
  "ml_processing_time": [],
  "young_gc_time": 44560,
  "young_gc_count": 1718,
  "old_gc_time": 0,
  "old_gc_count": 0,
  "memory_segments": 0,
  "memory_doc_values": 0,
  "memory_terms": 0,
  "memory_norms": 0,
  "memory_points": 0,
  "memory_stored_fields": 0,
  "store_size": 73453988532,
  "translog_size": 2230018568,
  "segment_count": 428,
  "total_transform_search_times": [],
  "total_transform_index_times": [],
  "total_transform_processing_times": [],
  "total_transform_throughput": []
 },
 "workload-revision": "32d8806",
 "test_procedure": "append-no-conflicts",
 "workload-params": {
  "bulk_indexing_clients": 100,
  "bulk_size": 10000
 }
}