{
  "test_run_id": "227dc392-df63-4517-91ce-2d5b91af078f",
  "throughput": {
    "min": 340758.4145308261,
    "mean": 345607.3976109481,
    "median": 345527.91539935186,
    "max": 351000.5655680823,
    "unit": "docs/s"
  },
  "latency": {
    "50_0": 2898.070909002854,
    "90_0": 4348.565200003215,
    "99_0": 5898.410483230106,
    "99_9": 7076.40776053071,
    "100_0": 7606.64633000124,
    "mean": 2881.0240193979444,
    "unit": "ms"
  },
  "service_time": {
    "50_0": 2898.070909002854,
    "90_0": 4348.565200003215,
    "99_0": 5898.410483230106,
    "99_9": 7076.40776053071,
    "100_0": 7606.64633000124,
    "mean": 2881.0240193979444,
    "unit": "ms"
  },
  "error_rate": 0.0
}
