{
  "test_run_id": "8b5d1193-619b-467b-90ca-75df32462b8d",
  "throughput": {
    "min": 358303.8385257397,
    "mean": 372380.85002722155,
    "median": 372397.0450143227,
    "max": 385883.35848946247,
    "unit": "docs/s"
  },
  "latency": {
    "50_0": 2778.4008825001365,
    "90_0": 4322.582113494718,
    "99_0": 6212.570238549233,
    "99_9": 7087.088812144686,
    "100_0": 7286.806649004575,
    "mean": 2870.405077420302,
    "unit": "ms"
  },
  "service_time": {
    "50_0": 2778.4008825001365,
    "90_0": 4322.582113494718,
    "99_0": 6212.570238549233,
    "99_9": 7087.088812144686,
    "100_0": 7286.806649004575,
    "mean": 2870.405077420302,
    "unit": "ms"
  },
  "error_rate": 0.0
}
