{
  "test_run_id": "36a5ecf4-bbd5-4e94-b18e-84a022c396b1",
  "throughput": {
    "min": 341517.8626670505,
    "mean": 351472.53883575636,
    "median": 351160.3532895113,
    "max": 362865.5681576308,
    "unit": "docs/s"
  },
  "latency": {
    "50_0": 2858.974902002956,
    "90_0": 4634.849651298283,
    "99_0": 6175.89917502235,
    "99_9": 6615.334268778866,
    "100_0": 7776.196020997304,
    "mean": 2968.2609271120764,
    "unit": "ms"
  },
  "service_time": {
    "50_0": 2858.974902002956,
    "90_0": 4634.849651298283,
    "99_0": 6175.89917502235,
    "99_9": 6615.334268778866,
    "100_0": 7776.196020997304,
    "mean": 2968.2609271120764,
    "unit": "ms"
  },
  "error_rate": 0.0
}
