{
 "benchmark-version": "2.0.0",
 "benchmark-revision": null,
 "environment": "local",
 "test-run-id": "367a7439-11e4-4eff-b513-85e7919306db",
 "test-run-timestamp": "20251008T194002Z",
 "pipeline": "benchmark-only",
 "user-tags": {},
 "workload": "nyc_taxis",
 "cluster-config-instance": [
  "external"
 ],
 "cluster": {
  "revision": "8ff7c6ee924a49f0f59f80a6e1c73073c8904214",
  "distribution-version": "3.1.0",
  "distribution-flavor": "oss",
  "cluster-config-revision": null
 },
 "results": {
  "op_metrics": [
   {
    "task": "index",
    "operation": "index",
    "throughput": {
     "min": 346276.70842120255,
     "mean": 355450.8479608976,
     "median": 355027.1720453469,
     "max": 364102.9149424038,
     "unit": "docs/s"
    },
    "latency": {
     "50_0": 2867.9310779989464,
     "90_0": 4296.021528400888,
     "99_0": 5590.426893183833,
     "99_9": 6310.953547960784,
     "100_0": 6757.702169998083,
     "mean": 2905.370360516631,
     "unit": "ms"
    },
    "service_time": {
     "50_0": 2867.9310779989464,
     "90_0": 4296.021528400888,
     "99_0": 5590.426893183833,
     "99_9": 6310.953547960784,
     "100_0": 6757.702169998083,
     "mean": 2905.370360516631,
     "unit": "ms"
    },
    "client_processing_time": {
     "50_0": 1.3231984958110843,
     "90_0": 2.7743527978600486,
     "99_0": 10.52412745448237,
     "99_9": 80.64116267810522,
     "100_0": 158.95643899420975,
     "mean": 1.891715802898156,
     "unit": "ms"
    },
    "processing_time": {
     "50_0": 2877.12458850001,
     "90_0": 4307.649036501971,
     "99_0": 5607.10230894998,
     "99_9": 6313.277947453321,
     "100_0": 6802.3875819999375,
     "mean": 2912.7032900122813,
     "unit": "ms"
    },
    "error_rate": 0.0,
    "duration": 474188.59959800466
   }
  ],
  "correctness_metrics": [
   {
    "task": "index",
    "operation": "index",
    "recall@k": {},
    "recall@1": {},
    "error_rate": 0.0,
    "duration": 474188.59959800466
   }
  ],
  "profile_metrics": [],
  "total_time": 36047205,
  "total_time_per_shard": {
   "min": 10,
   "median": 17776166,
   "max": 18271029,
   "unit": "ms"
  },
  "indexing_throttle_time": 140607,
  "indexing_throttle_time_per_shard": {
   "min": 0,
   "median": 67664,
   "max": 72943,
   "unit": "ms"
  },
  "merge_time": 4749797,
  "merge_time_per_shard": {
   "min": 20,
   "median": 2317142,
   "max": 2432635,
   "unit": "ms"
  },
  "merge_count": 1119,
  "refresh_time": 103176,
  "refresh_time_per_shard": {
   "min": 47,
   "median": 45364,
   "max": 57765,
   "unit": "ms"
  },
  "refresh_count": 147,
  "flush_time": 300359,
  "flush_time_per_shard": {
   "min": 45,
   "median": 145056,
   "max": 155258,
   "unit": "ms"
  },
  "flush_count": 95,
  "merge_throttle_time": 21250,
  "merge_throttle_time_per_shard": {
   "min": 0,
   "median": 8886,
   "max": 12364,
   "unit": "ms"
  },
  "ml_processing_time": [],
  "young_gc_time": 58178,
  "young_gc_count": 3332,
  "old_gc_time": 0,
  "old_gc_count": 0,
  "memory_segments": 0,
  "memory_doc_values": 0,
  "memory_terms": 0,
  "memory_norms": 0,
  "memory_points": 0,
  "memory_stored_fields": 0,
  "store_size": 67929110149,
  "translog_size": 1859267972,
  "segment_count": 312,
  "total_transform_search_times": [],
  "total_transform_index_times": [],
  "total_transform_processing_times": [],
  "total_transform_throughput": []
 },
 "workload-revision": "32d8806",
 "test_procedure": "append-no-conflicts",
 "workload-params": {
  "bulk_indexing_clients": 100,
  "bulk_size": 10000
 }
}