{
 "benchmark-version": "2.0.0",
 "benchmark-revision": null,
 "environment": "local",
 "test-run-id": "afc35df3-0b9d-409b-a06a-717e1bfec745",
 "test-run-timestamp": "20251008T180027Z",
 "pipeline": "benchmark-only",
 "user-tags": {},
 "workload": "nyc_taxis",
 "cluster-config-instance": [
  "external"
 ],
 "cluster": {
  "revision": "8ff7c6ee924a49f0f59f80a6e1c73073c8904214",
  "distribution-version": "3.1.0",
  "distribution-flavor": "oss",
  "cluster-config-revision": null
 },
 "results": {
  "op_metrics": [
   {
    "task": "index",
    "operation": "index",
    "throughput": {
     "min": 345814.8992208128,
     "mean": 356311.0703671192,
     "median": 354455.54608302336,
     "max": 368692.27439396165,
     "unit": "docs/s"
    },
    "latency": {
     "50_0": 2857.6416975010943,
     "90_0": 4500.242234599136,
     "99_0": 5718.062503731274,
     "99_9": 7070.523795801852,
     "100_0": 7169.726223000907,
     "mean": 2904.5273893293634,
     "unit": "ms"
    },
    "service_time": {
     "50_0": 2857.6416975010943,
     "90_0": 4500.242234599136,
     "99_0": 5718.062503731274,
     "99_9": 7070.523795801852,
     "100_0": 7169.726223000907,
     "mean": 2904.5273893293634,
     "unit": "ms"
    },
    "client_processing_time": {
     "50_0": 1.3012320014240686,
     "90_0": 1.540987996122567,
     "99_0": 8.156217084906537,
     "99_9": 92.11305413295518,
     "100_0": 127.81002399424324,
     "mean": 1.7248147744117668,
     "unit": "ms"
    },
    "processing_time": {
     "50_0": 2870.2428934993804,
     "90_0": 4507.908117699117,
     "99_0": 5722.701130829594,
     "99_9": 7078.17584448059,
     "100_0": 7172.587606000889,
     "mean": 2916.4777946183617,
     "unit": "ms"
    },
    "error_rate": 0.0,
    "duration": 475158.9317789985
   }
  ],
  "correctness_metrics": [
   {
    "task": "index",
    "operation": "index",
    "recall@k": {},
    "recall@1": {},
    "error_rate": 0.0,
    "duration": 475158.9317789985
   }
  ],
  "profile_metrics": [],
  "total_time": 34299261,
  "total_time_per_shard": {
   "min": 4,
   "median": 16703514,
   "max": 17595743,
   "unit": "ms"
  },
  "indexing_throttle_time": 141306,
  "indexing_throttle_time_per_shard": {
   "min": 0,
   "median": 69633,
   "max": 71673,
   "unit": "ms"
  },
  "merge_time": 5059509,
  "merge_time_per_shard": {
   "min": 0,
   "median": 2508477,
   "max": 2551032,
   "unit": "ms"
  },
  "merge_count": 1109,
  "refresh_time": 90391,
  "refresh_time_per_shard": {
   "min": 21,
   "median": 43806,
   "max": 46564,
   "unit": "ms"
  },
  "refresh_count": 143,
  "flush_time": 295471,
  "flush_time_per_shard": {
   "min": 0,
   "median": 144263,
   "max": 151208,
   "unit": "ms"
  },
  "flush_count": 92,
  "merge_throttle_time": 17396,
  "merge_throttle_time_per_shard": {
   "min": 0,
   "median": 8083,
   "max": 9313,
   "unit": "ms"
  },
  "ml_processing_time": [],
  "young_gc_time": 39222,
  "young_gc_count": 1653,
  "old_gc_time": 0,
  "old_gc_count": 0,
  "memory_segments": 0,
  "memory_doc_values": 0,
  "memory_terms": 0,
  "memory_norms": 0,
  "memory_points": 0,
  "memory_stored_fields": 0,
  "store_size": 66256009722,
  "translog_size": 580922295,
  "segment_count": 341,
  "total_transform_search_times": [],
  "total_transform_index_times": [],
  "total_transform_processing_times": [],
  "total_transform_throughput": []
 },
 "workload-revision": "32d8806",
 "test_procedure": "append-no-conflicts",
 "workload-params": {
  "bulk_indexing_clients": 100,
  "bulk_size": 10000
 }
}