{
  "test_run_id": "9d99417b-e96b-43fa-9fe1-f246a462955c",
  "throughput": {
    "min": 350012.14364789735,
    "mean": 359865.5200999651,
    "median": 360120.88201271434,
    "max": 367553.61068210256,
    "unit": "docs/s"
  },
  "latency": {
    "50_0": 2860.3683300025295,
    "90_0": 4192.325251201692,
    "99_0": 5341.366898800625,
    "99_9": 5951.629836535302,
    "100_0": 6171.225717997004,
    "mean": 2834.5880272968366,
    "unit": "ms"
  },
  "service_time": {
    "50_0": 2860.3683300025295,
    "90_0": 4192.325251201692,
    "99_0": 5341.366898800625,
    "99_9": 5951.629836535302,
    "100_0": 6171.225717997004,
    "mean": 2834.5880272968366,
    "unit": "ms"
  },
  "error_rate": 0.0
}
