{
 "benchmark-version": "2.0.0",
 "benchmark-revision": null,
 "environment": "local",
 "test-run-id": "644c33a7-27b1-483e-930d-ed3f853c55fd",
 "test-run-timestamp": "20251008T183636Z",
 "pipeline": "benchmark-only",
 "user-tags": {},
 "workload": "nyc_taxis",
 "cluster-config-instance": [
  "external"
 ],
 "cluster": {
  "revision": "8ff7c6ee924a49f0f59f80a6e1c73073c8904214",
  "distribution-version": "3.1.0",
  "distribution-flavor": "oss",
  "cluster-config-revision": null
 },
 "results": {
  "op_metrics": [
   {
    "task": "index",
    "operation": "index",
    "throughput": {
     "min": 351536.98212090664,
     "mean": 361963.7875840884,
     "median": 361813.3271521219,
     "max": 372951.6787428916,
     "unit": "docs/s"
    },
    "latency": {
     "50_0": 2795.7103719963925,
     "90_0": 4322.452701999282,
     "99_0": 5956.531341002119,
     "99_9": 7214.870035202698,
     "100_0": 7479.123567994975,
     "mean": 2849.41843121208,
     "unit": "ms"
    },
    "service_time": {
     "50_0": 2795.7103719963925,
     "90_0": 4322.452701999282,
     "99_0": 5956.531341002119,
     "99_9": 7214.870035202698,
     "100_0": 7479.123567994975,
     "mean": 2849.41843121208,
     "unit": "ms"
    },
    "client_processing_time": {
     "50_0": 1.3083980011288077,
     "90_0": 1.5688560015405528,
     "99_0": 37.16436550166691,
     "99_9": 85.75966620119388,
     "100_0": 162.2003560041776,
     "mean": 1.9191809882642024,
     "unit": "ms"
    },
    "processing_time": {
     "50_0": 2810.6516640036716,
     "90_0": 4326.882835004653,
     "99_0": 5962.642383998173,
     "99_9": 7218.0733589015335,
     "100_0": 7555.732248998538,
     "mean": 2859.447533819111,
     "unit": "ms"
    },
    "error_rate": 0.0,
    "duration": 467434.75770999794
   }
  ],
  "correctness_metrics": [
   {
    "task": "index",
    "operation": "index",
    "recall@k": {},
    "recall@1": {},
    "error_rate": 0.0,
    "duration": 467434.75770999794
   }
  ],
  "profile_metrics": [],
  "total_time": 33868086,
  "total_time_per_shard": {
   "min": 5,
   "median": 16479618,
   "max": 17388463,
   "unit": "ms"
  },
  "indexing_throttle_time": 130667,
  "indexing_throttle_time_per_shard": {
   "min": 0,
   "median": 64228,
   "max": 66439,
   "unit": "ms"
  },
  "merge_time": 4740361,
  "merge_time_per_shard": {
   "min": 0,
   "median": 2213650,
   "max": 2526711,
   "unit": "ms"
  },
  "merge_count": 1085,
  "refresh_time": 86640,
  "refresh_time_per_shard": {
   "min": 14,
   "median": 37999,
   "max": 48627,
   "unit": "ms"
  },
  "refresh_count": 145,
  "flush_time": 279229,
  "flush_time_per_shard": {
   "min": 0,
   "median": 135596,
   "max": 143633,
   "unit": "ms"
  },
  "flush_count": 94,
  "merge_throttle_time": 24161,
  "merge_throttle_time_per_shard": {
   "min": 0,
   "median": 9005,
   "max": 15156,
   "unit": "ms"
  },
  "ml_processing_time": [],
  "young_gc_time": 43048,
  "young_gc_count": 2002,
  "old_gc_time": 0,
  "old_gc_count": 0,
  "memory_segments": 0,
  "memory_doc_values": 0,
  "memory_terms": 0,
  "memory_norms": 0,
  "memory_points": 0,
  "memory_stored_fields": 0,
  "store_size": 71470413027,
  "translog_size": 2513453050,
  "segment_count": 205,
  "total_transform_search_times": [],
  "total_transform_index_times": [],
  "total_transform_processing_times": [],
  "total_transform_throughput": []
 },
 "workload-revision": "32d8806",
 "test_procedure": "append-no-conflicts",
 "workload-params": {
  "bulk_indexing_clients": 100,
  "bulk_size": 10000
 }
}