{
 "benchmark-version": "2.0.0",
 "benchmark-revision": null,
 "environment": "local",
 "test-run-id": "ef301c61-466b-4c49-99ca-f52a8fa8fdeb",
 "test-run-timestamp": "20251008T172432Z",
 "pipeline": "benchmark-only",
 "user-tags": {},
 "workload": "nyc_taxis",
 "cluster-config-instance": [
  "external"
 ],
 "cluster": {
  "revision": "8ff7c6ee924a49f0f59f80a6e1c73073c8904214",
  "distribution-version": "3.1.0",
  "distribution-flavor": "oss",
  "cluster-config-revision": null
 },
 "results": {
  "op_metrics": [
   {
    "task": "index",
    "operation": "index",
    "throughput": {
     "min": 351647.6285792899,
     "mean": 361159.91118696897,
     "median": 362373.3226861104,
     "max": 371411.72884236294,
     "unit": "docs/s"
    },
    "latency": {
     "50_0": 2791.3638609970803,
     "90_0": 4299.825301801321,
     "99_0": 5387.789475360769,
     "99_9": 6108.173894770156,
     "100_0": 6284.632461000001,
     "mean": 2818.836916650438,
     "unit": "ms"
    },
    "service_time": {
     "50_0": 2791.3638609970803,
     "90_0": 4299.825301801321,
     "99_0": 5387.789475360769,
     "99_9": 6108.173894770156,
     "100_0": 6284.632461000001,
     "mean": 2818.836916650438,
     "unit": "ms"
    },
    "client_processing_time": {
     "50_0": 1.3136589986970648,
     "90_0": 3.027156199095776,
     "99_0": 41.25424404206569,
     "99_9": 87.57390376698477,
     "100_0": 159.17728399654152,
     "mean": 2.064498643705489,
     "unit": "ms"
    },
    "processing_time": {
     "50_0": 2803.7454020013683,
     "90_0": 4315.8029179991,
     "99_0": 5405.493643601221,
     "99_9": 6111.072067737568,
     "100_0": 6287.987477997376,
     "mean": 2834.2634082696522,
     "unit": "ms"
    },
    "error_rate": 0.0,
    "duration": 467077.59840200015
   }
  ],
  "correctness_metrics": [
   {
    "task": "index",
    "operation": "index",
    "recall@k": {},
    "recall@1": {},
    "error_rate": 0.0,
    "duration": 467077.59840200015
   }
  ],
  "profile_metrics": [],
  "total_time": 34146629,
  "total_time_per_shard": {
   "min": 15,
   "median": 16945144,
   "max": 17201470,
   "unit": "ms"
  },
  "indexing_throttle_time": 127158,
  "indexing_throttle_time_per_shard": {
   "min": 0,
   "median": 63333,
   "max": 63825,
   "unit": "ms"
  },
  "merge_time": 4919604,
  "merge_time_per_shard": {
   "min": 47,
   "median": 2428944,
   "max": 2490613,
   "unit": "ms"
  },
  "merge_count": 1115,
  "refresh_time": 104898,
  "refresh_time_per_shard": {
   "min": 94,
   "median": 50599,
   "max": 54205,
   "unit": "ms"
  },
  "refresh_count": 144,
  "flush_time": 296824,
  "flush_time_per_shard": {
   "min": 77,
   "median": 146496,
   "max": 150251,
   "unit": "ms"
  },
  "flush_count": 94,
  "merge_throttle_time": 35666,
  "merge_throttle_time_per_shard": {
   "min": 0,
   "median": 15882,
   "max": 19784,
   "unit": "ms"
  },
  "ml_processing_time": [],
  "young_gc_time": 28332,
  "young_gc_count": 1096,
  "old_gc_time": 0,
  "old_gc_count": 0,
  "memory_segments": 0,
  "memory_doc_values": 0,
  "memory_terms": 0,
  "memory_norms": 0,
  "memory_points": 0,
  "memory_stored_fields": 0,
  "store_size": 71667092226,
  "translog_size": 1410480983,
  "segment_count": 280,
  "total_transform_search_times": [],
  "total_transform_index_times": [],
  "total_transform_processing_times": [],
  "total_transform_throughput": []
 },
 "workload-revision": "32d8806",
 "test_procedure": "append-no-conflicts",
 "workload-params": {
  "bulk_indexing_clients": 100,
  "bulk_size": 10000
 }
}