{
 "benchmark-version": "2.0.0",
 "benchmark-revision": null,
 "environment": "local",
 "test-run-id": "00479322-0061-4a46-912c-c5c56ac06739",
 "test-run-timestamp": "20251008T184456Z",
 "pipeline": "benchmark-only",
 "user-tags": {},
 "workload": "nyc_taxis",
 "cluster-config-instance": [
  "external"
 ],
 "cluster": {
  "revision": "8ff7c6ee924a49f0f59f80a6e1c73073c8904214",
  "distribution-version": "3.1.0",
  "distribution-flavor": "oss",
  "cluster-config-revision": null
 },
 "results": {
  "op_metrics": [
   {
    "task": "index",
    "operation": "index",
    "throughput": {
     "min": 340563.89770885685,
     "mean": 352020.0730567778,
     "median": 351264.4887154951,
     "max": 364646.6021022334,
     "unit": "docs/s"
    },
    "latency": {
     "50_0": 2953.0033684968657,
     "90_0": 4638.908603996242,
     "99_0": 5972.598938500232,
     "99_9": 6498.277910853122,
     "100_0": 7612.882146000629,
     "mean": 3006.082343410897,
     "unit": "ms"
    },
    "service_time": {
     "50_0": 2953.0033684968657,
     "90_0": 4638.908603996242,
     "99_0": 5972.598938500232,
     "99_9": 6498.277910853122,
     "100_0": 7612.882146000629,
     "mean": 3006.082343410897,
     "unit": "ms"
    },
    "client_processing_time": {
     "50_0": 1.3276785030029714,
     "90_0": 3.266571005951846,
     "99_0": 9.707674299352274,
     "99_9": 55.63276602177307,
     "100_0": 91.72363000106998,
     "mean": 1.8815478088001085,
     "unit": "ms"
    },
    "processing_time": {
     "50_0": 2961.474070496479,
     "90_0": 4653.193567999551,
     "99_0": 5979.390716297712,
     "99_9": 6516.668899399379,
     "100_0": 7615.950651997991,
     "mean": 3015.1548031706643,
     "unit": "ms"
    },
    "error_rate": 0.0,
    "duration": 481665.3348539985
   }
  ],
  "correctness_metrics": [
   {
    "task": "index",
    "operation": "index",
    "recall@k": {},
    "recall@1": {},
    "error_rate": 0.0,
    "duration": 481665.3348539985
   }
  ],
  "profile_metrics": [],
  "total_time": 35825544,
  "total_time_per_shard": {
   "min": 14,
   "median": 17144995,
   "max": 18680535,
   "unit": "ms"
  },
  "indexing_throttle_time": 139208,
  "indexing_throttle_time_per_shard": {
   "min": 0,
   "median": 65144,
   "max": 74064,
   "unit": "ms"
  },
  "merge_time": 4761210,
  "merge_time_per_shard": {
   "min": 0,
   "median": 2291987,
   "max": 2469223,
   "unit": "ms"
  },
  "merge_count": 1144,
  "refresh_time": 110174,
  "refresh_time_per_shard": {
   "min": 37,
   "median": 52093,
   "max": 58044,
   "unit": "ms"
  },
  "refresh_count": 145,
  "flush_time": 302552,
  "flush_time_per_shard": {
   "min": 30,
   "median": 149070,
   "max": 153452,
   "unit": "ms"
  },
  "flush_count": 93,
  "merge_throttle_time": 14843,
  "merge_throttle_time_per_shard": {
   "min": 0,
   "median": 6783,
   "max": 8060,
   "unit": "ms"
  },
  "ml_processing_time": [],
  "young_gc_time": 44728,
  "young_gc_count": 2075,
  "old_gc_time": 0,
  "old_gc_count": 0,
  "memory_segments": 0,
  "memory_doc_values": 0,
  "memory_terms": 0,
  "memory_norms": 0,
  "memory_points": 0,
  "memory_stored_fields": 0,
  "store_size": 72797953716,
  "translog_size": 2237915150,
  "segment_count": 386,
  "total_transform_search_times": [],
  "total_transform_index_times": [],
  "total_transform_processing_times": [],
  "total_transform_throughput": []
 },
 "workload-revision": "32d8806",
 "test_procedure": "append-no-conflicts",
 "workload-params": {
  "bulk_indexing_clients": 100,
  "bulk_size": 10000
 }
}