{
  "test_run_id": "e5a677f7-ea9f-44d8-aef6-53ba315a4246",
  "throughput": {
    "min": 354777.0602532353,
    "mean": 365337.14036225947,
    "median": 364248.99451986013,
    "max": 376432.7590577935,
    "unit": "docs/s"
  },
  "latency": {
    "50_0": 2590.023328004463,
    "90_0": 4503.3129484982055,
    "99_0": 5668.682396948498,
    "99_9": 6425.584815623179,
    "100_0": 6862.897372004227,
    "mean": 2808.488436012357,
    "unit": "ms"
  },
  "service_time": {
    "50_0": 2590.023328004463,
    "90_0": 4503.3129484982055,
    "99_0": 5668.682396948498,
    "99_9": 6425.584815623179,
    "100_0": 6862.897372004227,
    "mean": 2808.488436012357,
    "unit": "ms"
  },
  "error_rate": 0.0
}
