{
  "test_run_id": "5821398e-3d5d-4b59-92ac-ad6b705d0173",
  "throughput": {
    "min": 342695.2875016164,
    "mean": 350574.5060619763,
    "median": 350715.3156109443,
    "max": 356700.3536049505,
    "unit": "docs/s"
  },
  "latency": {
    "50_0": 2845.332603497809,
    "90_0": 4385.423934301797,
    "99_0": 6277.174944069192,
    "99_9": 7044.438649197356,
    "100_0": 7597.597808999126,
    "mean": 2874.0526385080816,
    "unit": "ms"
  },
  "service_time": {
    "50_0": 2845.332603497809,
    "90_0": 4385.423934301797,
    "99_0": 6277.174944069192,
    "99_9": 7044.438649197356,
    "100_0": 7597.597808999126,
    "mean": 2874.0526385080816,
    "unit": "ms"
  },
  "error_rate": 0.0
}
