{
 "benchmark-version": "2.0.0",
 "benchmark-revision": null,
 "environment": "local",
 "test-run-id": "e5a677f7-ea9f-44d8-aef6-53ba315a4246",
 "test-run-timestamp": "20251008T191228Z",
 "pipeline": "benchmark-only",
 "user-tags": {},
 "workload": "nyc_taxis",
 "cluster-config-instance": [
  "external"
 ],
 "cluster": {
  "revision": "8ff7c6ee924a49f0f59f80a6e1c73073c8904214",
  "distribution-version": "3.1.0",
  "distribution-flavor": "oss",
  "cluster-config-revision": null
 },
 "results": {
  "op_metrics": [
   {
    "task": "index",
    "operation": "index",
    "throughput": {
     "min": 354777.0602532353,
     "mean": 365337.14036225947,
     "median": 364248.99451986013,
     "max": 376432.7590577935,
     "unit": "docs/s"
    },
    "latency": {
     "50_0": 2590.023328004463,
     "90_0": 4503.3129484982055,
     "99_0": 5668.682396948498,
     "99_9": 6425.584815623179,
     "100_0": 6862.897372004227,
     "mean": 2808.488436012357,
     "unit": "ms"
    },
    "service_time": {
     "50_0": 2590.023328004463,
     "90_0": 4503.3129484982055,
     "99_0": 5668.682396948498,
     "99_9": 6425.584815623179,
     "100_0": 6862.897372004227,
     "mean": 2808.488436012357,
     "unit": "ms"
    },
    "client_processing_time": {
     "50_0": 1.3103229975968134,
     "90_0": 2.0958554960088804,
     "99_0": 12.807606604110388,
     "99_9": 81.88430987214949,
     "100_0": 110.65243600023678,
     "mean": 1.8426016705208152,
     "unit": "ms"
    },
    "processing_time": {
     "50_0": 2612.176848000672,
     "90_0": 4520.0023315010185,
     "99_0": 5671.423877001507,
     "99_9": 6462.6455704798345,
     "100_0": 6866.004959003476,
     "mean": 2820.476015823267,
     "unit": "ms"
    },
    "error_rate": 0.0,
    "duration": 464371.58069999714
   }
  ],
  "correctness_metrics": [
   {
    "task": "index",
    "operation": "index",
    "recall@k": {},
    "recall@1": {},
    "error_rate": 0.0,
    "duration": 464371.58069999714
   }
  ],
  "profile_metrics": [],
  "total_time": 35243978,
  "total_time_per_shard": {
   "min": 12,
   "median": 16948090,
   "max": 18295876,
   "unit": "ms"
  },
  "indexing_throttle_time": 133381,
  "indexing_throttle_time_per_shard": {
   "min": 0,
   "median": 62614,
   "max": 70767,
   "unit": "ms"
  },
  "merge_time": 4562587,
  "merge_time_per_shard": {
   "min": 11,
   "median": 2176064,
   "max": 2386512,
   "unit": "ms"
  },
  "merge_count": 1052,
  "refresh_time": 93368,
  "refresh_time_per_shard": {
   "min": 55,
   "median": 42797,
   "max": 50516,
   "unit": "ms"
  },
  "refresh_count": 143,
  "flush_time": 289141,
  "flush_time_per_shard": {
   "min": 29,
   "median": 133040,
   "max": 156072,
   "unit": "ms"
  },
  "flush_count": 93,
  "merge_throttle_time": 16252,
  "merge_throttle_time_per_shard": {
   "min": 0,
   "median": 7817,
   "max": 8435,
   "unit": "ms"
  },
  "ml_processing_time": [],
  "young_gc_time": 50065,
  "young_gc_count": 2522,
  "old_gc_time": 0,
  "old_gc_count": 0,
  "memory_segments": 0,
  "memory_doc_values": 0,
  "memory_terms": 0,
  "memory_norms": 0,
  "memory_points": 0,
  "memory_stored_fields": 0,
  "store_size": 72985720421,
  "translog_size": 1635622402,
  "segment_count": 410,
  "total_transform_search_times": [],
  "total_transform_index_times": [],
  "total_transform_processing_times": [],
  "total_transform_throughput": []
 },
 "workload-revision": "32d8806",
 "test_procedure": "append-no-conflicts",
 "workload-params": {
  "bulk_indexing_clients": 100,
  "bulk_size": 10000
 }
}