{
  "test_run_id": "da5c38a2-a875-46f8-8e67-4331849838e7",
  "throughput": {
    "min": 379181.6313829279,
    "mean": 393344.6861357696,
    "median": 391470.6709387541,
    "max": 413052.69873377885,
    "unit": "docs/s"
  },
  "latency": {
    "50_0": 1489.3609234998166,
    "90_0": 2649.299668000185,
    "99_0": 3667.0518160798374,
    "99_9": 4381.487330395908,
    "100_0": 4655.6789900000695,
    "mean": 1650.378107013345,
    "unit": "ms"
  },
  "service_time": {
    "50_0": 1489.3609234998166,
    "90_0": 2649.299668000185,
    "99_0": 3667.0518160798374,
    "99_9": 4381.487330395908,
    "100_0": 4655.6789900000695,
    "mean": 1650.378107013345,
    "unit": "ms"
  },
  "error_rate": 0.0
}
