{
 "benchmark-version": "2.0.0",
 "benchmark-revision": null,
 "environment": "local",
 "test-run-id": "da5c38a2-a875-46f8-8e67-4331849838e7",
 "test-run-timestamp": "20251008T052631Z",
 "pipeline": "benchmark-only",
 "user-tags": {},
 "workload": "nyc_taxis",
 "cluster-config-instance": [
  "external"
 ],
 "cluster": {
  "revision": "8ff7c6ee924a49f0f59f80a6e1c73073c8904214",
  "distribution-version": "3.1.0",
  "distribution-flavor": "oss",
  "cluster-config-revision": null
 },
 "results": {
  "op_metrics": [
   {
    "task": "index",
    "operation": "index",
    "throughput": {
     "min": 379181.6313829279,
     "mean": 393344.6861357696,
     "median": 391470.6709387541,
     "max": 413052.69873377885,
     "unit": "docs/s"
    },
    "latency": {
     "50_0": 1489.3609234998166,
     "90_0": 2649.299668000185,
     "99_0": 3667.0518160798374,
     "99_9": 4381.487330395908,
     "100_0": 4655.6789900000695,
     "mean": 1650.378107013345,
     "unit": "ms"
    },
    "service_time": {
     "50_0": 1489.3609234998166,
     "90_0": 2649.299668000185,
     "99_0": 3667.0518160798374,
     "99_9": 4381.487330395908,
     "100_0": 4655.6789900000695,
     "mean": 1650.378107013345,
     "unit": "ms"
    },
    "client_processing_time": {
     "50_0": 1.2826520000999153,
     "90_0": 1.4346274997933506,
     "99_0": 34.423413989656716,
     "99_9": 75.74735255186545,
     "100_0": 101.20379599993612,
     "mean": 1.5432456615139785,
     "unit": "ms"
    },
    "processing_time": {
     "50_0": 1500.9786355001324,
     "90_0": 2665.975931000139,
     "99_0": 3669.9894448698788,
     "99_9": 4384.358269975847,
     "100_0": 4658.808590999797,
     "mean": 1659.885893778739,
     "unit": "ms"
    },
    "error_rate": 0.0,
    "duration": 434423.07853500004
   }
  ],
  "correctness_metrics": [
   {
    "task": "index",
    "operation": "index",
    "recall@k": {},
    "recall@1": {},
    "error_rate": 0.0,
    "duration": 434423.07853500004
   }
  ],
  "profile_metrics": [],
  "total_time": 17712838,
  "total_time_per_shard": {
   "min": 2,
   "median": 8621745,
   "max": 9091091,
   "unit": "ms"
  },
  "indexing_throttle_time": 56406,
  "indexing_throttle_time_per_shard": {
   "min": 0,
   "median": 24987,
   "max": 31419,
   "unit": "ms"
  },
  "merge_time": 3990633,
  "merge_time_per_shard": {
   "min": 0,
   "median": 1925718,
   "max": 2064915,
   "unit": "ms"
  },
  "merge_count": 850,
  "refresh_time": 91964,
  "refresh_time_per_shard": {
   "min": 17,
   "median": 43684,
   "max": 48263,
   "unit": "ms"
  },
  "refresh_count": 141,
  "flush_time": 285814,
  "flush_time_per_shard": {
   "min": 0,
   "median": 137508,
   "max": 148306,
   "unit": "ms"
  },
  "flush_count": 95,
  "merge_throttle_time": 97420,
  "merge_throttle_time_per_shard": {
   "min": 0,
   "median": 39660,
   "max": 57760,
   "unit": "ms"
  },
  "ml_processing_time": [],
  "young_gc_time": 12766,
  "young_gc_count": 633,
  "old_gc_time": 0,
  "old_gc_count": 0,
  "memory_segments": 0,
  "memory_doc_values": 0,
  "memory_terms": 0,
  "memory_norms": 0,
  "memory_points": 0,
  "memory_stored_fields": 0,
  "store_size": 70098859189,
  "translog_size": 2269540073,
  "segment_count": 372,
  "total_transform_search_times": [],
  "total_transform_index_times": [],
  "total_transform_processing_times": [],
  "total_transform_throughput": []
 },
 "workload-revision": "32d8806",
 "test_procedure": "append-no-conflicts",
 "workload-params": {
  "bulk_indexing_clients": 60,
  "bulk_size": 10000
 }
}