{
 "benchmark-version": "2.0.0",
 "benchmark-revision": null,
 "environment": "local",
 "test-run-id": "31ed518e-de47-40f6-9d68-e42a86cadfab",
 "test-run-timestamp": "20251008T051856Z",
 "pipeline": "benchmark-only",
 "user-tags": {},
 "workload": "nyc_taxis",
 "cluster-config-instance": [
  "external"
 ],
 "cluster": {
  "revision": "8ff7c6ee924a49f0f59f80a6e1c73073c8904214",
  "distribution-version": "3.1.0",
  "distribution-flavor": "oss",
  "cluster-config-revision": null
 },
 "results": {
  "op_metrics": [
   {
    "task": "index",
    "operation": "index",
    "throughput": {
     "min": 388119.4273287751,
     "mean": 400027.4308952323,
     "median": 400628.5702832254,
     "max": 408196.3304818629,
     "unit": "docs/s"
    },
    "latency": {
     "50_0": 1419.8437380000541,
     "90_0": 2558.009184399998,
     "99_0": 3398.880118280049,
     "99_9": 3664.480058976137,
     "100_0": 3854.620893999936,
     "mean": 1573.8041264633166,
     "unit": "ms"
    },
    "service_time": {
     "50_0": 1419.8437380000541,
     "90_0": 2558.009184399998,
     "99_0": 3398.880118280049,
     "99_9": 3664.480058976137,
     "100_0": 3854.620893999936,
     "mean": 1573.8041264633166,
     "unit": "ms"
    },
    "client_processing_time": {
     "50_0": 1.2848930000473047,
     "90_0": 1.41071759994702,
     "99_0": 4.8536571200929535,
     "99_9": 46.10432290399015,
     "100_0": 80.3013669997199,
     "mean": 1.3538123429848925,
     "unit": "ms"
    },
    "processing_time": {
     "50_0": 1433.7530799998603,
     "90_0": 2573.4390684000577,
     "99_0": 3403.715024200127,
     "99_9": 3689.7086932321154,
     "100_0": 3857.715178000035,
     "mean": 1583.886635010955,
     "unit": "ms"
    },
    "error_rate": 0.0,
    "duration": 423981.37268999993
   }
  ],
  "correctness_metrics": [
   {
    "task": "index",
    "operation": "index",
    "recall@k": {},
    "recall@1": {},
    "error_rate": 0.0,
    "duration": 423981.37268999993
   }
  ],
  "profile_metrics": [],
  "total_time": 18784279,
  "total_time_per_shard": {
   "min": 2,
   "median": 9053085,
   "max": 9731192,
   "unit": "ms"
  },
  "indexing_throttle_time": 69894,
  "indexing_throttle_time_per_shard": {
   "min": 0,
   "median": 30046,
   "max": 39848,
   "unit": "ms"
  },
  "merge_time": 4103729,
  "merge_time_per_shard": {
   "min": 16,
   "median": 1978814,
   "max": 2124899,
   "unit": "ms"
  },
  "merge_count": 874,
  "refresh_time": 82514,
  "refresh_time_per_shard": {
   "min": 41,
   "median": 40028,
   "max": 42445,
   "unit": "ms"
  },
  "refresh_count": 139,
  "flush_time": 252796,
  "flush_time_per_shard": {
   "min": 56,
   "median": 123492,
   "max": 129248,
   "unit": "ms"
  },
  "flush_count": 93,
  "merge_throttle_time": 65468,
  "merge_throttle_time_per_shard": {
   "min": 0,
   "median": 31518,
   "max": 33950,
   "unit": "ms"
  },
  "ml_processing_time": [],
  "young_gc_time": 13333,
  "young_gc_count": 641,
  "old_gc_time": 0,
  "old_gc_count": 0,
  "memory_segments": 0,
  "memory_doc_values": 0,
  "memory_terms": 0,
  "memory_norms": 0,
  "memory_points": 0,
  "memory_stored_fields": 0,
  "store_size": 70860680461,
  "translog_size": 2919785185,
  "segment_count": 432,
  "total_transform_search_times": [],
  "total_transform_index_times": [],
  "total_transform_processing_times": [],
  "total_transform_throughput": []
 },
 "workload-revision": "32d8806",
 "test_procedure": "append-no-conflicts",
 "workload-params": {
  "bulk_indexing_clients": 60,
  "bulk_size": 10000
 }
}