{
  "test_run_id": "9d5b9674-f661-49ef-bb68-63b599c507c1",
  "throughput": {
    "min": 377299.1542977203,
    "mean": 387508.2922172522,
    "median": 388445.2837794377,
    "max": 399524.01846076665,
    "unit": "docs/s"
  },
  "latency": {
    "50_0": 1474.9494624998079,
    "90_0": 2525.9187665002173,
    "99_0": 3469.8275071597695,
    "99_9": 3883.8040369747955,
    "100_0": 4094.286090999958,
    "mean": 1588.1160466774356,
    "unit": "ms"
  },
  "service_time": {
    "50_0": 1474.9494624998079,
    "90_0": 2525.9187665002173,
    "99_0": 3469.8275071597695,
    "99_9": 3883.8040369747955,
    "100_0": 4094.286090999958,
    "mean": 1588.1160466774356,
    "unit": "ms"
  },
  "error_rate": 0.0
}
