{
 "benchmark-version": "2.0.0",
 "benchmark-revision": null,
 "environment": "local",
 "test-run-id": "9d5b9674-f661-49ef-bb68-63b599c507c1",
 "test-run-timestamp": "20251008T064121Z",
 "pipeline": "benchmark-only",
 "user-tags": {},
 "workload": "nyc_taxis",
 "cluster-config-instance": [
  "external"
 ],
 "cluster": {
  "revision": "8ff7c6ee924a49f0f59f80a6e1c73073c8904214",
  "distribution-version": "3.1.0",
  "distribution-flavor": "oss",
  "cluster-config-revision": null
 },
 "results": {
  "op_metrics": [
   {
    "task": "index",
    "operation": "index",
    "throughput": {
     "min": 377299.1542977203,
     "mean": 387508.2922172522,
     "median": 388445.2837794377,
     "max": 399524.01846076665,
     "unit": "docs/s"
    },
    "latency": {
     "50_0": 1474.9494624998079,
     "90_0": 2525.9187665002173,
     "99_0": 3469.8275071597695,
     "99_9": 3883.8040369747955,
     "100_0": 4094.286090999958,
     "mean": 1588.1160466774356,
     "unit": "ms"
    },
    "service_time": {
     "50_0": 1474.9494624998079,
     "90_0": 2525.9187665002173,
     "99_0": 3469.8275071597695,
     "99_9": 3883.8040369747955,
     "100_0": 4094.286090999958,
     "mean": 1588.1160466774356,
     "unit": "ms"
    },
    "client_processing_time": {
     "50_0": 1.2790549994861067,
     "90_0": 1.4080432010814548,
     "99_0": 8.055681979722051,
     "99_9": 51.466090986933764,
     "100_0": 83.87363600013487,
     "mean": 1.450122708588735,
     "unit": "ms"
    },
    "processing_time": {
     "50_0": 1488.917672000298,
     "90_0": 2538.459308500479,
     "99_0": 3475.2502475004612,
     "99_9": 3886.725178205507,
     "100_0": 4096.4384990002145,
     "mean": 1597.9150940914121,
     "unit": "ms"
    },
    "error_rate": 0.0,
    "duration": 436789.99020399986
   }
  ],
  "correctness_metrics": [
   {
    "task": "index",
    "operation": "index",
    "recall@k": {},
    "recall@1": {},
    "error_rate": 0.0,
    "duration": 436789.99020399986
   }
  ],
  "profile_metrics": [],
  "total_time": 18996492,
  "total_time_per_shard": {
   "min": 11,
   "median": 9326590,
   "max": 9669891,
   "unit": "ms"
  },
  "indexing_throttle_time": 64781,
  "indexing_throttle_time_per_shard": {
   "min": 0,
   "median": 31489,
   "max": 33292,
   "unit": "ms"
  },
  "merge_time": 4072498,
  "merge_time_per_shard": {
   "min": 0,
   "median": 1963356,
   "max": 2109142,
   "unit": "ms"
  },
  "merge_count": 870,
  "refresh_time": 92688,
  "refresh_time_per_shard": {
   "min": 53,
   "median": 41293,
   "max": 51342,
   "unit": "ms"
  },
  "refresh_count": 144,
  "flush_time": 258357,
  "flush_time_per_shard": {
   "min": 0,
   "median": 127539,
   "max": 130818,
   "unit": "ms"
  },
  "flush_count": 96,
  "merge_throttle_time": 24706,
  "merge_throttle_time_per_shard": {
   "min": 0,
   "median": 11467,
   "max": 13239,
   "unit": "ms"
  },
  "ml_processing_time": [],
  "young_gc_time": 33121,
  "young_gc_count": 1779,
  "old_gc_time": 0,
  "old_gc_count": 0,
  "memory_segments": 0,
  "memory_doc_values": 0,
  "memory_terms": 0,
  "memory_norms": 0,
  "memory_points": 0,
  "memory_stored_fields": 0,
  "store_size": 71115923560,
  "translog_size": 2047461640,
  "segment_count": 264,
  "total_transform_search_times": [],
  "total_transform_index_times": [],
  "total_transform_processing_times": [],
  "total_transform_throughput": []
 },
 "workload-revision": "32d8806",
 "test_procedure": "append-no-conflicts",
 "workload-params": {
  "bulk_indexing_clients": 60,
  "bulk_size": 10000
 }
}