{
 "benchmark-version": "2.0.0",
 "benchmark-revision": null,
 "environment": "local",
 "test-run-id": "df13cfb3-e1a3-484b-bcae-521297192742",
 "test-run-timestamp": "20251008T060803Z",
 "pipeline": "benchmark-only",
 "user-tags": {},
 "workload": "nyc_taxis",
 "cluster-config-instance": [
  "external"
 ],
 "cluster": {
  "revision": "8ff7c6ee924a49f0f59f80a6e1c73073c8904214",
  "distribution-version": "3.1.0",
  "distribution-flavor": "oss",
  "cluster-config-revision": null
 },
 "results": {
  "op_metrics": [
   {
    "task": "index",
    "operation": "index",
    "throughput": {
     "min": 369594.3320096013,
     "mean": 380716.91822323157,
     "median": 380185.91626136086,
     "max": 393431.23527117755,
     "unit": "docs/s"
    },
    "latency": {
     "50_0": 1546.1152170000787,
     "90_0": 2503.119772899845,
     "99_0": 3351.0670159798224,
     "99_9": 4064.757935839983,
     "100_0": 4852.610714000548,
     "mean": 1629.642049385528,
     "unit": "ms"
    },
    "service_time": {
     "50_0": 1546.1152170000787,
     "90_0": 2503.119772899845,
     "99_0": 3351.0670159798224,
     "99_9": 4064.757935839983,
     "100_0": 4852.610714000548,
     "mean": 1629.642049385528,
     "unit": "ms"
    },
    "client_processing_time": {
     "50_0": 1.2810860002900881,
     "90_0": 1.4098394003667636,
     "99_0": 5.337932720767617,
     "99_9": 49.80342066298162,
     "100_0": 84.38812700114795,
     "mean": 1.4046582801899867,
     "unit": "ms"
    },
    "processing_time": {
     "50_0": 1558.2547129997693,
     "90_0": 2523.1526551005118,
     "99_0": 3358.2297506900404,
     "99_9": 4082.8298971539384,
     "100_0": 4855.532007000875,
     "mean": 1639.0155319234086,
     "unit": "ms"
    },
    "error_rate": 0.0,
    "duration": 445957.8358490007
   }
  ],
  "correctness_metrics": [
   {
    "task": "index",
    "operation": "index",
    "recall@k": {},
    "recall@1": {},
    "error_rate": 0.0,
    "duration": 445957.8358490007
   }
  ],
  "profile_metrics": [],
  "total_time": 18925799,
  "total_time_per_shard": {
   "min": 13,
   "median": 9455197,
   "max": 9470589,
   "unit": "ms"
  },
  "indexing_throttle_time": 68040,
  "indexing_throttle_time_per_shard": {
   "min": 0,
   "median": 33025,
   "max": 35015,
   "unit": "ms"
  },
  "merge_time": 4310371,
  "merge_time_per_shard": {
   "min": 9,
   "median": 2148857,
   "max": 2161505,
   "unit": "ms"
  },
  "merge_count": 891,
  "refresh_time": 95850,
  "refresh_time_per_shard": {
   "min": 33,
   "median": 46005,
   "max": 49812,
   "unit": "ms"
  },
  "refresh_count": 144,
  "flush_time": 277505,
  "flush_time_per_shard": {
   "min": 28,
   "median": 137247,
   "max": 140230,
   "unit": "ms"
  },
  "flush_count": 94,
  "merge_throttle_time": 52580,
  "merge_throttle_time_per_shard": {
   "min": 0,
   "median": 25279,
   "max": 27301,
   "unit": "ms"
  },
  "ml_processing_time": [],
  "young_gc_time": 28428,
  "young_gc_count": 1479,
  "old_gc_time": 0,
  "old_gc_count": 0,
  "memory_segments": 0,
  "memory_doc_values": 0,
  "memory_terms": 0,
  "memory_norms": 0,
  "memory_points": 0,
  "memory_stored_fields": 0,
  "store_size": 71664791823,
  "translog_size": 1704124600,
  "segment_count": 331,
  "total_transform_search_times": [],
  "total_transform_index_times": [],
  "total_transform_processing_times": [],
  "total_transform_throughput": []
 },
 "workload-revision": "32d8806",
 "test_procedure": "append-no-conflicts",
 "workload-params": {
  "bulk_indexing_clients": 60,
  "bulk_size": 10000
 }
}