{
  "test_run_id": "06fa033f-4c89-44ac-bc29-4e03f2314a08",
  "throughput": {
    "min": 362173.82023543294,
    "mean": 370806.2701607529,
    "median": 371047.3475633182,
    "max": 380042.544526855,
    "unit": "docs/s"
  },
  "latency": {
    "50_0": 1454.9498930000482,
    "90_0": 2614.223874000345,
    "99_0": 4023.7552770004186,
    "99_9": 4507.162234199315,
    "100_0": 4682.01700300051,
    "mean": 1630.775899286768,
    "unit": "ms"
  },
  "service_time": {
    "50_0": 1454.9498930000482,
    "90_0": 2614.223874000345,
    "99_0": 4023.7552770004186,
    "99_9": 4507.162234199315,
    "100_0": 4682.01700300051,
    "mean": 1630.775899286768,
    "unit": "ms"
  },
  "error_rate": 0.0
}
