{
  "test_run_id": "df13cfb3-e1a3-484b-bcae-521297192742",
  "throughput": {
    "min": 369594.3320096013,
    "mean": 380716.91822323157,
    "median": 380185.91626136086,
    "max": 393431.23527117755,
    "unit": "docs/s"
  },
  "latency": {
    "50_0": 1546.1152170000787,
    "90_0": 2503.119772899845,
    "99_0": 3351.0670159798224,
    "99_9": 4064.757935839983,
    "100_0": 4852.610714000548,
    "mean": 1629.642049385528,
    "unit": "ms"
  },
  "service_time": {
    "50_0": 1546.1152170000787,
    "90_0": 2503.119772899845,
    "99_0": 3351.0670159798224,
    "99_9": 4064.757935839983,
    "100_0": 4852.610714000548,
    "mean": 1629.642049385528,
    "unit": "ms"
  },
  "error_rate": 0.0
}
