{
 "benchmark-version": "2.0.0",
 "benchmark-revision": null,
 "environment": "local",
 "test-run-id": "3cd0bc3a-f0f9-48eb-b591-e1660d1bfa42",
 "test-run-timestamp": "20251008T065926Z",
 "pipeline": "benchmark-only",
 "user-tags": {},
 "workload": "nyc_taxis",
 "cluster-config-instance": [
  "external"
 ],
 "cluster": {
  "revision": "8ff7c6ee924a49f0f59f80a6e1c73073c8904214",
  "distribution-version": "3.1.0",
  "distribution-flavor": "oss",
  "cluster-config-revision": null
 },
 "results": {
  "op_metrics": [
   {
    "task": "index",
    "operation": "index",
    "throughput": {
     "min": 369719.19979757577,
     "mean": 380881.96863014245,
     "median": 379613.0978232259,
     "max": 392802.2730188536,
     "unit": "docs/s"
    },
    "latency": {
     "50_0": 1464.0724829996543,
     "90_0": 2636.600690400519,
     "99_0": 3618.932754540074,
     "99_9": 4215.086640623782,
     "100_0": 4502.282721000483,
     "mean": 1621.6347091990112,
     "unit": "ms"
    },
    "service_time": {
     "50_0": 1464.0724829996543,
     "90_0": 2636.600690400519,
     "99_0": 3618.932754540074,
     "99_9": 4215.086640623782,
     "100_0": 4502.282721000483,
     "mean": 1621.6347091990112,
     "unit": "ms"
    },
    "client_processing_time": {
     "50_0": 1.2806109989469405,
     "90_0": 1.409718799914117,
     "99_0": 5.069345539632198,
     "99_9": 50.418242613417014,
     "100_0": 89.38164399933157,
     "mean": 1.3656060996329797,
     "unit": "ms"
    },
    "processing_time": {
     "50_0": 1477.9132619996744,
     "90_0": 2644.5441245999973,
     "99_0": 3626.198598419942,
     "99_9": 4220.3804462560165,
     "100_0": 4505.288062000545,
     "mean": 1631.4294581308284,
     "unit": "ms"
    },
    "error_rate": 0.0,
    "duration": 445344.0725779992
   }
  ],
  "correctness_metrics": [
   {
    "task": "index",
    "operation": "index",
    "recall@k": {},
    "recall@1": {},
    "error_rate": 0.0,
    "duration": 445344.0725779992
   }
  ],
  "profile_metrics": [],
  "total_time": 19249229,
  "total_time_per_shard": {
   "min": 6,
   "median": 9362199,
   "max": 9887024,
   "unit": "ms"
  },
  "indexing_throttle_time": 63030,
  "indexing_throttle_time_per_shard": {
   "min": 0,
   "median": 28602,
   "max": 34428,
   "unit": "ms"
  },
  "merge_time": 4095357,
  "merge_time_per_shard": {
   "min": 0,
   "median": 2026899,
   "max": 2068458,
   "unit": "ms"
  },
  "merge_count": 859,
  "refresh_time": 84166,
  "refresh_time_per_shard": {
   "min": 14,
   "median": 41190,
   "max": 42962,
   "unit": "ms"
  },
  "refresh_count": 147,
  "flush_time": 251021,
  "flush_time_per_shard": {
   "min": 31,
   "median": 122206,
   "max": 128784,
   "unit": "ms"
  },
  "flush_count": 97,
  "merge_throttle_time": 24439,
  "merge_throttle_time_per_shard": {
   "min": 0,
   "median": 8411,
   "max": 16028,
   "unit": "ms"
  },
  "ml_processing_time": [],
  "young_gc_time": 38506,
  "young_gc_count": 2229,
  "old_gc_time": 0,
  "old_gc_count": 0,
  "memory_segments": 0,
  "memory_doc_values": 0,
  "memory_terms": 0,
  "memory_norms": 0,
  "memory_points": 0,
  "memory_stored_fields": 0,
  "store_size": 69235539953,
  "translog_size": 1898186096,
  "segment_count": 271,
  "total_transform_search_times": [],
  "total_transform_index_times": [],
  "total_transform_processing_times": [],
  "total_transform_throughput": []
 },
 "workload-revision": "32d8806",
 "test_procedure": "append-no-conflicts",
 "workload-params": {
  "bulk_indexing_clients": 60,
  "bulk_size": 10000
 }
}