{
  "test_run_id": "88480bbe-7ff3-4544-a961-09b21d8d7df5",
  "throughput": {
    "min": 367178.98238987825,
    "mean": 376812.33044532215,
    "median": 376124.989448267,
    "max": 386423.6089683411,
    "unit": "docs/s"
  },
  "latency": {
    "50_0": 1476.3858910005183,
    "90_0": 2630.296048499986,
    "99_0": 3432.132192650079,
    "99_9": 3938.5637498802166,
    "100_0": 4145.091217999834,
    "mean": 1625.3007451385754,
    "unit": "ms"
  },
  "service_time": {
    "50_0": 1476.3858910005183,
    "90_0": 2630.296048499986,
    "99_0": 3432.132192650079,
    "99_9": 3938.5637498802166,
    "100_0": 4145.091217999834,
    "mean": 1625.3007451385754,
    "unit": "ms"
  },
  "error_rate": 0.0
}
