{
  "test_run_id": "2e4a067e-e74c-41fd-9bfd-7b64f0ac101b",
  "throughput": {
    "min": 382775.4895210379,
    "mean": 395496.51346498803,
    "median": 394358.5387443746,
    "max": 408910.82400690956,
    "unit": "docs/s"
  },
  "latency": {
    "50_0": 1525.8602099997916,
    "90_0": 2370.9837197001434,
    "99_0": 3211.3179210403277,
    "99_9": 3881.1607773113606,
    "100_0": 4257.369669000582,
    "mean": 1586.4042778156813,
    "unit": "ms"
  },
  "service_time": {
    "50_0": 1525.8602099997916,
    "90_0": 2370.9837197001434,
    "99_0": 3211.3179210403277,
    "99_9": 3881.1607773113606,
    "100_0": 4257.369669000582,
    "mean": 1586.4042778156813,
    "unit": "ms"
  },
  "error_rate": 0.0
}
