{
 "benchmark-version": "2.0.0",
 "benchmark-revision": null,
 "environment": "local",
 "test-run-id": "06fa033f-4c89-44ac-bc29-4e03f2314a08",
 "test-run-timestamp": "20251008T065121Z",
 "pipeline": "benchmark-only",
 "user-tags": {},
 "workload": "nyc_taxis",
 "cluster-config-instance": [
  "external"
 ],
 "cluster": {
  "revision": "8ff7c6ee924a49f0f59f80a6e1c73073c8904214",
  "distribution-version": "3.1.0",
  "distribution-flavor": "oss",
  "cluster-config-revision": null
 },
 "results": {
  "op_metrics": [
   {
    "task": "index",
    "operation": "index",
    "throughput": {
     "min": 362173.82023543294,
     "mean": 370806.2701607529,
     "median": 371047.3475633182,
     "max": 380042.544526855,
     "unit": "docs/s"
    },
    "latency": {
     "50_0": 1454.9498930000482,
     "90_0": 2614.223874000345,
     "99_0": 4023.7552770004186,
     "99_9": 4507.162234199315,
     "100_0": 4682.01700300051,
     "mean": 1630.775899286768,
     "unit": "ms"
    },
    "service_time": {
     "50_0": 1454.9498930000482,
     "90_0": 2614.223874000345,
     "99_0": 4023.7552770004186,
     "99_9": 4507.162234199315,
     "100_0": 4682.01700300051,
     "mean": 1630.775899286768,
     "unit": "ms"
    },
    "client_processing_time": {
     "50_0": 1.2864740001532482,
     "90_0": 1.4241619992390042,
     "99_0": 5.2090960007262765,
     "99_9": 46.766336000109895,
     "100_0": 90.87652200014418,
     "mean": 1.4298246947576283,
     "unit": "ms"
    },
    "processing_time": {
     "50_0": 1464.555162000579,
     "90_0": 2623.7732899999173,
     "99_0": 4040.776311000627,
     "99_9": 4520.582750399809,
     "100_0": 4685.105881000709,
     "mean": 1639.522603733237,
     "unit": "ms"
    },
    "error_rate": 0.0,
    "duration": 451411.374157
   }
  ],
  "correctness_metrics": [
   {
    "task": "index",
    "operation": "index",
    "recall@k": {},
    "recall@1": {},
    "error_rate": 0.0,
    "duration": 451411.374157
   }
  ],
  "profile_metrics": [],
  "total_time": 19249955,
  "total_time_per_shard": {
   "min": 163,
   "median": 9577581,
   "max": 9672211,
   "unit": "ms"
  },
  "indexing_throttle_time": 60967,
  "indexing_throttle_time_per_shard": {
   "min": 0,
   "median": 26136,
   "max": 34831,
   "unit": "ms"
  },
  "merge_time": 4408360,
  "merge_time_per_shard": {
   "min": 48,
   "median": 2117925,
   "max": 2290387,
   "unit": "ms"
  },
  "merge_count": 845,
  "refresh_time": 86491,
  "refresh_time_per_shard": {
   "min": 436,
   "median": 41993,
   "max": 44062,
   "unit": "ms"
  },
  "refresh_count": 148,
  "flush_time": 262517,
  "flush_time_per_shard": {
   "min": 0,
   "median": 129107,
   "max": 133410,
   "unit": "ms"
  },
  "flush_count": 95,
  "merge_throttle_time": 26877,
  "merge_throttle_time_per_shard": {
   "min": 0,
   "median": 7633,
   "max": 19244,
   "unit": "ms"
  },
  "ml_processing_time": [],
  "young_gc_time": 41909,
  "young_gc_count": 2260,
  "old_gc_time": 0,
  "old_gc_count": 0,
  "memory_segments": 0,
  "memory_doc_values": 0,
  "memory_terms": 0,
  "memory_norms": 0,
  "memory_points": 0,
  "memory_stored_fields": 0,
  "store_size": 72401192996,
  "translog_size": 914355492,
  "segment_count": 372,
  "total_transform_search_times": [],
  "total_transform_index_times": [],
  "total_transform_processing_times": [],
  "total_transform_throughput": []
 },
 "workload-revision": "32d8806",
 "test_procedure": "append-no-conflicts",
 "workload-params": {
  "bulk_indexing_clients": 60,
  "bulk_size": 10000
 }
}