{
 "benchmark-version": "2.0.0",
 "benchmark-revision": null,
 "environment": "local",
 "test-run-id": "745a76df-9cf8-438a-82c0-b652ef69b051",
 "test-run-timestamp": "20251008T061802Z",
 "pipeline": "benchmark-only",
 "user-tags": {},
 "workload": "nyc_taxis",
 "cluster-config-instance": [
  "external"
 ],
 "cluster": {
  "revision": "8ff7c6ee924a49f0f59f80a6e1c73073c8904214",
  "distribution-version": "3.1.0",
  "distribution-flavor": "oss",
  "cluster-config-revision": null
 },
 "results": {
  "op_metrics": [
   {
    "task": "index",
    "operation": "index",
    "throughput": {
     "min": 368876.94991052523,
     "mean": 375940.83564860385,
     "median": 376875.76495500666,
     "max": 379841.20787965145,
     "unit": "docs/s"
    },
    "latency": {
     "50_0": 1447.1068089997061,
     "90_0": 2538.5843040003238,
     "99_0": 3477.781852499902,
     "99_9": 4050.742386000027,
     "100_0": 4646.640289000061,
     "mean": 1586.7998200831646,
     "unit": "ms"
    },
    "service_time": {
     "50_0": 1447.1068089997061,
     "90_0": 2538.5843040003238,
     "99_0": 3477.781852499902,
     "99_9": 4050.742386000027,
     "100_0": 4646.640289000061,
     "mean": 1586.7998200831646,
     "unit": "ms"
    },
    "client_processing_time": {
     "50_0": 1.2834930003009504,
     "90_0": 1.414432000274246,
     "99_0": 6.566184500115924,
     "99_9": 48.51338125104212,
     "100_0": 95.71662799953629,
     "mean": 1.4658249798606364,
     "unit": "ms"
    },
    "processing_time": {
     "50_0": 1454.7664769997937,
     "90_0": 2543.201302999478,
     "99_0": 3480.6525935000536,
     "99_9": 4053.7434175004164,
     "100_0": 4649.542367999857,
     "mean": 1595.794494438974,
     "unit": "ms"
    },
    "error_rate": 0.0,
    "duration": 443649.11401100014
   }
  ],
  "correctness_metrics": [
   {
    "task": "index",
    "operation": "index",
    "recall@k": {},
    "recall@1": {},
    "error_rate": 0.0,
    "duration": 443649.11401100014
   }
  ],
  "profile_metrics": [],
  "total_time": 19882419,
  "total_time_per_shard": {
   "min": 401,
   "median": 9753556,
   "max": 10128462,
   "unit": "ms"
  },
  "indexing_throttle_time": 74111,
  "indexing_throttle_time_per_shard": {
   "min": 0,
   "median": 32149,
   "max": 41962,
   "unit": "ms"
  },
  "merge_time": 4189924,
  "merge_time_per_shard": {
   "min": 43,
   "median": 2056058,
   "max": 2133823,
   "unit": "ms"
  },
  "merge_count": 860,
  "refresh_time": 96438,
  "refresh_time_per_shard": {
   "min": 407,
   "median": 40958,
   "max": 55073,
   "unit": "ms"
  },
  "refresh_count": 151,
  "flush_time": 266486,
  "flush_time_per_shard": {
   "min": 38,
   "median": 131223,
   "max": 135225,
   "unit": "ms"
  },
  "flush_count": 96,
  "merge_throttle_time": 62935,
  "merge_throttle_time_per_shard": {
   "min": 0,
   "median": 15708,
   "max": 47227,
   "unit": "ms"
  },
  "ml_processing_time": [],
  "young_gc_time": 36116,
  "young_gc_count": 1827,
  "old_gc_time": 0,
  "old_gc_count": 0,
  "memory_segments": 0,
  "memory_doc_values": 0,
  "memory_terms": 0,
  "memory_norms": 0,
  "memory_points": 0,
  "memory_stored_fields": 0,
  "store_size": 72347137799,
  "translog_size": 3767728404,
  "segment_count": 259,
  "total_transform_search_times": [],
  "total_transform_index_times": [],
  "total_transform_processing_times": [],
  "total_transform_throughput": []
 },
 "workload-revision": "32d8806",
 "test_procedure": "append-no-conflicts",
 "workload-params": {
  "bulk_indexing_clients": 60,
  "bulk_size": 10000
 }
}