{
  "test_run_id": "e481e09b-c126-4c90-afcd-5c7f6873f043",
  "throughput": {
    "min": 368106.8980928033,
    "mean": 380871.80685437896,
    "median": 381290.810708088,
    "max": 393704.9279142428,
    "unit": "docs/s"
  },
  "latency": {
    "50_0": 1455.3824619997613,
    "90_0": 2648.411637999834,
    "99_0": 3654.705518920123,
    "99_9": 5009.144517146529,
    "100_0": 5177.948090999962,
    "mean": 1649.368397978005,
    "unit": "ms"
  },
  "service_time": {
    "50_0": 1455.3824619997613,
    "90_0": 2648.411637999834,
    "99_0": 3654.705518920123,
    "99_9": 5009.144517146529,
    "100_0": 5177.948090999962,
    "mean": 1649.368397978005,
    "unit": "ms"
  },
  "error_rate": 0.0
}
