{
  "test_run_id": "74b71ad3-c9df-4ad5-b50d-9dd56d961da6",
  "throughput": {
    "min": 363178.4306666975,
    "mean": 375096.19164178724,
    "median": 375448.33739270375,
    "max": 384703.8876936964,
    "unit": "docs/s"
  },
  "latency": {
    "50_0": 1477.7237489997788,
    "90_0": 2684.2417740008386,
    "99_0": 3592.7815110995653,
    "99_9": 4157.860318159799,
    "100_0": 4780.238694000218,
    "mean": 1656.5551918307212,
    "unit": "ms"
  },
  "service_time": {
    "50_0": 1477.7237489997788,
    "90_0": 2684.2417740008386,
    "99_0": 3592.7815110995653,
    "99_9": 4157.860318159799,
    "100_0": 4780.238694000218,
    "mean": 1656.5551918307212,
    "unit": "ms"
  },
  "error_rate": 0.0
}
