{
 "benchmark-version": "2.0.0",
 "benchmark-revision": null,
 "environment": "local",
 "test-run-id": "c732a3b4-d913-4561-b2f8-2c026cf802ac",
 "test-run-timestamp": "20251008T074149Z",
 "pipeline": "benchmark-only",
 "user-tags": {},
 "workload": "nyc_taxis",
 "cluster-config-instance": [
  "external"
 ],
 "cluster": {
  "revision": "8ff7c6ee924a49f0f59f80a6e1c73073c8904214",
  "distribution-version": "3.1.0",
  "distribution-flavor": "oss",
  "cluster-config-revision": null
 },
 "results": {
  "op_metrics": [
   {
    "task": "index",
    "operation": "index",
    "throughput": {
     "min": 366336.12519108976,
     "mean": 378511.9190507023,
     "median": 379467.6676710498,
     "max": 389555.1963456273,
     "unit": "docs/s"
    },
    "latency": {
     "50_0": 1523.7291104995165,
     "90_0": 2647.727074899558,
     "99_0": 3491.4765897906013,
     "99_9": 4330.237175233353,
     "100_0": 5000.991974999124,
     "mean": 1653.7548479590364,
     "unit": "ms"
    },
    "service_time": {
     "50_0": 1523.7291104995165,
     "90_0": 2647.727074899558,
     "99_0": 3491.4765897906013,
     "99_9": 4330.237175233353,
     "100_0": 5000.991974999124,
     "mean": 1653.7548479590364,
     "unit": "ms"
    },
    "client_processing_time": {
     "50_0": 1.2841285015383619,
     "90_0": 1.412162700216868,
     "99_0": 5.132679389589627,
     "99_9": 50.2105824371175,
     "100_0": 92.65717800008133,
     "mean": 1.3921780852980705,
     "unit": "ms"
    },
    "processing_time": {
     "50_0": 1534.9081240001397,
     "90_0": 2658.7444703996875,
     "99_0": 3494.405768670423,
     "99_9": 4334.110892061549,
     "100_0": 5004.058099999384,
     "mean": 1661.884598194858,
     "unit": "ms"
    },
    "error_rate": 0.0,
    "duration": 449851.567316
   }
  ],
  "correctness_metrics": [
   {
    "task": "index",
    "operation": "index",
    "recall@k": {},
    "recall@1": {},
    "error_rate": 0.0,
    "duration": 449851.567316
   }
  ],
  "profile_metrics": [],
  "total_time": 19548986,
  "total_time_per_shard": {
   "min": 9,
   "median": 9566144,
   "max": 9982833,
   "unit": "ms"
  },
  "indexing_throttle_time": 67016,
  "indexing_throttle_time_per_shard": {
   "min": 0,
   "median": 32133,
   "max": 34883,
   "unit": "ms"
  },
  "merge_time": 4216019,
  "merge_time_per_shard": {
   "min": 0,
   "median": 2101283,
   "max": 2114736,
   "unit": "ms"
  },
  "merge_count": 882,
  "refresh_time": 83566,
  "refresh_time_per_shard": {
   "min": 17,
   "median": 38917,
   "max": 44632,
   "unit": "ms"
  },
  "refresh_count": 146,
  "flush_time": 248066,
  "flush_time_per_shard": {
   "min": 0,
   "median": 123888,
   "max": 124178,
   "unit": "ms"
  },
  "flush_count": 96,
  "merge_throttle_time": 26383,
  "merge_throttle_time_per_shard": {
   "min": 0,
   "median": 10391,
   "max": 15992,
   "unit": "ms"
  },
  "ml_processing_time": [],
  "young_gc_time": 48624,
  "young_gc_count": 2981,
  "old_gc_time": 0,
  "old_gc_count": 0,
  "memory_segments": 0,
  "memory_doc_values": 0,
  "memory_terms": 0,
  "memory_norms": 0,
  "memory_points": 0,
  "memory_stored_fields": 0,
  "store_size": 70769837411,
  "translog_size": 1376382169,
  "segment_count": 314,
  "total_transform_search_times": [],
  "total_transform_index_times": [],
  "total_transform_processing_times": [],
  "total_transform_throughput": []
 },
 "workload-revision": "32d8806",
 "test_procedure": "append-no-conflicts",
 "workload-params": {
  "bulk_indexing_clients": 60,
  "bulk_size": 10000
 }
}