{
 "benchmark-version": "2.0.0",
 "benchmark-revision": null,
 "environment": "local",
 "test-run-id": "f76e7647-7bf9-45fd-a5e0-7716b850792c",
 "test-run-timestamp": "20251008T074949Z",
 "pipeline": "benchmark-only",
 "user-tags": {},
 "workload": "nyc_taxis",
 "cluster-config-instance": [
  "external"
 ],
 "cluster": {
  "revision": "8ff7c6ee924a49f0f59f80a6e1c73073c8904214",
  "distribution-version": "3.1.0",
  "distribution-flavor": "oss",
  "cluster-config-revision": null
 },
 "results": {
  "op_metrics": [
   {
    "task": "index",
    "operation": "index",
    "throughput": {
     "min": 364766.8867933108,
     "mean": 377142.283702519,
     "median": 376683.4365342887,
     "max": 390020.7549393588,
     "unit": "docs/s"
    },
    "latency": {
     "50_0": 1572.2016189993155,
     "90_0": 2503.2457183995584,
     "99_0": 3355.0077231589967,
     "99_9": 3708.9826269836085,
     "100_0": 3850.5448659998365,
     "mean": 1660.0639725081048,
     "unit": "ms"
    },
    "service_time": {
     "50_0": 1572.2016189993155,
     "90_0": 2503.2457183995584,
     "99_0": 3355.0077231589967,
     "99_9": 3708.9826269836085,
     "100_0": 3850.5448659998365,
     "mean": 1660.0639725081048,
     "unit": "ms"
    },
    "client_processing_time": {
     "50_0": 1.287851000597584,
     "90_0": 1.426504200571799,
     "99_0": 6.486923319826016,
     "99_9": 48.579145880285886,
     "100_0": 85.05429599790659,
     "mean": 1.4689894772494252,
     "unit": "ms"
    },
    "processing_time": {
     "50_0": 1583.0945870002324,
     "90_0": 2512.062484999842,
     "99_0": 3360.1382284008287,
     "99_9": 3714.1050141124956,
     "100_0": 3853.8898560000234,
     "mean": 1669.0307350384753,
     "unit": "ms"
    },
    "error_rate": 0.0,
    "duration": 451500.0720429998
   }
  ],
  "correctness_metrics": [
   {
    "task": "index",
    "operation": "index",
    "recall@k": {},
    "recall@1": {},
    "error_rate": 0.0,
    "duration": 451500.0720429998
   }
  ],
  "profile_metrics": [],
  "total_time": 19598089,
  "total_time_per_shard": {
   "min": 9,
   "median": 9600279,
   "max": 9997801,
   "unit": "ms"
  },
  "indexing_throttle_time": 65215,
  "indexing_throttle_time_per_shard": {
   "min": 0,
   "median": 31549,
   "max": 33666,
   "unit": "ms"
  },
  "merge_time": 4380216,
  "merge_time_per_shard": {
   "min": 49,
   "median": 2120665,
   "max": 2259502,
   "unit": "ms"
  },
  "merge_count": 870,
  "refresh_time": 81975,
  "refresh_time_per_shard": {
   "min": 108,
   "median": 35556,
   "max": 46311,
   "unit": "ms"
  },
  "refresh_count": 149,
  "flush_time": 237462,
  "flush_time_per_shard": {
   "min": 83,
   "median": 114357,
   "max": 123022,
   "unit": "ms"
  },
  "flush_count": 98,
  "merge_throttle_time": 54916,
  "merge_throttle_time_per_shard": {
   "min": 0,
   "median": 18056,
   "max": 36860,
   "unit": "ms"
  },
  "ml_processing_time": [],
  "young_gc_time": 48437,
  "young_gc_count": 2990,
  "old_gc_time": 0,
  "old_gc_count": 0,
  "memory_segments": 0,
  "memory_doc_values": 0,
  "memory_terms": 0,
  "memory_norms": 0,
  "memory_points": 0,
  "memory_stored_fields": 0,
  "store_size": 75156233769,
  "translog_size": 958306672,
  "segment_count": 353,
  "total_transform_search_times": [],
  "total_transform_index_times": [],
  "total_transform_processing_times": [],
  "total_transform_throughput": []
 },
 "workload-revision": "32d8806",
 "test_procedure": "append-no-conflicts",
 "workload-params": {
  "bulk_indexing_clients": 60,
  "bulk_size": 10000
 }
}