{
  "test_run_id": "902d4469-306b-4ff7-855b-5948fa8e3c9b",
  "throughput": {
    "min": 371350.9417421601,
    "mean": 382528.8442959352,
    "median": 382368.7591747544,
    "max": 399178.588854301,
    "unit": "docs/s"
  },
  "latency": {
    "50_0": 1764.2298900009337,
    "90_0": 3182.3664019993885,
    "99_0": 4166.66729499957,
    "99_9": 4872.867561999022,
    "100_0": 5853.181169000891,
    "mean": 1935.901275417622,
    "unit": "ms"
  },
  "service_time": {
    "50_0": 1764.2298900009337,
    "90_0": 3182.3664019993885,
    "99_0": 4166.66729499957,
    "99_9": 4872.867561999022,
    "100_0": 5853.181169000891,
    "mean": 1935.901275417622,
    "unit": "ms"
  },
  "error_rate": 0.0
}
