{
  "test_run_id": "1927f0bc-a619-426e-900f-48c3166cf87e",
  "throughput": {
    "min": 355364.27451390773,
    "mean": 363589.0714173329,
    "median": 362245.34315637266,
    "max": 370462.6677727169,
    "unit": "docs/s"
  },
  "latency": {
    "50_0": 1836.1999230000947,
    "90_0": 2960.7893880005577,
    "99_0": 3787.4338746998546,
    "99_9": 4964.343350283038,
    "100_0": 5546.183970000129,
    "mean": 1935.5242570645196,
    "unit": "ms"
  },
  "service_time": {
    "50_0": 1836.1999230000947,
    "90_0": 2960.7893880005577,
    "99_0": 3787.4338746998546,
    "99_9": 4964.343350283038,
    "100_0": 5546.183970000129,
    "mean": 1935.5242570645196,
    "unit": "ms"
  },
  "error_rate": 0.0
}
