{
 "benchmark-version": "2.0.0",
 "benchmark-revision": null,
 "environment": "local",
 "test-run-id": "703361bf-669c-4d32-b40c-eadd0f6e99d2",
 "test-run-timestamp": "20251008T081141Z",
 "pipeline": "benchmark-only",
 "user-tags": {},
 "workload": "nyc_taxis",
 "cluster-config-instance": [
  "external"
 ],
 "cluster": {
  "revision": "8ff7c6ee924a49f0f59f80a6e1c73073c8904214",
  "distribution-version": "3.1.0",
  "distribution-flavor": "oss",
  "cluster-config-revision": null
 },
 "results": {
  "op_metrics": [
   {
    "task": "index",
    "operation": "index",
    "throughput": {
     "min": 369663.6346342508,
     "mean": 381170.82447570126,
     "median": 380024.2894223872,
     "max": 392803.29967661557,
     "unit": "docs/s"
    },
    "latency": {
     "50_0": 1810.099060999164,
     "90_0": 2956.2182022989873,
     "99_0": 3789.964928570061,
     "99_9": 4141.747431596075,
     "100_0": 4862.207923999449,
     "mean": 1887.8142888706602,
     "unit": "ms"
    },
    "service_time": {
     "50_0": 1810.099060999164,
     "90_0": 2956.2182022989873,
     "99_0": 3789.964928570061,
     "99_9": 4141.747431596075,
     "100_0": 4862.207923999449,
     "mean": 1887.8142888706602,
     "unit": "ms"
    },
    "client_processing_time": {
     "50_0": 1.3053894999757176,
     "90_0": 1.670937901690195,
     "99_0": 8.102002192663349,
     "99_9": 46.45794777374796,
     "100_0": 83.21383200018317,
     "mean": 1.6553287443814144,
     "unit": "ms"
    },
    "processing_time": {
     "50_0": 1820.1715714994862,
     "90_0": 2963.194182000007,
     "99_0": 3800.5020917107495,
     "99_9": 4144.746781891577,
     "100_0": 4865.5347309995705,
     "mean": 1896.784199192622,
     "unit": "ms"
    },
    "error_rate": 0.0,
    "duration": 445105.0205419997
   }
  ],
  "correctness_metrics": [
   {
    "task": "index",
    "operation": "index",
    "recall@k": {},
    "recall@1": {},
    "error_rate": 0.0,
    "duration": 445105.0205419997
   }
  ],
  "profile_metrics": [],
  "total_time": 22749167,
  "total_time_per_shard": {
   "min": 12,
   "median": 10581201,
   "max": 12167954,
   "unit": "ms"
  },
  "indexing_throttle_time": 84416,
  "indexing_throttle_time_per_shard": {
   "min": 0,
   "median": 33061,
   "max": 51355,
   "unit": "ms"
  },
  "merge_time": 4113382,
  "merge_time_per_shard": {
   "min": 0,
   "median": 1919008,
   "max": 2194374,
   "unit": "ms"
  },
  "merge_count": 945,
  "refresh_time": 92329,
  "refresh_time_per_shard": {
   "min": 23,
   "median": 41472,
   "max": 50834,
   "unit": "ms"
  },
  "refresh_count": 140,
  "flush_time": 266788,
  "flush_time_per_shard": {
   "min": 0,
   "median": 128762,
   "max": 138026,
   "unit": "ms"
  },
  "flush_count": 92,
  "merge_throttle_time": 44654,
  "merge_throttle_time_per_shard": {
   "min": 0,
   "median": 17759,
   "max": 26895,
   "unit": "ms"
  },
  "ml_processing_time": [],
  "young_gc_time": 22092,
  "young_gc_count": 1026,
  "old_gc_time": 0,
  "old_gc_count": 0,
  "memory_segments": 0,
  "memory_doc_values": 0,
  "memory_terms": 0,
  "memory_norms": 0,
  "memory_points": 0,
  "memory_stored_fields": 0,
  "store_size": 73867079230,
  "translog_size": 1082079732,
  "segment_count": 245,
  "total_transform_search_times": [],
  "total_transform_index_times": [],
  "total_transform_processing_times": [],
  "total_transform_throughput": []
 },
 "workload-revision": "32d8806",
 "test_procedure": "append-no-conflicts",
 "workload-params": {
  "bulk_indexing_clients": 70,
  "bulk_size": 10000
 }
}