{
  "test_run_id": "d523b168-61ca-47d6-9899-9c4acb8242fe",
  "throughput": {
    "min": 368841.7707976673,
    "mean": 382173.33613326034,
    "median": 383863.6421328906,
    "max": 394311.66854957293,
    "unit": "docs/s"
  },
  "latency": {
    "50_0": 1879.7246234998966,
    "90_0": 3005.8595883994717,
    "99_0": 3703.2475682792942,
    "99_9": 4310.82252729959,
    "100_0": 5336.075056000482,
    "mean": 1945.8849687424358,
    "unit": "ms"
  },
  "service_time": {
    "50_0": 1879.7246234998966,
    "90_0": 3005.8595883994717,
    "99_0": 3703.2475682792942,
    "99_9": 4310.82252729959,
    "100_0": 5336.075056000482,
    "mean": 1945.8849687424358,
    "unit": "ms"
  },
  "error_rate": 0.0
}
