{
  "test_run_id": "60d85ef4-1315-4deb-ac0a-4138ae51dc8a",
  "throughput": {
    "min": 358545.0755909487,
    "mean": 366876.556449152,
    "median": 366161.42665228964,
    "max": 377040.4548792962,
    "unit": "docs/s"
  },
  "latency": {
    "50_0": 1829.6944220001023,
    "90_0": 3094.4320486996735,
    "99_0": 4187.687449340375,
    "99_9": 4907.800628134478,
    "100_0": 5185.492463999253,
    "mean": 1934.461181869717,
    "unit": "ms"
  },
  "service_time": {
    "50_0": 1829.6944220001023,
    "90_0": 3094.4320486996735,
    "99_0": 4187.687449340375,
    "99_9": 4907.800628134478,
    "100_0": 5185.492463999253,
    "mean": 1934.461181869717,
    "unit": "ms"
  },
  "error_rate": 0.0
}
