{
 "benchmark-version": "2.0.0",
 "benchmark-revision": null,
 "environment": "local",
 "test-run-id": "8f284668-5acd-4c8e-8d98-3188cf71cbdf",
 "test-run-timestamp": "20251008T083737Z",
 "pipeline": "benchmark-only",
 "user-tags": {},
 "workload": "nyc_taxis",
 "cluster-config-instance": [
  "external"
 ],
 "cluster": {
  "revision": "8ff7c6ee924a49f0f59f80a6e1c73073c8904214",
  "distribution-version": "3.1.0",
  "distribution-flavor": "oss",
  "cluster-config-revision": null
 },
 "results": {
  "op_metrics": [
   {
    "task": "index",
    "operation": "index",
    "throughput": {
     "min": 349392.1899802958,
     "mean": 358086.63255964546,
     "median": 357482.9236776897,
     "max": 367400.1846631264,
     "unit": "docs/s"
    },
    "latency": {
     "50_0": 1856.7164090000006,
     "90_0": 3182.974443000785,
     "99_0": 3988.2660046798987,
     "99_9": 4498.739920631256,
     "100_0": 4636.876767999638,
     "mean": 1985.2922055211152,
     "unit": "ms"
    },
    "service_time": {
     "50_0": 1856.7164090000006,
     "90_0": 3182.974443000785,
     "99_0": 3988.2660046798987,
     "99_9": 4498.739920631256,
     "100_0": 4636.876767999638,
     "mean": 1985.2922055211152,
     "unit": "ms"
    },
    "client_processing_time": {
     "50_0": 1.3068349999230122,
     "90_0": 1.5097709987458074,
     "99_0": 7.056987040341472,
     "99_9": 46.98445947063789,
     "100_0": 85.00989399908576,
     "mean": 1.6165451067280796,
     "unit": "ms"
    },
    "processing_time": {
     "50_0": 1867.2879929999908,
     "90_0": 3187.8908353999577,
     "99_0": 3993.0819192800836,
     "99_9": 4503.031489664344,
     "100_0": 4643.057073999444,
     "mean": 1992.5049537366715,
     "unit": "ms"
    },
    "error_rate": 0.0,
    "duration": 468556.12060999917
   }
  ],
  "correctness_metrics": [
   {
    "task": "index",
    "operation": "index",
    "recall@k": {},
    "recall@1": {},
    "error_rate": 0.0,
    "duration": 468556.12060999917
   }
  ],
  "profile_metrics": [],
  "total_time": 24035001,
  "total_time_per_shard": {
   "min": 152,
   "median": 11439475,
   "max": 12595374,
   "unit": "ms"
  },
  "indexing_throttle_time": 86763,
  "indexing_throttle_time_per_shard": {
   "min": 0,
   "median": 37310,
   "max": 49453,
   "unit": "ms"
  },
  "merge_time": 4236666,
  "merge_time_per_shard": {
   "min": 98,
   "median": 2078407,
   "max": 2158161,
   "unit": "ms"
  },
  "merge_count": 913,
  "refresh_time": 81331,
  "refresh_time_per_shard": {
   "min": 437,
   "median": 38973,
   "max": 41921,
   "unit": "ms"
  },
  "refresh_count": 150,
  "flush_time": 253759,
  "flush_time_per_shard": {
   "min": 51,
   "median": 125248,
   "max": 128460,
   "unit": "ms"
  },
  "flush_count": 94,
  "merge_throttle_time": 19164,
  "merge_throttle_time_per_shard": {
   "min": 0,
   "median": 6932,
   "max": 12232,
   "unit": "ms"
  },
  "ml_processing_time": [],
  "young_gc_time": 36081,
  "young_gc_count": 1590,
  "old_gc_time": 0,
  "old_gc_count": 0,
  "memory_segments": 0,
  "memory_doc_values": 0,
  "memory_terms": 0,
  "memory_norms": 0,
  "memory_points": 0,
  "memory_stored_fields": 0,
  "store_size": 73359299735,
  "translog_size": 2473506773,
  "segment_count": 220,
  "total_transform_search_times": [],
  "total_transform_index_times": [],
  "total_transform_processing_times": [],
  "total_transform_throughput": []
 },
 "workload-revision": "32d8806",
 "test_procedure": "append-no-conflicts",
 "workload-params": {
  "bulk_indexing_clients": 70,
  "bulk_size": 10000
 }
}