{
 "benchmark-version": "2.0.0",
 "benchmark-revision": null,
 "environment": "local",
 "test-run-id": "4653fe6d-c5a1-4f94-b35a-8976073a9c9b",
 "test-run-timestamp": "20251008T092040Z",
 "pipeline": "benchmark-only",
 "user-tags": {},
 "workload": "nyc_taxis",
 "cluster-config-instance": [
  "external"
 ],
 "cluster": {
  "revision": "8ff7c6ee924a49f0f59f80a6e1c73073c8904214",
  "distribution-version": "3.1.0",
  "distribution-flavor": "oss",
  "cluster-config-revision": null
 },
 "results": {
  "op_metrics": [
   {
    "task": "index",
    "operation": "index",
    "throughput": {
     "min": 367206.4996389055,
     "mean": 380733.2183742327,
     "median": 380564.57213004865,
     "max": 392870.8545383741,
     "unit": "docs/s"
    },
    "latency": {
     "50_0": 1777.7219050003623,
     "90_0": 3112.631310799771,
     "99_0": 3827.8952616212314,
     "99_9": 4490.417008913262,
     "100_0": 5022.633881999354,
     "mean": 1916.1650796943152,
     "unit": "ms"
    },
    "service_time": {
     "50_0": 1777.7219050003623,
     "90_0": 3112.631310799771,
     "99_0": 3827.8952616212314,
     "99_9": 4490.417008913262,
     "100_0": 5022.633881999354,
     "mean": 1916.1650796943152,
     "unit": "ms"
    },
    "client_processing_time": {
     "50_0": 1.2959720006620046,
     "90_0": 1.5147599988267766,
     "99_0": 6.850159859895915,
     "99_9": 48.340957304775685,
     "100_0": 94.73808900293079,
     "mean": 1.5189259501848011,
     "unit": "ms"
    },
    "processing_time": {
     "50_0": 1791.9586169991817,
     "90_0": 3124.3104624008993,
     "99_0": 3846.4020636984765,
     "99_9": 4507.520875209012,
     "100_0": 5025.574102000974,
     "mean": 1925.1116193986147,
     "unit": "ms"
    },
    "error_rate": 0.0,
    "duration": 447825.3324690013
   }
  ],
  "correctness_metrics": [
   {
    "task": "index",
    "operation": "index",
    "recall@k": {},
    "recall@1": {},
    "error_rate": 0.0,
    "duration": 447825.3324690013
   }
  ],
  "profile_metrics": [],
  "total_time": 22307257,
  "total_time_per_shard": {
   "min": 6,
   "median": 10805263,
   "max": 11501988,
   "unit": "ms"
  },
  "indexing_throttle_time": 69675,
  "indexing_throttle_time_per_shard": {
   "min": 0,
   "median": 28612,
   "max": 41063,
   "unit": "ms"
  },
  "merge_time": 3956130,
  "merge_time_per_shard": {
   "min": 0,
   "median": 1969260,
   "max": 1986870,
   "unit": "ms"
  },
  "merge_count": 925,
  "refresh_time": 93785,
  "refresh_time_per_shard": {
   "min": 19,
   "median": 34539,
   "max": 59227,
   "unit": "ms"
  },
  "refresh_count": 139,
  "flush_time": 263657,
  "flush_time_per_shard": {
   "min": 0,
   "median": 125660,
   "max": 137997,
   "unit": "ms"
  },
  "flush_count": 90,
  "merge_throttle_time": 30443,
  "merge_throttle_time_per_shard": {
   "min": 0,
   "median": 15219,
   "max": 15224,
   "unit": "ms"
  },
  "ml_processing_time": [],
  "young_gc_time": 37091,
  "young_gc_count": 1843,
  "old_gc_time": 0,
  "old_gc_count": 0,
  "memory_segments": 0,
  "memory_doc_values": 0,
  "memory_terms": 0,
  "memory_norms": 0,
  "memory_points": 0,
  "memory_stored_fields": 0,
  "store_size": 68670070645,
  "translog_size": 1050271773,
  "segment_count": 276,
  "total_transform_search_times": [],
  "total_transform_index_times": [],
  "total_transform_processing_times": [],
  "total_transform_throughput": []
 },
 "workload-revision": "32d8806",
 "test_procedure": "append-no-conflicts",
 "workload-params": {
  "bulk_indexing_clients": 70,
  "bulk_size": 10000
 }
}