{
  "test_run_id": "fe63d643-1d13-45fe-9322-a20d1fe5e223",
  "throughput": {
    "min": 362381.8581984415,
    "mean": 374692.1011426402,
    "median": 374874.3300391661,
    "max": 390521.4483676223,
    "unit": "docs/s"
  },
  "latency": {
    "50_0": 1823.7659010010248,
    "90_0": 3335.1673779998237,
    "99_0": 4198.462814100459,
    "99_9": 4933.966199540811,
    "100_0": 5199.335044000691,
    "mean": 1979.4915971353691,
    "unit": "ms"
  },
  "service_time": {
    "50_0": 1823.7659010010248,
    "90_0": 3335.1673779998237,
    "99_0": 4198.462814100459,
    "99_9": 4933.966199540811,
    "100_0": 5199.335044000691,
    "mean": 1979.4915971353691,
    "unit": "ms"
  },
  "error_rate": 0.0
}
