{
 "benchmark-version": "2.0.0",
 "benchmark-revision": null,
 "environment": "local",
 "test-run-id": "60d85ef4-1315-4deb-ac0a-4138ae51dc8a",
 "test-run-timestamp": "20251008T095510Z",
 "pipeline": "benchmark-only",
 "user-tags": {},
 "workload": "nyc_taxis",
 "cluster-config-instance": [
  "external"
 ],
 "cluster": {
  "revision": "8ff7c6ee924a49f0f59f80a6e1c73073c8904214",
  "distribution-version": "3.1.0",
  "distribution-flavor": "oss",
  "cluster-config-revision": null
 },
 "results": {
  "op_metrics": [
   {
    "task": "index",
    "operation": "index",
    "throughput": {
     "min": 358545.0755909487,
     "mean": 366876.556449152,
     "median": 366161.42665228964,
     "max": 377040.4548792962,
     "unit": "docs/s"
    },
    "latency": {
     "50_0": 1829.6944220001023,
     "90_0": 3094.4320486996735,
     "99_0": 4187.687449340375,
     "99_9": 4907.800628134478,
     "100_0": 5185.492463999253,
     "mean": 1934.461181869717,
     "unit": "ms"
    },
    "service_time": {
     "50_0": 1829.6944220001023,
     "90_0": 3094.4320486996735,
     "99_0": 4187.687449340375,
     "99_9": 4907.800628134478,
     "100_0": 5185.492463999253,
     "mean": 1934.461181869717,
     "unit": "ms"
    },
    "client_processing_time": {
     "50_0": 1.3045860014244681,
     "90_0": 1.519321602245327,
     "99_0": 7.241956714096934,
     "99_9": 47.11884564549142,
     "100_0": 86.55384200028493,
     "mean": 1.6315912305607698,
     "unit": "ms"
    },
    "processing_time": {
     "50_0": 1840.8817964991613,
     "90_0": 3101.047004000066,
     "99_0": 4195.991585991651,
     "99_9": 4910.771114840419,
     "100_0": 5189.096510999661,
     "mean": 1940.9424990105115,
     "unit": "ms"
    },
    "error_rate": 0.0,
    "duration": 458036.3114380016
   }
  ],
  "correctness_metrics": [
   {
    "task": "index",
    "operation": "index",
    "recall@k": {},
    "recall@1": {},
    "error_rate": 0.0,
    "duration": 458036.3114380016
   }
  ],
  "profile_metrics": [],
  "total_time": 24541965,
  "total_time_per_shard": {
   "min": 19,
   "median": 11874663,
   "max": 12667283,
   "unit": "ms"
  },
  "indexing_throttle_time": 80521,
  "indexing_throttle_time_per_shard": {
   "min": 0,
   "median": 39994,
   "max": 40527,
   "unit": "ms"
  },
  "merge_time": 4143747,
  "merge_time_per_shard": {
   "min": 15,
   "median": 1974360,
   "max": 2169372,
   "unit": "ms"
  },
  "merge_count": 933,
  "refresh_time": 80511,
  "refresh_time_per_shard": {
   "min": 47,
   "median": 34501,
   "max": 45963,
   "unit": "ms"
  },
  "refresh_count": 145,
  "flush_time": 246360,
  "flush_time_per_shard": {
   "min": 41,
   "median": 121579,
   "max": 124740,
   "unit": "ms"
  },
  "flush_count": 95,
  "merge_throttle_time": 23991,
  "merge_throttle_time_per_shard": {
   "min": 0,
   "median": 8584,
   "max": 15407,
   "unit": "ms"
  },
  "ml_processing_time": [],
  "young_gc_time": 41309,
  "young_gc_count": 2352,
  "old_gc_time": 0,
  "old_gc_count": 0,
  "memory_segments": 0,
  "memory_doc_values": 0,
  "memory_terms": 0,
  "memory_norms": 0,
  "memory_points": 0,
  "memory_stored_fields": 0,
  "store_size": 72676846586,
  "translog_size": 1520037918,
  "segment_count": 350,
  "total_transform_search_times": [],
  "total_transform_index_times": [],
  "total_transform_processing_times": [],
  "total_transform_throughput": []
 },
 "workload-revision": "32d8806",
 "test_procedure": "append-no-conflicts",
 "workload-params": {
  "bulk_indexing_clients": 70,
  "bulk_size": 10000
 }
}