{
  "test_run_id": "8f284668-5acd-4c8e-8d98-3188cf71cbdf",
  "throughput": {
    "min": 349392.1899802958,
    "mean": 358086.63255964546,
    "median": 357482.9236776897,
    "max": 367400.1846631264,
    "unit": "docs/s"
  },
  "latency": {
    "50_0": 1856.7164090000006,
    "90_0": 3182.974443000785,
    "99_0": 3988.2660046798987,
    "99_9": 4498.739920631256,
    "100_0": 4636.876767999638,
    "mean": 1985.2922055211152,
    "unit": "ms"
  },
  "service_time": {
    "50_0": 1856.7164090000006,
    "90_0": 3182.974443000785,
    "99_0": 3988.2660046798987,
    "99_9": 4498.739920631256,
    "100_0": 4636.876767999638,
    "mean": 1985.2922055211152,
    "unit": "ms"
  },
  "error_rate": 0.0
}
