{
  "test_run_id": "86129ec5-75e8-4db1-a102-3516f2b507e0",
  "throughput": {
    "min": 356252.67439803295,
    "mean": 371499.44874037616,
    "median": 372822.5931037617,
    "max": 385655.4658573837,
    "unit": "docs/s"
  },
  "latency": {
    "50_0": 1893.930920999992,
    "90_0": 3245.761893200688,
    "99_0": 4213.653121320966,
    "99_9": 5148.712462664049,
    "100_0": 5509.380634999616,
    "mean": 2056.247263413323,
    "unit": "ms"
  },
  "service_time": {
    "50_0": 1893.930920999992,
    "90_0": 3245.761893200688,
    "99_0": 4213.653121320966,
    "99_9": 5148.712462664049,
    "100_0": 5509.380634999616,
    "mean": 2056.247263413323,
    "unit": "ms"
  },
  "error_rate": 0.0
}
