{
 "benchmark-version": "2.0.0",
 "benchmark-revision": null,
 "environment": "local",
 "test-run-id": "d1be9b2d-f254-4990-aba6-64ab8baf25ed",
 "test-run-timestamp": "20251008T094700Z",
 "pipeline": "benchmark-only",
 "user-tags": {},
 "workload": "nyc_taxis",
 "cluster-config-instance": [
  "external"
 ],
 "cluster": {
  "revision": "8ff7c6ee924a49f0f59f80a6e1c73073c8904214",
  "distribution-version": "3.1.0",
  "distribution-flavor": "oss",
  "cluster-config-revision": null
 },
 "results": {
  "op_metrics": [
   {
    "task": "index",
    "operation": "index",
    "throughput": {
     "min": 355480.4846340503,
     "mean": 361841.26983667613,
     "median": 361204.678285022,
     "max": 369462.1775347345,
     "unit": "docs/s"
    },
    "latency": {
     "50_0": 1816.3231375001487,
     "90_0": 3082.0576207006525,
     "99_0": 3987.5802543999102,
     "99_9": 4218.581661649042,
     "100_0": 5115.534521999507,
     "mean": 1953.36676484736,
     "unit": "ms"
    },
    "service_time": {
     "50_0": 1816.3231375001487,
     "90_0": 3082.0576207006525,
     "99_0": 3987.5802543999102,
     "99_9": 4218.581661649042,
     "100_0": 5115.534521999507,
     "mean": 1953.36676484736,
     "unit": "ms"
    },
    "client_processing_time": {
     "50_0": 1.3071159992250614,
     "90_0": 1.5726885005278743,
     "99_0": 8.632039057556561,
     "99_9": 59.7463630886403,
     "100_0": 93.11854699626565,
     "mean": 1.6591160316086744,
     "unit": "ms"
    },
    "processing_time": {
     "50_0": 1824.2882830018061,
     "90_0": 3091.0397940013354,
     "99_0": 3995.02826968961,
     "99_9": 4221.617230738409,
     "100_0": 5155.381026001123,
     "mean": 1961.714587146627,
     "unit": "ms"
    },
    "error_rate": 0.0,
    "duration": 459830.1811929996
   }
  ],
  "correctness_metrics": [
   {
    "task": "index",
    "operation": "index",
    "recall@k": {},
    "recall@1": {},
    "error_rate": 0.0,
    "duration": 459830.1811929996
   }
  ],
  "profile_metrics": [],
  "total_time": 24502908,
  "total_time_per_shard": {
   "min": 1152,
   "median": 11565859,
   "max": 12935897,
   "unit": "ms"
  },
  "indexing_throttle_time": 91509,
  "indexing_throttle_time_per_shard": {
   "min": 0,
   "median": 36869,
   "max": 54640,
   "unit": "ms"
  },
  "merge_time": 4343769,
  "merge_time_per_shard": {
   "min": 130,
   "median": 2052029,
   "max": 2291610,
   "unit": "ms"
  },
  "merge_count": 918,
  "refresh_time": 96849,
  "refresh_time_per_shard": {
   "min": 751,
   "median": 44503,
   "max": 51595,
   "unit": "ms"
  },
  "refresh_count": 147,
  "flush_time": 254146,
  "flush_time_per_shard": {
   "min": 0,
   "median": 119430,
   "max": 134716,
   "unit": "ms"
  },
  "flush_count": 93,
  "merge_throttle_time": 20738,
  "merge_throttle_time_per_shard": {
   "min": 0,
   "median": 10025,
   "max": 10713,
   "unit": "ms"
  },
  "ml_processing_time": [],
  "young_gc_time": 45482,
  "young_gc_count": 2379,
  "old_gc_time": 0,
  "old_gc_count": 0,
  "memory_segments": 0,
  "memory_doc_values": 0,
  "memory_terms": 0,
  "memory_norms": 0,
  "memory_points": 0,
  "memory_stored_fields": 0,
  "store_size": 73597508405,
  "translog_size": 2187332197,
  "segment_count": 440,
  "total_transform_search_times": [],
  "total_transform_index_times": [],
  "total_transform_processing_times": [],
  "total_transform_throughput": []
 },
 "workload-revision": "32d8806",
 "test_procedure": "append-no-conflicts",
 "workload-params": {
  "bulk_indexing_clients": 70,
  "bulk_size": 10000
 }
}