{
 "benchmark-version": "2.0.0",
 "benchmark-revision": null,
 "environment": "local",
 "test-run-id": "2ac3e017-5f4b-4ea1-841f-437475f5e211",
 "test-run-timestamp": "20251008T101129Z",
 "pipeline": "benchmark-only",
 "user-tags": {},
 "workload": "nyc_taxis",
 "cluster-config-instance": [
  "external"
 ],
 "cluster": {
  "revision": "8ff7c6ee924a49f0f59f80a6e1c73073c8904214",
  "distribution-version": "3.1.0",
  "distribution-flavor": "oss",
  "cluster-config-revision": null
 },
 "results": {
  "op_metrics": [
   {
    "task": "index",
    "operation": "index",
    "throughput": {
     "min": 367206.08077602193,
     "mean": 376570.8842873734,
     "median": 375860.9254875738,
     "max": 388705.8332418627,
     "unit": "docs/s"
    },
    "latency": {
     "50_0": 1799.2381320000277,
     "90_0": 3047.762784000952,
     "99_0": 3725.918474997162,
     "99_9": 4477.455146600271,
     "100_0": 5313.015961000929,
     "mean": 1892.951116241386,
     "unit": "ms"
    },
    "service_time": {
     "50_0": 1799.2381320000277,
     "90_0": 3047.762784000952,
     "99_0": 3725.918474997162,
     "99_9": 4477.455146600271,
     "100_0": 5313.015961000929,
     "mean": 1892.951116241386,
     "unit": "ms"
    },
    "client_processing_time": {
     "50_0": 1.3059999982942827,
     "90_0": 1.5107670005818363,
     "99_0": 8.38269180239878,
     "99_9": 47.853128081187855,
     "100_0": 86.17802700246102,
     "mean": 1.6676940017228004,
     "unit": "ms"
    },
    "processing_time": {
     "50_0": 1807.6218940004765,
     "90_0": 3057.1037779991457,
     "99_0": 3758.4244278004926,
     "99_9": 4480.455480520335,
     "100_0": 5384.437131000595,
     "mean": 1900.2080596217904,
     "unit": "ms"
    },
    "error_rate": 0.0,
    "duration": 448189.8054310004
   }
  ],
  "correctness_metrics": [
   {
    "task": "index",
    "operation": "index",
    "recall@k": {},
    "recall@1": {},
    "error_rate": 0.0,
    "duration": 448189.8054310004
   }
  ],
  "profile_metrics": [],
  "total_time": 22359764,
  "total_time_per_shard": {
   "min": 3,
   "median": 10931974,
   "max": 11427787,
   "unit": "ms"
  },
  "indexing_throttle_time": 67275,
  "indexing_throttle_time_per_shard": {
   "min": 0,
   "median": 28059,
   "max": 39216,
   "unit": "ms"
  },
  "merge_time": 4173413,
  "merge_time_per_shard": {
   "min": 0,
   "median": 2073129,
   "max": 2100284,
   "unit": "ms"
  },
  "merge_count": 914,
  "refresh_time": 85968,
  "refresh_time_per_shard": {
   "min": 19,
   "median": 42883,
   "max": 43066,
   "unit": "ms"
  },
  "refresh_count": 144,
  "flush_time": 268895,
  "flush_time_per_shard": {
   "min": 0,
   "median": 131208,
   "max": 137687,
   "unit": "ms"
  },
  "flush_count": 95,
  "merge_throttle_time": 30925,
  "merge_throttle_time_per_shard": {
   "min": 0,
   "median": 10255,
   "max": 20670,
   "unit": "ms"
  },
  "ml_processing_time": [],
  "young_gc_time": 42490,
  "young_gc_count": 2342,
  "old_gc_time": 0,
  "old_gc_count": 0,
  "memory_segments": 0,
  "memory_doc_values": 0,
  "memory_terms": 0,
  "memory_norms": 0,
  "memory_points": 0,
  "memory_stored_fields": 0,
  "store_size": 67056455514,
  "translog_size": 793923824,
  "segment_count": 388,
  "total_transform_search_times": [],
  "total_transform_index_times": [],
  "total_transform_processing_times": [],
  "total_transform_throughput": []
 },
 "workload-revision": "32d8806",
 "test_procedure": "append-no-conflicts",
 "workload-params": {
  "bulk_indexing_clients": 70,
  "bulk_size": 10000
 }
}