{
  "test_run_id": "4ff0cd8b-ec93-4349-bf04-c08791d6d3f6",
  "throughput": {
    "min": 368767.8906397094,
    "mean": 378844.9865700767,
    "median": 378556.73474414984,
    "max": 390078.65458864946,
    "unit": "docs/s"
  },
  "latency": {
    "50_0": 1815.9524314996816,
    "90_0": 2962.1485195002606,
    "99_0": 4332.4834194525465,
    "99_9": 4769.304669453527,
    "100_0": 5972.268212000927,
    "mean": 1922.6123886564728,
    "unit": "ms"
  },
  "service_time": {
    "50_0": 1815.9524314996816,
    "90_0": 2962.1485195002606,
    "99_0": 4332.4834194525465,
    "99_9": 4769.304669453527,
    "100_0": 5972.268212000927,
    "mean": 1922.6123886564728,
    "unit": "ms"
  },
  "error_rate": 0.0
}
