{
 "benchmark-version": "2.0.0",
 "benchmark-revision": null,
 "environment": "local",
 "test-run-id": "fe63d643-1d13-45fe-9322-a20d1fe5e223",
 "test-run-timestamp": "20251008T090220Z",
 "pipeline": "benchmark-only",
 "user-tags": {},
 "workload": "nyc_taxis",
 "cluster-config-instance": [
  "external"
 ],
 "cluster": {
  "revision": "8ff7c6ee924a49f0f59f80a6e1c73073c8904214",
  "distribution-version": "3.1.0",
  "distribution-flavor": "oss",
  "cluster-config-revision": null
 },
 "results": {
  "op_metrics": [
   {
    "task": "index",
    "operation": "index",
    "throughput": {
     "min": 362381.8581984415,
     "mean": 374692.1011426402,
     "median": 374874.3300391661,
     "max": 390521.4483676223,
     "unit": "docs/s"
    },
    "latency": {
     "50_0": 1823.7659010010248,
     "90_0": 3335.1673779998237,
     "99_0": 4198.462814100459,
     "99_9": 4933.966199540811,
     "100_0": 5199.335044000691,
     "mean": 1979.4915971353691,
     "unit": "ms"
    },
    "service_time": {
     "50_0": 1823.7659010010248,
     "90_0": 3335.1673779998237,
     "99_0": 4198.462814100459,
     "99_9": 4933.966199540811,
     "100_0": 5199.335044000691,
     "mean": 1979.4915971353691,
     "unit": "ms"
    },
    "client_processing_time": {
     "50_0": 1.299105000725831,
     "90_0": 1.5019699985714396,
     "99_0": 7.521724298931078,
     "99_9": 46.35090817087997,
     "100_0": 88.457235999158,
     "mean": 1.5821618097808534,
     "unit": "ms"
    },
    "processing_time": {
     "50_0": 1832.599356001083,
     "90_0": 3344.0040499990573,
     "99_0": 4211.120455600394,
     "99_9": 4943.2175124702735,
     "100_0": 5204.202300999896,
     "mean": 1987.033868243122,
     "unit": "ms"
    },
    "error_rate": 0.0,
    "duration": 454707.6933290009
   }
  ],
  "correctness_metrics": [
   {
    "task": "index",
    "operation": "index",
    "recall@k": {},
    "recall@1": {},
    "error_rate": 0.0,
    "duration": 454707.6933290009
   }
  ],
  "profile_metrics": [],
  "total_time": 22330581,
  "total_time_per_shard": {
   "min": 3,
   "median": 11058089,
   "max": 11272489,
   "unit": "ms"
  },
  "indexing_throttle_time": 75483,
  "indexing_throttle_time_per_shard": {
   "min": 0,
   "median": 35194,
   "max": 40289,
   "unit": "ms"
  },
  "merge_time": 4088189,
  "merge_time_per_shard": {
   "min": 0,
   "median": 2028871,
   "max": 2059318,
   "unit": "ms"
  },
  "merge_count": 920,
  "refresh_time": 106349,
  "refresh_time_per_shard": {
   "min": 13,
   "median": 50360,
   "max": 55976,
   "unit": "ms"
  },
  "refresh_count": 139,
  "flush_time": 279830,
  "flush_time_per_shard": {
   "min": 0,
   "median": 136234,
   "max": 143596,
   "unit": "ms"
  },
  "flush_count": 91,
  "merge_throttle_time": 25703,
  "merge_throttle_time_per_shard": {
   "min": 0,
   "median": 12175,
   "max": 13528,
   "unit": "ms"
  },
  "ml_processing_time": [],
  "young_gc_time": 32481,
  "young_gc_count": 1539,
  "old_gc_time": 0,
  "old_gc_count": 0,
  "memory_segments": 0,
  "memory_doc_values": 0,
  "memory_terms": 0,
  "memory_norms": 0,
  "memory_points": 0,
  "memory_stored_fields": 0,
  "store_size": 73137299669,
  "translog_size": 1643387445,
  "segment_count": 355,
  "total_transform_search_times": [],
  "total_transform_index_times": [],
  "total_transform_processing_times": [],
  "total_transform_throughput": []
 },
 "workload-revision": "32d8806",
 "test_procedure": "append-no-conflicts",
 "workload-params": {
  "bulk_indexing_clients": 70,
  "bulk_size": 10000
 }
}