{
 "benchmark-version": "2.0.0",
 "benchmark-revision": null,
 "environment": "local",
 "test-run-id": "7253a519-54b5-48d6-a6bb-4ebad3474eac",
 "test-run-timestamp": "20251008T102146Z",
 "pipeline": "benchmark-only",
 "user-tags": {},
 "workload": "nyc_taxis",
 "cluster-config-instance": [
  "external"
 ],
 "cluster": {
  "revision": "8ff7c6ee924a49f0f59f80a6e1c73073c8904214",
  "distribution-version": "3.1.0",
  "distribution-flavor": "oss",
  "cluster-config-revision": null
 },
 "results": {
  "op_metrics": [
   {
    "task": "index",
    "operation": "index",
    "throughput": {
     "min": 354679.42455186293,
     "mean": 362407.7584733291,
     "median": 361700.71112494625,
     "max": 369700.8682362461,
     "unit": "docs/s"
    },
    "latency": {
     "50_0": 1864.4176090001565,
     "90_0": 3089.4714130994544,
     "99_0": 3819.26988730087,
     "99_9": 4877.984579959189,
     "100_0": 5608.488886002306,
     "mean": 1966.9989276171393,
     "unit": "ms"
    },
    "service_time": {
     "50_0": 1864.4176090001565,
     "90_0": 3089.4714130994544,
     "99_0": 3819.26988730087,
     "99_9": 4877.984579959189,
     "100_0": 5608.488886002306,
     "mean": 1966.9989276171393,
     "unit": "ms"
    },
    "client_processing_time": {
     "50_0": 1.3070980003249133,
     "90_0": 1.492769601100008,
     "99_0": 6.8769233893908455,
     "99_9": 69.28901535492817,
     "100_0": 123.77652200302691,
     "mean": 1.6490128346184127,
     "unit": "ms"
    },
    "processing_time": {
     "50_0": 1873.7844435017905,
     "90_0": 3095.4300846005935,
     "99_0": 3845.6599000197816,
     "99_9": 4882.380085113005,
     "100_0": 5611.637909001729,
     "mean": 1973.5661695435986,
     "unit": "ms"
    },
    "error_rate": 0.0,
    "duration": 462465.4785120001
   }
  ],
  "correctness_metrics": [
   {
    "task": "index",
    "operation": "index",
    "recall@k": {},
    "recall@1": {},
    "error_rate": 0.0,
    "duration": 462465.4785120001
   }
  ],
  "profile_metrics": [],
  "total_time": 24985619,
  "total_time_per_shard": {
   "min": 756,
   "median": 12290392,
   "max": 12694471,
   "unit": "ms"
  },
  "indexing_throttle_time": 85653,
  "indexing_throttle_time_per_shard": {
   "min": 0,
   "median": 41090,
   "max": 44563,
   "unit": "ms"
  },
  "merge_time": 4105148,
  "merge_time_per_shard": {
   "min": 63,
   "median": 2035756,
   "max": 2069329,
   "unit": "ms"
  },
  "merge_count": 940,
  "refresh_time": 84286,
  "refresh_time_per_shard": {
   "min": 695,
   "median": 40578,
   "max": 43013,
   "unit": "ms"
  },
  "refresh_count": 149,
  "flush_time": 244102,
  "flush_time_per_shard": {
   "min": 0,
   "median": 119340,
   "max": 124762,
   "unit": "ms"
  },
  "flush_count": 95,
  "merge_throttle_time": 47986,
  "merge_throttle_time_per_shard": {
   "min": 0,
   "median": 10150,
   "max": 37836,
   "unit": "ms"
  },
  "ml_processing_time": [],
  "young_gc_time": 51975,
  "young_gc_count": 3006,
  "old_gc_time": 0,
  "old_gc_count": 0,
  "memory_segments": 0,
  "memory_doc_values": 0,
  "memory_terms": 0,
  "memory_norms": 0,
  "memory_points": 0,
  "memory_stored_fields": 0,
  "store_size": 73402429314,
  "translog_size": 2720943049,
  "segment_count": 389,
  "total_transform_search_times": [],
  "total_transform_index_times": [],
  "total_transform_processing_times": [],
  "total_transform_throughput": []
 },
 "workload-revision": "32d8806",
 "test_procedure": "append-no-conflicts",
 "workload-params": {
  "bulk_indexing_clients": 70,
  "bulk_size": 10000
 }
}