{
  "test_run_id": "7253a519-54b5-48d6-a6bb-4ebad3474eac",
  "throughput": {
    "min": 354679.42455186293,
    "mean": 362407.7584733291,
    "median": 361700.71112494625,
    "max": 369700.8682362461,
    "unit": "docs/s"
  },
  "latency": {
    "50_0": 1864.4176090001565,
    "90_0": 3089.4714130994544,
    "99_0": 3819.26988730087,
    "99_9": 4877.984579959189,
    "100_0": 5608.488886002306,
    "mean": 1966.9989276171393,
    "unit": "ms"
  },
  "service_time": {
    "50_0": 1864.4176090001565,
    "90_0": 3089.4714130994544,
    "99_0": 3819.26988730087,
    "99_9": 4877.984579959189,
    "100_0": 5608.488886002306,
    "mean": 1966.9989276171393,
    "unit": "ms"
  },
  "error_rate": 0.0
}
