{
  "test_run_id": "7b719d25-2321-485f-8a05-cf633e70f692",
  "throughput": {
    "min": 363152.11703125807,
    "mean": 373343.8863505037,
    "median": 374926.76134842355,
    "max": 384614.42777941626,
    "unit": "docs/s"
  },
  "latency": {
    "50_0": 1862.45003699878,
    "90_0": 3079.5735844003507,
    "99_0": 3787.1690217206183,
    "99_9": 4404.879688424402,
    "100_0": 5364.011907000531,
    "mean": 1951.0539872410054,
    "unit": "ms"
  },
  "service_time": {
    "50_0": 1862.45003699878,
    "90_0": 3079.5735844003507,
    "99_0": 3787.1690217206183,
    "99_9": 4404.879688424402,
    "100_0": 5364.011907000531,
    "mean": 1951.0539872410054,
    "unit": "ms"
  },
  "error_rate": 0.0
}
