{
 "benchmark-version": "2.0.0",
 "benchmark-revision": null,
 "environment": "local",
 "test-run-id": "7b719d25-2321-485f-8a05-cf633e70f692",
 "test-run-timestamp": "20251008T104628Z",
 "pipeline": "benchmark-only",
 "user-tags": {},
 "workload": "nyc_taxis",
 "cluster-config-instance": [
  "external"
 ],
 "cluster": {
  "revision": "8ff7c6ee924a49f0f59f80a6e1c73073c8904214",
  "distribution-version": "3.1.0",
  "distribution-flavor": "oss",
  "cluster-config-revision": null
 },
 "results": {
  "op_metrics": [
   {
    "task": "index",
    "operation": "index",
    "throughput": {
     "min": 363152.11703125807,
     "mean": 373343.8863505037,
     "median": 374926.76134842355,
     "max": 384614.42777941626,
     "unit": "docs/s"
    },
    "latency": {
     "50_0": 1862.45003699878,
     "90_0": 3079.5735844003507,
     "99_0": 3787.1690217206183,
     "99_9": 4404.879688424402,
     "100_0": 5364.011907000531,
     "mean": 1951.0539872410054,
     "unit": "ms"
    },
    "service_time": {
     "50_0": 1862.45003699878,
     "90_0": 3079.5735844003507,
     "99_0": 3787.1690217206183,
     "99_9": 4404.879688424402,
     "100_0": 5364.011907000531,
     "mean": 1951.0539872410054,
     "unit": "ms"
    },
    "client_processing_time": {
     "50_0": 1.3053830007265788,
     "90_0": 1.4711100011481903,
     "99_0": 5.92684647883286,
     "99_9": 43.948397183063236,
     "100_0": 77.89701100045932,
     "mean": 1.500624088980528,
     "unit": "ms"
    },
    "processing_time": {
     "50_0": 1868.081226002687,
     "90_0": 3084.8937067989027,
     "99_0": 3799.087566920933,
     "99_9": 4407.752093201672,
     "100_0": 5367.016478998266,
     "mean": 1956.2902046293132,
     "unit": "ms"
    },
    "error_rate": 0.0,
    "duration": 453787.30273999827
   }
  ],
  "correctness_metrics": [
   {
    "task": "index",
    "operation": "index",
    "recall@k": {},
    "recall@1": {},
    "error_rate": 0.0,
    "duration": 453787.30273999827
   }
  ],
  "profile_metrics": [],
  "total_time": 24058860,
  "total_time_per_shard": {
   "min": 5,
   "median": 11885711,
   "max": 12173144,
   "unit": "ms"
  },
  "indexing_throttle_time": 87428,
  "indexing_throttle_time_per_shard": {
   "min": 0,
   "median": 43526,
   "max": 43902,
   "unit": "ms"
  },
  "merge_time": 4406364,
  "merge_time_per_shard": {
   "min": 0,
   "median": 2110831,
   "max": 2295533,
   "unit": "ms"
  },
  "merge_count": 974,
  "refresh_time": 77240,
  "refresh_time_per_shard": {
   "min": 24,
   "median": 37119,
   "max": 40097,
   "unit": "ms"
  },
  "refresh_count": 148,
  "flush_time": 246954,
  "flush_time_per_shard": {
   "min": 0,
   "median": 116581,
   "max": 130373,
   "unit": "ms"
  },
  "flush_count": 98,
  "merge_throttle_time": 19674,
  "merge_throttle_time_per_shard": {
   "min": 0,
   "median": 7382,
   "max": 12292,
   "unit": "ms"
  },
  "ml_processing_time": [],
  "young_gc_time": 50384,
  "young_gc_count": 3083,
  "old_gc_time": 0,
  "old_gc_count": 0,
  "memory_segments": 0,
  "memory_doc_values": 0,
  "memory_terms": 0,
  "memory_norms": 0,
  "memory_points": 0,
  "memory_stored_fields": 0,
  "store_size": 73200659930,
  "translog_size": 2876487953,
  "segment_count": 430,
  "total_transform_search_times": [],
  "total_transform_index_times": [],
  "total_transform_processing_times": [],
  "total_transform_throughput": []
 },
 "workload-revision": "32d8806",
 "test_procedure": "append-no-conflicts",
 "workload-params": {
  "bulk_indexing_clients": 70,
  "bulk_size": 10000
 }
}