{
  "test_run_id": "33f0b957-a0f7-419c-a376-8242d365960f",
  "throughput": {
    "min": 360468.74438754056,
    "mean": 369560.8847313752,
    "median": 367859.3025360897,
    "max": 384009.7252279963,
    "unit": "docs/s"
  },
  "latency": {
    "50_0": 2082.9296160009108,
    "90_0": 3664.234247602144,
    "99_0": 4749.40704814042,
    "99_9": 5478.4054082005005,
    "100_0": 6502.365882999584,
    "mean": 2253.478810817204,
    "unit": "ms"
  },
  "service_time": {
    "50_0": 2082.9296160009108,
    "90_0": 3664.234247602144,
    "99_0": 4749.40704814042,
    "99_9": 5478.4054082005005,
    "100_0": 6502.365882999584,
    "mean": 2253.478810817204,
    "unit": "ms"
  },
  "error_rate": 0.0
}
