{
  "test_run_id": "6faacdd8-42df-41c5-a8f8-1809c2e85d4f",
  "throughput": {
    "min": 358469.74548240565,
    "mean": 372036.3006016086,
    "median": 371161.2725554814,
    "max": 386661.11360567866,
    "unit": "docs/s"
  },
  "latency": {
    "50_0": 2209.512227000232,
    "90_0": 3608.534964000137,
    "99_0": 4683.2715008397645,
    "99_9": 5234.172211421833,
    "100_0": 5764.0891400005785,
    "mean": 2288.559798436536,
    "unit": "ms"
  },
  "service_time": {
    "50_0": 2209.512227000232,
    "90_0": 3608.534964000137,
    "99_0": 4683.2715008397645,
    "99_9": 5234.172211421833,
    "100_0": 5764.0891400005785,
    "mean": 2288.559798436536,
    "unit": "ms"
  },
  "error_rate": 0.0
}
