{
 "benchmark-version": "2.0.0",
 "benchmark-revision": null,
 "environment": "local",
 "test-run-id": "c7dcdaf9-7793-4e7b-88f8-f3554967ed01",
 "test-run-timestamp": "20251008T121047Z",
 "pipeline": "benchmark-only",
 "user-tags": {},
 "workload": "nyc_taxis",
 "cluster-config-instance": [
  "external"
 ],
 "cluster": {
  "revision": "8ff7c6ee924a49f0f59f80a6e1c73073c8904214",
  "distribution-version": "3.1.0",
  "distribution-flavor": "oss",
  "cluster-config-revision": null
 },
 "results": {
  "op_metrics": [
   {
    "task": "index",
    "operation": "index",
    "throughput": {
     "min": 339214.3903294889,
     "mean": 348352.62850306876,
     "median": 347496.18951243476,
     "max": 361621.32800144167,
     "unit": "docs/s"
    },
    "latency": {
     "50_0": 2347.1526649991574,
     "90_0": 3613.0936098987154,
     "99_0": 4698.03459830968,
     "99_9": 5281.5597945118025,
     "100_0": 5508.3694940003625,
     "mean": 2399.160667093881,
     "unit": "ms"
    },
    "service_time": {
     "50_0": 2347.1526649991574,
     "90_0": 3613.0936098987154,
     "99_0": 4698.03459830968,
     "99_9": 5281.5597945118025,
     "100_0": 5508.3694940003625,
     "mean": 2399.160667093881,
     "unit": "ms"
    },
    "client_processing_time": {
     "50_0": 1.3075550014036708,
     "90_0": 1.5565115001663807,
     "99_0": 6.63608871047473,
     "99_9": 43.96310291605209,
     "100_0": 86.9565130014962,
     "mean": 1.4587813504799463,
     "unit": "ms"
    },
    "processing_time": {
     "50_0": 2357.7285624996875,
     "90_0": 3623.416792397621,
     "99_0": 4701.306988172003,
     "99_9": 5307.452681834842,
     "100_0": 5511.4210120009375,
     "mean": 2407.206118166769,
     "unit": "ms"
    },
    "error_rate": 0.0,
    "duration": 482794.4914050022
   }
  ],
  "correctness_metrics": [
   {
    "task": "index",
    "operation": "index",
    "recall@k": {},
    "recall@1": {},
    "error_rate": 0.0,
    "duration": 482794.4914050022
   }
  ],
  "profile_metrics": [],
  "total_time": 28878391,
  "total_time_per_shard": {
   "min": 59,
   "median": 14305186,
   "max": 14573146,
   "unit": "ms"
  },
  "indexing_throttle_time": 101908,
  "indexing_throttle_time_per_shard": {
   "min": 0,
   "median": 49233,
   "max": 52675,
   "unit": "ms"
  },
  "merge_time": 4391708,
  "merge_time_per_shard": {
   "min": 41,
   "median": 2124231,
   "max": 2267436,
   "unit": "ms"
  },
  "merge_count": 1023,
  "refresh_time": 88705,
  "refresh_time_per_shard": {
   "min": 275,
   "median": 43248,
   "max": 45182,
   "unit": "ms"
  },
  "refresh_count": 148,
  "flush_time": 275903,
  "flush_time_per_shard": {
   "min": 0,
   "median": 132101,
   "max": 143802,
   "unit": "ms"
  },
  "flush_count": 94,
  "merge_throttle_time": 41508,
  "merge_throttle_time_per_shard": {
   "min": 0,
   "median": 17761,
   "max": 23747,
   "unit": "ms"
  },
  "ml_processing_time": [],
  "young_gc_time": 42993,
  "young_gc_count": 2003,
  "old_gc_time": 0,
  "old_gc_count": 0,
  "memory_segments": 0,
  "memory_doc_values": 0,
  "memory_terms": 0,
  "memory_norms": 0,
  "memory_points": 0,
  "memory_stored_fields": 0,
  "store_size": 72456333321,
  "translog_size": 1756781895,
  "segment_count": 380,
  "total_transform_search_times": [],
  "total_transform_index_times": [],
  "total_transform_processing_times": [],
  "total_transform_throughput": []
 },
 "workload-revision": "32d8806",
 "test_procedure": "append-no-conflicts",
 "workload-params": {
  "bulk_indexing_clients": 80,
  "bulk_size": 10000
 }
}