{
 "benchmark-version": "2.0.0",
 "benchmark-revision": null,
 "environment": "local",
 "test-run-id": "e2fbd674-4680-4654-a035-9d27bf025e65",
 "test-run-timestamp": "20251008T130323Z",
 "pipeline": "benchmark-only",
 "user-tags": {},
 "workload": "nyc_taxis",
 "cluster-config-instance": [
  "external"
 ],
 "cluster": {
  "revision": "8ff7c6ee924a49f0f59f80a6e1c73073c8904214",
  "distribution-version": "3.1.0",
  "distribution-flavor": "oss",
  "cluster-config-revision": null
 },
 "results": {
  "op_metrics": [
   {
    "task": "index",
    "operation": "index",
    "throughput": {
     "min": 354684.89177729015,
     "mean": 364039.47009276965,
     "median": 363733.15465828945,
     "max": 379183.93805712525,
     "unit": "docs/s"
    },
    "latency": {
     "50_0": 2231.7608810008096,
     "90_0": 3472.785758699319,
     "99_0": 4834.012872718918,
     "99_9": 5768.9088922070605,
     "100_0": 7610.138910000387,
     "mean": 2310.266454772003,
     "unit": "ms"
    },
    "service_time": {
     "50_0": 2231.7608810008096,
     "90_0": 3472.785758699319,
     "99_0": 4834.012872718918,
     "99_9": 5768.9088922070605,
     "100_0": 7610.138910000387,
     "mean": 2310.266454772003,
     "unit": "ms"
    },
    "client_processing_time": {
     "50_0": 1.3081599990982795,
     "90_0": 1.5265905993146587,
     "99_0": 7.163703891565091,
     "99_9": 44.66828295577956,
     "100_0": 101.62808899985976,
     "mean": 1.4778419576124209,
     "unit": "ms"
    },
    "processing_time": {
     "50_0": 2243.146340499152,
     "90_0": 3479.4207041002664,
     "99_0": 4836.973866850199,
     "99_9": 5771.849200865943,
     "100_0": 7649.742625999352,
     "mean": 2319.4894708350116,
     "unit": "ms"
    },
    "error_rate": 0.0,
    "duration": 463731.22457499994
   }
  ],
  "correctness_metrics": [
   {
    "task": "index",
    "operation": "index",
    "recall@k": {},
    "recall@1": {},
    "error_rate": 0.0,
    "duration": 463731.22457499994
   }
  ],
  "profile_metrics": [],
  "total_time": 28047473,
  "total_time_per_shard": {
   "min": 4,
   "median": 13774312,
   "max": 14273157,
   "unit": "ms"
  },
  "indexing_throttle_time": 106903,
  "indexing_throttle_time_per_shard": {
   "min": 0,
   "median": 52409,
   "max": 54494,
   "unit": "ms"
  },
  "merge_time": 4599382,
  "merge_time_per_shard": {
   "min": 8,
   "median": 2243617,
   "max": 2355757,
   "unit": "ms"
  },
  "merge_count": 985,
  "refresh_time": 84413,
  "refresh_time_per_shard": {
   "min": 42,
   "median": 39237,
   "max": 45134,
   "unit": "ms"
  },
  "refresh_count": 148,
  "flush_time": 272601,
  "flush_time_per_shard": {
   "min": 27,
   "median": 130881,
   "max": 141693,
   "unit": "ms"
  },
  "flush_count": 96,
  "merge_throttle_time": 22721,
  "merge_throttle_time_per_shard": {
   "min": 0,
   "median": 8751,
   "max": 13970,
   "unit": "ms"
  },
  "ml_processing_time": [],
  "young_gc_time": 44767,
  "young_gc_count": 2392,
  "old_gc_time": 0,
  "old_gc_count": 0,
  "memory_segments": 0,
  "memory_doc_values": 0,
  "memory_terms": 0,
  "memory_norms": 0,
  "memory_points": 0,
  "memory_stored_fields": 0,
  "store_size": 69687002611,
  "translog_size": 2739433272,
  "segment_count": 434,
  "total_transform_search_times": [],
  "total_transform_index_times": [],
  "total_transform_processing_times": [],
  "total_transform_throughput": []
 },
 "workload-revision": "32d8806",
 "test_procedure": "append-no-conflicts",
 "workload-params": {
  "bulk_indexing_clients": 80,
  "bulk_size": 10000
 }
}