{
  "test_run_id": "0defe7f3-f4df-45fb-947f-a5e2149fe63b",
  "throughput": {
    "min": 357571.18940078624,
    "mean": 369546.1543661082,
    "median": 368386.5507151583,
    "max": 384870.2203948639,
    "unit": "docs/s"
  },
  "latency": {
    "50_0": 2269.408429001487,
    "90_0": 3496.5679528009787,
    "99_0": 4307.067049880134,
    "99_9": 4689.429256799278,
    "100_0": 6338.1744690013875,
    "mean": 2295.31330800626,
    "unit": "ms"
  },
  "service_time": {
    "50_0": 2269.408429001487,
    "90_0": 3496.5679528009787,
    "99_0": 4307.067049880134,
    "99_9": 4689.429256799278,
    "100_0": 6338.1744690013875,
    "mean": 2295.31330800626,
    "unit": "ms"
  },
  "error_rate": 0.0
}
