{
 "benchmark-version": "2.0.0",
 "benchmark-revision": null,
 "environment": "local",
 "test-run-id": "5523524b-d0b4-4375-9c7f-59b34bce9473",
 "test-run-timestamp": "20251008T113522Z",
 "pipeline": "benchmark-only",
 "user-tags": {},
 "workload": "nyc_taxis",
 "cluster-config-instance": [
  "external"
 ],
 "cluster": {
  "revision": "8ff7c6ee924a49f0f59f80a6e1c73073c8904214",
  "distribution-version": "3.1.0",
  "distribution-flavor": "oss",
  "cluster-config-revision": null
 },
 "results": {
  "op_metrics": [
   {
    "task": "index",
    "operation": "index",
    "throughput": {
     "min": 346533.19406591036,
     "mean": 353825.2361441101,
     "median": 352139.371785844,
     "max": 364710.95660447405,
     "unit": "docs/s"
    },
    "latency": {
     "50_0": 2210.8012869975937,
     "90_0": 3783.978898498026,
     "99_0": 5068.2189593383755,
     "99_9": 5582.150659769702,
     "100_0": 6892.045201002475,
     "mean": 2327.6645504160956,
     "unit": "ms"
    },
    "service_time": {
     "50_0": 2210.8012869975937,
     "90_0": 3783.978898498026,
     "99_0": 5068.2189593383755,
     "99_9": 5582.150659769702,
     "100_0": 6892.045201002475,
     "mean": 2327.6645504160956,
     "unit": "ms"
    },
    "client_processing_time": {
     "50_0": 1.3024510008108336,
     "90_0": 1.5421828993567035,
     "99_0": 6.949019179410243,
     "99_9": 45.282441996216555,
     "100_0": 82.63427600104478,
     "mean": 1.4583901642473671,
     "unit": "ms"
    },
    "processing_time": {
     "50_0": 2219.473395502064,
     "90_0": 3789.7465821020887,
     "99_0": 5081.593952850272,
     "99_9": 5585.2313613728775,
     "100_0": 6893.892980999226,
     "mean": 2335.786988248947,
     "unit": "ms"
    },
    "error_rate": 0.0,
    "duration": 472710.5090670011
   }
  ],
  "correctness_metrics": [
   {
    "task": "index",
    "operation": "index",
    "recall@k": {},
    "recall@1": {},
    "error_rate": 0.0,
    "duration": 472710.5090670011
   }
  ],
  "profile_metrics": [],
  "total_time": 27315172,
  "total_time_per_shard": {
   "min": 13200935,
   "median": 13657586.0,
   "max": 14114237,
   "unit": "ms"
  },
  "indexing_throttle_time": 87803,
  "indexing_throttle_time_per_shard": {
   "min": 43710,
   "median": 43901.5,
   "max": 44093,
   "unit": "ms"
  },
  "merge_time": 4176342,
  "merge_time_per_shard": {
   "min": 2030186,
   "median": 2088171.0,
   "max": 2146156,
   "unit": "ms"
  },
  "merge_count": 979,
  "refresh_time": 93206,
  "refresh_time_per_shard": {
   "min": 45435,
   "median": 46603.0,
   "max": 47771,
   "unit": "ms"
  },
  "refresh_count": 135,
  "flush_time": 270526,
  "flush_time_per_shard": {
   "min": 131040,
   "median": 135263.0,
   "max": 139486,
   "unit": "ms"
  },
  "flush_count": 90,
  "merge_throttle_time": 27712,
  "merge_throttle_time_per_shard": {
   "min": 8562,
   "median": 13856.0,
   "max": 19150,
   "unit": "ms"
  },
  "ml_processing_time": [],
  "young_gc_time": 39692,
  "young_gc_count": 1644,
  "old_gc_time": 0,
  "old_gc_count": 0,
  "memory_segments": 0,
  "memory_doc_values": 0,
  "memory_terms": 0,
  "memory_norms": 0,
  "memory_points": 0,
  "memory_stored_fields": 0,
  "store_size": 71565913787,
  "translog_size": 3399176699,
  "segment_count": 259,
  "total_transform_search_times": [],
  "total_transform_index_times": [],
  "total_transform_processing_times": [],
  "total_transform_throughput": []
 },
 "workload-revision": "32d8806",
 "test_procedure": "append-no-conflicts",
 "workload-params": {
  "bulk_indexing_clients": 80,
  "bulk_size": 10000
 }
}