{
  "test_run_id": "5523524b-d0b4-4375-9c7f-59b34bce9473",
  "throughput": {
    "min": 346533.19406591036,
    "mean": 353825.2361441101,
    "median": 352139.371785844,
    "max": 364710.95660447405,
    "unit": "docs/s"
  },
  "latency": {
    "50_0": 2210.8012869975937,
    "90_0": 3783.978898498026,
    "99_0": 5068.2189593383755,
    "99_9": 5582.150659769702,
    "100_0": 6892.045201002475,
    "mean": 2327.6645504160956,
    "unit": "ms"
  },
  "service_time": {
    "50_0": 2210.8012869975937,
    "90_0": 3783.978898498026,
    "99_0": 5068.2189593383755,
    "99_9": 5582.150659769702,
    "100_0": 6892.045201002475,
    "mean": 2327.6645504160956,
    "unit": "ms"
  },
  "error_rate": 0.0
}
