{
 "benchmark-version": "2.0.0",
 "benchmark-revision": null,
 "environment": "local",
 "test-run-id": "fc260919-7a09-46e1-a568-85e0a4f363b0",
 "test-run-timestamp": "20251008T123606Z",
 "pipeline": "benchmark-only",
 "user-tags": {},
 "workload": "nyc_taxis",
 "cluster-config-instance": [
  "external"
 ],
 "cluster": {
  "revision": "8ff7c6ee924a49f0f59f80a6e1c73073c8904214",
  "distribution-version": "3.1.0",
  "distribution-flavor": "oss",
  "cluster-config-revision": null
 },
 "results": {
  "op_metrics": [
   {
    "task": "index",
    "operation": "index",
    "throughput": {
     "min": 348061.23887298215,
     "mean": 359889.6809756995,
     "median": 359671.87555156485,
     "max": 371929.4047707291,
     "unit": "docs/s"
    },
    "latency": {
     "50_0": 2159.2487070010975,
     "90_0": 3669.7965484010642,
     "99_0": 4444.25371236117,
     "99_9": 6117.476794452188,
     "100_0": 6210.804335998546,
     "mean": 2312.495739569583,
     "unit": "ms"
    },
    "service_time": {
     "50_0": 2159.2487070010975,
     "90_0": 3669.7965484010642,
     "99_0": 4444.25371236117,
     "99_9": 6117.476794452188,
     "100_0": 6210.804335998546,
     "mean": 2312.495739569583,
     "unit": "ms"
    },
    "client_processing_time": {
     "50_0": 1.304391997109633,
     "90_0": 1.532287600275595,
     "99_0": 6.507864341474488,
     "99_9": 60.977935549880236,
     "100_0": 119.98188899815432,
     "mean": 1.5623628341565763,
     "unit": "ms"
    },
    "processing_time": {
     "50_0": 2167.86946999855,
     "90_0": 3678.8826295996846,
     "99_0": 4447.75001512011,
     "99_9": 6122.034474725232,
     "100_0": 6219.151207998948,
     "mean": 2321.0070082779034,
     "unit": "ms"
    },
    "error_rate": 0.0,
    "duration": 472531.9204469997
   }
  ],
  "correctness_metrics": [
   {
    "task": "index",
    "operation": "index",
    "recall@k": {},
    "recall@1": {},
    "error_rate": 0.0,
    "duration": 472531.9204469997
   }
  ],
  "profile_metrics": [],
  "total_time": 28002458,
  "total_time_per_shard": {
   "min": 9,
   "median": 13893272,
   "max": 14109177,
   "unit": "ms"
  },
  "indexing_throttle_time": 97063,
  "indexing_throttle_time_per_shard": {
   "min": 0,
   "median": 45425,
   "max": 51638,
   "unit": "ms"
  },
  "merge_time": 4408718,
  "merge_time_per_shard": {
   "min": 0,
   "median": 2198664,
   "max": 2210054,
   "unit": "ms"
  },
  "merge_count": 980,
  "refresh_time": 94561,
  "refresh_time_per_shard": {
   "min": 27,
   "median": 44883,
   "max": 49651,
   "unit": "ms"
  },
  "refresh_count": 143,
  "flush_time": 280162,
  "flush_time_per_shard": {
   "min": 0,
   "median": 137642,
   "max": 142520,
   "unit": "ms"
  },
  "flush_count": 92,
  "merge_throttle_time": 22465,
  "merge_throttle_time_per_shard": {
   "min": 0,
   "median": 7483,
   "max": 14982,
   "unit": "ms"
  },
  "ml_processing_time": [],
  "young_gc_time": 37920,
  "young_gc_count": 1924,
  "old_gc_time": 0,
  "old_gc_count": 0,
  "memory_segments": 0,
  "memory_doc_values": 0,
  "memory_terms": 0,
  "memory_norms": 0,
  "memory_points": 0,
  "memory_stored_fields": 0,
  "store_size": 69512315353,
  "translog_size": 2017617484,
  "segment_count": 215,
  "total_transform_search_times": [],
  "total_transform_index_times": [],
  "total_transform_processing_times": [],
  "total_transform_throughput": []
 },
 "workload-revision": "32d8806",
 "test_procedure": "append-no-conflicts",
 "workload-params": {
  "bulk_indexing_clients": 80,
  "bulk_size": 10000
 }
}