{
  "test_run_id": "32512710-f7b0-44e6-802c-eb89e8678573",
  "throughput": {
    "min": 352336.34436307766,
    "mean": 363531.21724217624,
    "median": 362854.1551984245,
    "max": 374883.768950621,
    "unit": "docs/s"
  },
  "latency": {
    "50_0": 2208.0699739999545,
    "90_0": 3500.610306997987,
    "99_0": 4953.752971199282,
    "99_9": 5666.831272186669,
    "100_0": 5911.955760999263,
    "mean": 2273.528832682318,
    "unit": "ms"
  },
  "service_time": {
    "50_0": 2208.0699739999545,
    "90_0": 3500.610306997987,
    "99_0": 4953.752971199282,
    "99_9": 5666.831272186669,
    "100_0": 5911.955760999263,
    "mean": 2273.528832682318,
    "unit": "ms"
  },
  "error_rate": 0.0
}
