{
  "test_run_id": "a8aee3b7-5392-4425-948e-29930ba4ff56",
  "throughput": {
    "min": 353203.6165277474,
    "mean": 364099.7700647303,
    "median": 363276.30591420125,
    "max": 377876.1153204231,
    "unit": "docs/s"
  },
  "latency": {
    "50_0": 2269.0310415000567,
    "90_0": 3512.2119360003126,
    "99_0": 4435.006694100047,
    "99_9": 4879.277116240048,
    "100_0": 5443.948452000768,
    "mean": 2292.4355505699905,
    "unit": "ms"
  },
  "service_time": {
    "50_0": 2269.0310415000567,
    "90_0": 3512.2119360003126,
    "99_0": 4435.006694100047,
    "99_9": 4879.277116240048,
    "100_0": 5443.948452000768,
    "mean": 2292.4355505699905,
    "unit": "ms"
  },
  "error_rate": 0.0
}
