{
 "benchmark-version": "2.0.0",
 "benchmark-revision": null,
 "environment": "local",
 "test-run-id": "251c41a7-b71f-494c-87b2-77154480a365",
 "test-run-timestamp": "20251008T133033Z",
 "pipeline": "benchmark-only",
 "user-tags": {},
 "workload": "nyc_taxis",
 "cluster-config-instance": [
  "external"
 ],
 "cluster": {
  "revision": "8ff7c6ee924a49f0f59f80a6e1c73073c8904214",
  "distribution-version": "3.1.0",
  "distribution-flavor": "oss",
  "cluster-config-revision": null
 },
 "results": {
  "op_metrics": [
   {
    "task": "index",
    "operation": "index",
    "throughput": {
     "min": 357101.89200723305,
     "mean": 367859.35358994623,
     "median": 367153.3527343992,
     "max": 382467.7941851377,
     "unit": "docs/s"
    },
    "latency": {
     "50_0": 2238.468332998309,
     "90_0": 3459.1015648016755,
     "99_0": 4846.270713499756,
     "99_9": 5553.815556137307,
     "100_0": 5623.505602998193,
     "mean": 2281.5902270782144,
     "unit": "ms"
    },
    "service_time": {
     "50_0": 2238.468332998309,
     "90_0": 3459.1015648016755,
     "99_0": 4846.270713499756,
     "99_9": 5553.815556137307,
     "100_0": 5623.505602998193,
     "mean": 2281.5902270782144,
     "unit": "ms"
    },
    "client_processing_time": {
     "50_0": 1.3044400002399925,
     "90_0": 1.4808308013016358,
     "99_0": 6.448520018820987,
     "99_9": 45.37714573774451,
     "100_0": 93.3731999975862,
     "mean": 1.4879609708527548,
     "unit": "ms"
    },
    "processing_time": {
     "50_0": 2242.742532998818,
     "90_0": 3469.926410600601,
     "99_0": 4849.252837599336,
     "99_9": 5556.899729736717,
     "100_0": 5626.67482300094,
     "mean": 2288.6047319925933,
     "unit": "ms"
    },
    "error_rate": 0.0,
    "duration": 460553.75028999697
   }
  ],
  "correctness_metrics": [
   {
    "task": "index",
    "operation": "index",
    "recall@k": {},
    "recall@1": {},
    "error_rate": 0.0,
    "duration": 460553.75028999697
   }
  ],
  "profile_metrics": [],
  "total_time": 27588039,
  "total_time_per_shard": {
   "min": 5,
   "median": 13734319,
   "max": 13853715,
   "unit": "ms"
  },
  "indexing_throttle_time": 99488,
  "indexing_throttle_time_per_shard": {
   "min": 0,
   "median": 48494,
   "max": 50994,
   "unit": "ms"
  },
  "merge_time": 4527597,
  "merge_time_per_shard": {
   "min": 0,
   "median": 2238194,
   "max": 2289403,
   "unit": "ms"
  },
  "merge_count": 1025,
  "refresh_time": 87896,
  "refresh_time_per_shard": {
   "min": 29,
   "median": 39472,
   "max": 48395,
   "unit": "ms"
  },
  "refresh_count": 144,
  "flush_time": 259924,
  "flush_time_per_shard": {
   "min": 0,
   "median": 126818,
   "max": 133106,
   "unit": "ms"
  },
  "flush_count": 93,
  "merge_throttle_time": 17827,
  "merge_throttle_time_per_shard": {
   "min": 0,
   "median": 7193,
   "max": 10634,
   "unit": "ms"
  },
  "ml_processing_time": [],
  "young_gc_time": 54465,
  "young_gc_count": 3136,
  "old_gc_time": 0,
  "old_gc_count": 0,
  "memory_segments": 0,
  "memory_doc_values": 0,
  "memory_terms": 0,
  "memory_norms": 0,
  "memory_points": 0,
  "memory_stored_fields": 0,
  "store_size": 72664249421,
  "translog_size": 2397984281,
  "segment_count": 404,
  "total_transform_search_times": [],
  "total_transform_index_times": [],
  "total_transform_processing_times": [],
  "total_transform_throughput": []
 },
 "workload-revision": "32d8806",
 "test_procedure": "append-no-conflicts",
 "workload-params": {
  "bulk_indexing_clients": 80,
  "bulk_size": 10000
 }
}