{
  "test_run_id": "5c2d9707-b979-4133-ba03-63691cf59f44",
  "throughput": {
    "min": 353943.9752400973,
    "mean": 365208.63703650935,
    "median": 365027.8039087264,
    "max": 380599.01362130826,
    "unit": "docs/s"
  },
  "latency": {
    "50_0": 2262.569425998663,
    "90_0": 3682.527976002166,
    "99_0": 4964.6721784808315,
    "99_9": 5459.600787257767,
    "100_0": 5706.110586997966,
    "mean": 2351.8588121735656,
    "unit": "ms"
  },
  "service_time": {
    "50_0": 2262.569425998663,
    "90_0": 3682.527976002166,
    "99_0": 4964.6721784808315,
    "99_9": 5459.600787257767,
    "100_0": 5706.110586997966,
    "mean": 2351.8588121735656,
    "unit": "ms"
  },
  "error_rate": 0.0
}
