{
  "test_run_id": "ca981678-a674-47de-bdbc-6f61cc22a89d",
  "throughput": {
    "min": 345736.4270458375,
    "mean": 353477.2337018958,
    "median": 354207.81124977337,
    "max": 358513.138969317,
    "unit": "docs/s"
  },
  "latency": {
    "50_0": 2138.1675789998553,
    "90_0": 3509.6530924995022,
    "99_0": 4980.880721280155,
    "99_9": 5389.302804277474,
    "100_0": 6366.619200998684,
    "mean": 2264.0982583882032,
    "unit": "ms"
  },
  "service_time": {
    "50_0": 2138.1675789998553,
    "90_0": 3509.6530924995022,
    "99_0": 4980.880721280155,
    "99_9": 5389.302804277474,
    "100_0": 6366.619200998684,
    "mean": 2264.0982583882032,
    "unit": "ms"
  },
  "error_rate": 0.0
}
