{
 "benchmark-version": "2.0.0",
 "benchmark-revision": null,
 "environment": "local",
 "test-run-id": "5c2d9707-b979-4133-ba03-63691cf59f44",
 "test-run-timestamp": "20251008T133848Z",
 "pipeline": "benchmark-only",
 "user-tags": {},
 "workload": "nyc_taxis",
 "cluster-config-instance": [
  "external"
 ],
 "cluster": {
  "revision": "8ff7c6ee924a49f0f59f80a6e1c73073c8904214",
  "distribution-version": "3.1.0",
  "distribution-flavor": "oss",
  "cluster-config-revision": null
 },
 "results": {
  "op_metrics": [
   {
    "task": "index",
    "operation": "index",
    "throughput": {
     "min": 353943.9752400973,
     "mean": 365208.63703650935,
     "median": 365027.8039087264,
     "max": 380599.01362130826,
     "unit": "docs/s"
    },
    "latency": {
     "50_0": 2262.569425998663,
     "90_0": 3682.527976002166,
     "99_0": 4964.6721784808315,
     "99_9": 5459.600787257767,
     "100_0": 5706.110586997966,
     "mean": 2351.8588121735656,
     "unit": "ms"
    },
    "service_time": {
     "50_0": 2262.569425998663,
     "90_0": 3682.527976002166,
     "99_0": 4964.6721784808315,
     "99_9": 5459.600787257767,
     "100_0": 5706.110586997966,
     "mean": 2351.8588121735656,
     "unit": "ms"
    },
    "client_processing_time": {
     "50_0": 1.3123440003255382,
     "90_0": 1.5325979984481823,
     "99_0": 6.737434760143503,
     "99_9": 51.187714388172594,
     "100_0": 86.02701100244303,
     "mean": 1.5427682941464294,
     "unit": "ms"
    },
    "processing_time": {
     "50_0": 2272.848935001093,
     "90_0": 3691.209439598606,
     "99_0": 4969.547346039325,
     "99_9": 5465.535792280639,
     "100_0": 5711.321146001865,
     "mean": 2358.9152165481887,
     "unit": "ms"
    },
    "error_rate": 0.0,
    "duration": 464532.5045280006
   }
  ],
  "correctness_metrics": [
   {
    "task": "index",
    "operation": "index",
    "recall@k": {},
    "recall@1": {},
    "error_rate": 0.0,
    "duration": 464532.5045280006
   }
  ],
  "profile_metrics": [],
  "total_time": 27422384,
  "total_time_per_shard": {
   "min": 6,
   "median": 13367672,
   "max": 14054706,
   "unit": "ms"
  },
  "indexing_throttle_time": 91421,
  "indexing_throttle_time_per_shard": {
   "min": 0,
   "median": 44516,
   "max": 46905,
   "unit": "ms"
  },
  "merge_time": 4475405,
  "merge_time_per_shard": {
   "min": 8,
   "median": 2156901,
   "max": 2318496,
   "unit": "ms"
  },
  "merge_count": 1005,
  "refresh_time": 89255,
  "refresh_time_per_shard": {
   "min": 28,
   "median": 41830,
   "max": 47397,
   "unit": "ms"
  },
  "refresh_count": 147,
  "flush_time": 271881,
  "flush_time_per_shard": {
   "min": 24,
   "median": 135076,
   "max": 136781,
   "unit": "ms"
  },
  "flush_count": 95,
  "merge_throttle_time": 18872,
  "merge_throttle_time_per_shard": {
   "min": 0,
   "median": 7795,
   "max": 11077,
   "unit": "ms"
  },
  "ml_processing_time": [],
  "young_gc_time": 52759,
  "young_gc_count": 3114,
  "old_gc_time": 0,
  "old_gc_count": 0,
  "memory_segments": 0,
  "memory_doc_values": 0,
  "memory_terms": 0,
  "memory_norms": 0,
  "memory_points": 0,
  "memory_stored_fields": 0,
  "store_size": 70472687523,
  "translog_size": 3212901908,
  "segment_count": 355,
  "total_transform_search_times": [],
  "total_transform_index_times": [],
  "total_transform_processing_times": [],
  "total_transform_throughput": []
 },
 "workload-revision": "32d8806",
 "test_procedure": "append-no-conflicts",
 "workload-params": {
  "bulk_indexing_clients": 80,
  "bulk_size": 10000
 }
}