{
  "test_run_id": "e6615d84-753f-4899-af38-1a1e2744218a",
  "throughput": {
    "min": 356025.6058713838,
    "mean": 367507.4862719878,
    "median": 367386.7822320768,
    "max": 379417.4664776054,
    "unit": "docs/s"
  },
  "latency": {
    "50_0": 2460.3583049974986,
    "90_0": 3805.010232402128,
    "99_0": 5729.335527039953,
    "99_9": 6778.747070840561,
    "100_0": 6943.129489998682,
    "mean": 2544.2682895567727,
    "unit": "ms"
  },
  "service_time": {
    "50_0": 2460.3583049974986,
    "90_0": 3805.010232402128,
    "99_0": 5729.335527039953,
    "99_9": 6778.747070840561,
    "100_0": 6943.129489998682,
    "mean": 2544.2682895567727,
    "unit": "ms"
  },
  "error_rate": 0.0
}
