{
  "test_run_id": "ee0cc358-ec0b-4e26-abd7-d01897803bea",
  "throughput": {
    "min": 356320.19764669624,
    "mean": 369416.43291184556,
    "median": 368184.9401487113,
    "max": 383231.18600562244,
    "unit": "docs/s"
  },
  "latency": {
    "50_0": 2605.8734515027027,
    "90_0": 3848.2560657947033,
    "99_0": 4976.619196047905,
    "99_9": 6040.751169980865,
    "100_0": 7140.628437999112,
    "mean": 2599.048053071648,
    "unit": "ms"
  },
  "service_time": {
    "50_0": 2605.8734515027027,
    "90_0": 3848.2560657947033,
    "99_0": 4976.619196047905,
    "99_9": 6040.751169980865,
    "100_0": 7140.628437999112,
    "mean": 2599.048053071648,
    "unit": "ms"
  },
  "error_rate": 0.0
}
