{
 "benchmark-version": "2.0.0",
 "benchmark-revision": null,
 "environment": "local",
 "test-run-id": "e6615d84-753f-4899-af38-1a1e2744218a",
 "test-run-timestamp": "20251008T143216Z",
 "pipeline": "benchmark-only",
 "user-tags": {},
 "workload": "nyc_taxis",
 "cluster-config-instance": [
  "external"
 ],
 "cluster": {
  "revision": "8ff7c6ee924a49f0f59f80a6e1c73073c8904214",
  "distribution-version": "3.1.0",
  "distribution-flavor": "oss",
  "cluster-config-revision": null
 },
 "results": {
  "op_metrics": [
   {
    "task": "index",
    "operation": "index",
    "throughput": {
     "min": 356025.6058713838,
     "mean": 367507.4862719878,
     "median": 367386.7822320768,
     "max": 379417.4664776054,
     "unit": "docs/s"
    },
    "latency": {
     "50_0": 2460.3583049974986,
     "90_0": 3805.010232402128,
     "99_0": 5729.335527039953,
     "99_9": 6778.747070840561,
     "100_0": 6943.129489998682,
     "mean": 2544.2682895567727,
     "unit": "ms"
    },
    "service_time": {
     "50_0": 2460.3583049974986,
     "90_0": 3805.010232402128,
     "99_0": 5729.335527039953,
     "99_9": 6778.747070840561,
     "100_0": 6943.129489998682,
     "mean": 2544.2682895567727,
     "unit": "ms"
    },
    "client_processing_time": {
     "50_0": 1.3502360015991144,
     "90_0": 4.859832998772621,
     "99_0": 10.724883840885031,
     "99_9": 48.14578428864481,
     "100_0": 126.76506400021026,
     "mean": 2.2287888180844555,
     "unit": "ms"
    },
    "processing_time": {
     "50_0": 2474.7650470017106,
     "90_0": 3811.697533402185,
     "99_0": 5732.236267794802,
     "99_9": 6802.951260989941,
     "100_0": 6986.085586999252,
     "mean": 2551.5703405598297,
     "unit": "ms"
    },
    "error_rate": 0.0,
    "duration": 462278.5835820032
   }
  ],
  "correctness_metrics": [
   {
    "task": "index",
    "operation": "index",
    "recall@k": {},
    "recall@1": {},
    "error_rate": 0.0,
    "duration": 462278.5835820032
   }
  ],
  "profile_metrics": [],
  "total_time": 29515580,
  "total_time_per_shard": {
   "min": 8,
   "median": 14692723,
   "max": 14822849,
   "unit": "ms"
  },
  "indexing_throttle_time": 104896,
  "indexing_throttle_time_per_shard": {
   "min": 0,
   "median": 47887,
   "max": 57009,
   "unit": "ms"
  },
  "merge_time": 4410612,
  "merge_time_per_shard": {
   "min": 27,
   "median": 2087417,
   "max": 2323168,
   "unit": "ms"
  },
  "merge_count": 1066,
  "refresh_time": 97529,
  "refresh_time_per_shard": {
   "min": 74,
   "median": 45363,
   "max": 52092,
   "unit": "ms"
  },
  "refresh_count": 141,
  "flush_time": 279586,
  "flush_time_per_shard": {
   "min": 48,
   "median": 135085,
   "max": 144453,
   "unit": "ms"
  },
  "flush_count": 93,
  "merge_throttle_time": 19014,
  "merge_throttle_time_per_shard": {
   "min": 0,
   "median": 8393,
   "max": 10621,
   "unit": "ms"
  },
  "ml_processing_time": [],
  "young_gc_time": 25335,
  "young_gc_count": 1061,
  "old_gc_time": 0,
  "old_gc_count": 0,
  "memory_segments": 0,
  "memory_doc_values": 0,
  "memory_terms": 0,
  "memory_norms": 0,
  "memory_points": 0,
  "memory_stored_fields": 0,
  "store_size": 72716405167,
  "translog_size": 1666894353,
  "segment_count": 403,
  "total_transform_search_times": [],
  "total_transform_index_times": [],
  "total_transform_processing_times": [],
  "total_transform_throughput": []
 },
 "workload-revision": "32d8806",
 "test_procedure": "append-no-conflicts",
 "workload-params": {
  "bulk_indexing_clients": 90,
  "bulk_size": 10000
 }
}