{
 "benchmark-version": "2.0.0",
 "benchmark-revision": null,
 "environment": "local",
 "test-run-id": "bb4d041b-42a4-4274-99ad-dfa1da5c80ca",
 "test-run-timestamp": "20251008T140712Z",
 "pipeline": "benchmark-only",
 "user-tags": {},
 "workload": "nyc_taxis",
 "cluster-config-instance": [
  "external"
 ],
 "cluster": {
  "revision": "8ff7c6ee924a49f0f59f80a6e1c73073c8904214",
  "distribution-version": "3.1.0",
  "distribution-flavor": "oss",
  "cluster-config-revision": null
 },
 "results": {
  "op_metrics": [
   {
    "task": "index",
    "operation": "index",
    "throughput": {
     "min": 342926.0453139972,
     "mean": 349317.50504750444,
     "median": 348912.83073890547,
     "max": 357638.24621204054,
     "unit": "docs/s"
    },
    "latency": {
     "50_0": 2683.079631999135,
     "90_0": 3888.3764454985794,
     "99_0": 5390.5538243991095,
     "99_9": 6207.093212398446,
     "100_0": 6747.060585999861,
     "mean": 2638.102910348294,
     "unit": "ms"
    },
    "service_time": {
     "50_0": 2683.079631999135,
     "90_0": 3888.3764454985794,
     "99_0": 5390.5538243991095,
     "99_9": 6207.093212398446,
     "100_0": 6747.060585999861,
     "mean": 2638.102910348294,
     "unit": "ms"
    },
    "client_processing_time": {
     "50_0": 1.325384495430626,
     "90_0": 2.7974920049018692,
     "99_0": 39.783834997797385,
     "99_9": 85.09760314696919,
     "100_0": 129.5632639885298,
     "mean": 2.112031624289798,
     "unit": "ms"
    },
    "processing_time": {
     "50_0": 2688.661977997981,
     "90_0": 3903.2528330026253,
     "99_0": 5393.488288350279,
     "99_9": 6223.510594739858,
     "100_0": 6749.945981995552,
     "mean": 2647.026065374299,
     "unit": "ms"
    },
    "error_rate": 0.0,
    "duration": 477660.2787409938
   }
  ],
  "correctness_metrics": [
   {
    "task": "index",
    "operation": "index",
    "recall@k": {},
    "recall@1": {},
    "error_rate": 0.0,
    "duration": 477660.2787409938
   }
  ],
  "profile_metrics": [],
  "total_time": 30629438,
  "total_time_per_shard": {
   "min": 15005553,
   "median": 15314719.0,
   "max": 15623885,
   "unit": "ms"
  },
  "indexing_throttle_time": 108871,
  "indexing_throttle_time_per_shard": {
   "min": 50792,
   "median": 54435.5,
   "max": 58079,
   "unit": "ms"
  },
  "merge_time": 4375564,
  "merge_time_per_shard": {
   "min": 1996735,
   "median": 2187782.0,
   "max": 2378829,
   "unit": "ms"
  },
  "merge_count": 1030,
  "refresh_time": 98536,
  "refresh_time_per_shard": {
   "min": 49143,
   "median": 49268.0,
   "max": 49393,
   "unit": "ms"
  },
  "refresh_count": 131,
  "flush_time": 294902,
  "flush_time_per_shard": {
   "min": 139673,
   "median": 147451.0,
   "max": 155229,
   "unit": "ms"
  },
  "flush_count": 91,
  "merge_throttle_time": 29890,
  "merge_throttle_time_per_shard": {
   "min": 12530,
   "median": 14945.0,
   "max": 17360,
   "unit": "ms"
  },
  "ml_processing_time": [],
  "young_gc_time": 33130,
  "young_gc_count": 1138,
  "old_gc_time": 0,
  "old_gc_count": 0,
  "memory_segments": 0,
  "memory_doc_values": 0,
  "memory_terms": 0,
  "memory_norms": 0,
  "memory_points": 0,
  "memory_stored_fields": 0,
  "store_size": 71223199584,
  "translog_size": 2620098505,
  "segment_count": 316,
  "total_transform_search_times": [],
  "total_transform_index_times": [],
  "total_transform_processing_times": [],
  "total_transform_throughput": []
 },
 "workload-revision": "32d8806",
 "test_procedure": "append-no-conflicts",
 "workload-params": {
  "bulk_indexing_clients": 90,
  "bulk_size": 10000
 }
}