{
 "benchmark-version": "2.0.0",
 "benchmark-revision": null,
 "environment": "local",
 "test-run-id": "87dee669-fbb0-44a5-b400-957c2595b7bc",
 "test-run-timestamp": "20251008T160143Z",
 "pipeline": "benchmark-only",
 "user-tags": {},
 "workload": "nyc_taxis",
 "cluster-config-instance": [
  "external"
 ],
 "cluster": {
  "revision": "8ff7c6ee924a49f0f59f80a6e1c73073c8904214",
  "distribution-version": "3.1.0",
  "distribution-flavor": "oss",
  "cluster-config-revision": null
 },
 "results": {
  "op_metrics": [
   {
    "task": "index",
    "operation": "index",
    "throughput": {
     "min": 350602.64295155206,
     "mean": 360862.31628880673,
     "median": 358921.47578426835,
     "max": 372428.7498772547,
     "unit": "docs/s"
    },
    "latency": {
     "50_0": 2477.5783229997614,
     "90_0": 3978.4464629978174,
     "99_0": 5621.7159528823695,
     "99_9": 6168.474565752726,
     "100_0": 6359.638547997747,
     "mean": 2582.889030813802,
     "unit": "ms"
    },
    "service_time": {
     "50_0": 2477.5783229997614,
     "90_0": 3978.4464629978174,
     "99_0": 5621.7159528823695,
     "99_9": 6168.474565752726,
     "100_0": 6359.638547997747,
     "mean": 2582.889030813802,
     "unit": "ms"
    },
    "client_processing_time": {
     "50_0": 1.3315280084498227,
     "90_0": 3.8301524065900594,
     "99_0": 8.824531205464167,
     "99_9": 48.25880057312319,
     "100_0": 92.53620699746534,
     "mean": 1.9009571719317673,
     "unit": "ms"
    },
    "processing_time": {
     "50_0": 2482.9565079999156,
     "90_0": 3987.3461593990214,
     "99_0": 5628.320517561224,
     "99_9": 6171.446663280719,
     "100_0": 6362.654291995568,
     "mean": 2588.6953769581405,
     "unit": "ms"
    },
    "error_rate": 0.0,
    "duration": 467788.221972005
   }
  ],
  "correctness_metrics": [
   {
    "task": "index",
    "operation": "index",
    "recall@k": {},
    "recall@1": {},
    "error_rate": 0.0,
    "duration": 467788.221972005
   }
  ],
  "profile_metrics": [],
  "total_time": 31764908,
  "total_time_per_shard": {
   "min": 12,
   "median": 15491602,
   "max": 16273294,
   "unit": "ms"
  },
  "indexing_throttle_time": 123976,
  "indexing_throttle_time_per_shard": {
   "min": 0,
   "median": 57513,
   "max": 66463,
   "unit": "ms"
  },
  "merge_time": 4676125,
  "merge_time_per_shard": {
   "min": 0,
   "median": 2337461,
   "max": 2338664,
   "unit": "ms"
  },
  "merge_count": 1055,
  "refresh_time": 99097,
  "refresh_time_per_shard": {
   "min": 42,
   "median": 48770,
   "max": 50285,
   "unit": "ms"
  },
  "refresh_count": 146,
  "flush_time": 292448,
  "flush_time_per_shard": {
   "min": 0,
   "median": 141428,
   "max": 151020,
   "unit": "ms"
  },
  "flush_count": 95,
  "merge_throttle_time": 18529,
  "merge_throttle_time_per_shard": {
   "min": 0,
   "median": 7848,
   "max": 10681,
   "unit": "ms"
  },
  "ml_processing_time": [],
  "young_gc_time": 49851,
  "young_gc_count": 2459,
  "old_gc_time": 0,
  "old_gc_count": 0,
  "memory_segments": 0,
  "memory_doc_values": 0,
  "memory_terms": 0,
  "memory_norms": 0,
  "memory_points": 0,
  "memory_stored_fields": 0,
  "store_size": 71579049323,
  "translog_size": 997860579,
  "segment_count": 222,
  "total_transform_search_times": [],
  "total_transform_index_times": [],
  "total_transform_processing_times": [],
  "total_transform_throughput": []
 },
 "workload-revision": "32d8806",
 "test_procedure": "append-no-conflicts",
 "workload-params": {
  "bulk_indexing_clients": 90,
  "bulk_size": 10000
 }
}