{
 "benchmark-version": "2.0.0",
 "benchmark-revision": null,
 "environment": "local",
 "test-run-id": "0b8a9c5a-0881-4838-b6ce-fd15068dd51e",
 "test-run-timestamp": "20251008T150750Z",
 "pipeline": "benchmark-only",
 "user-tags": {},
 "workload": "nyc_taxis",
 "cluster-config-instance": [
  "external"
 ],
 "cluster": {
  "revision": "8ff7c6ee924a49f0f59f80a6e1c73073c8904214",
  "distribution-version": "3.1.0",
  "distribution-flavor": "oss",
  "cluster-config-revision": null
 },
 "results": {
  "op_metrics": [
   {
    "task": "index",
    "operation": "index",
    "throughput": {
     "min": 348056.5280205479,
     "mean": 358703.84858683293,
     "median": 357371.6899386689,
     "max": 371122.47427929996,
     "unit": "docs/s"
    },
    "latency": {
     "50_0": 2509.8751100013033,
     "90_0": 4125.889893600834,
     "99_0": 5863.642074718955,
     "99_9": 6969.93827768862,
     "100_0": 7547.588191002433,
     "mean": 2624.72569462392,
     "unit": "ms"
    },
    "service_time": {
     "50_0": 2509.8751100013033,
     "90_0": 4125.889893600834,
     "99_0": 5863.642074718955,
     "99_9": 6969.93827768862,
     "100_0": 7547.588191002433,
     "mean": 2624.72569462392,
     "unit": "ms"
    },
    "client_processing_time": {
     "50_0": 1.3159100053599104,
     "90_0": 1.596162997884675,
     "99_0": 7.767132036387916,
     "99_9": 42.751323571603685,
     "100_0": 94.22608299792046,
     "mean": 1.6399385790088792,
     "unit": "ms"
    },
    "processing_time": {
     "50_0": 2515.2692789997673,
     "90_0": 4128.804487800517,
     "99_0": 5867.062670240702,
     "99_9": 6973.934553242916,
     "100_0": 7550.533725996502,
     "mean": 2629.6819638891866,
     "unit": "ms"
    },
    "error_rate": 0.0,
    "duration": 472604.43311400013
   }
  ],
  "correctness_metrics": [
   {
    "task": "index",
    "operation": "index",
    "recall@k": {},
    "recall@1": {},
    "error_rate": 0.0,
    "duration": 472604.43311400013
   }
  ],
  "profile_metrics": [],
  "total_time": 30667867,
  "total_time_per_shard": {
   "min": 6,
   "median": 14918337,
   "max": 15749524,
   "unit": "ms"
  },
  "indexing_throttle_time": 125612,
  "indexing_throttle_time_per_shard": {
   "min": 0,
   "median": 57870,
   "max": 67742,
   "unit": "ms"
  },
  "merge_time": 4608452,
  "merge_time_per_shard": {
   "min": 11,
   "median": 2271542,
   "max": 2336899,
   "unit": "ms"
  },
  "merge_count": 1008,
  "refresh_time": 97104,
  "refresh_time_per_shard": {
   "min": 29,
   "median": 47090,
   "max": 49985,
   "unit": "ms"
  },
  "refresh_count": 144,
  "flush_time": 278831,
  "flush_time_per_shard": {
   "min": 30,
   "median": 136061,
   "max": 142740,
   "unit": "ms"
  },
  "flush_count": 92,
  "merge_throttle_time": 23463,
  "merge_throttle_time_per_shard": {
   "min": 0,
   "median": 8262,
   "max": 15201,
   "unit": "ms"
  },
  "ml_processing_time": [],
  "young_gc_time": 36579,
  "young_gc_count": 1632,
  "old_gc_time": 0,
  "old_gc_count": 0,
  "memory_segments": 0,
  "memory_doc_values": 0,
  "memory_terms": 0,
  "memory_norms": 0,
  "memory_points": 0,
  "memory_stored_fields": 0,
  "store_size": 72179618534,
  "translog_size": 1604883989,
  "segment_count": 225,
  "total_transform_search_times": [],
  "total_transform_index_times": [],
  "total_transform_processing_times": [],
  "total_transform_throughput": []
 },
 "workload-revision": "32d8806",
 "test_procedure": "append-no-conflicts",
 "workload-params": {
  "bulk_indexing_clients": 90,
  "bulk_size": 10000
 }
}