{
  "test_run_id": "210a9a1c-e928-47a1-92ac-d768bc6c4ae8",
  "throughput": {
    "min": 345865.6437483879,
    "mean": 352275.10204041854,
    "median": 351785.0537660794,
    "max": 364955.0154197462,
    "unit": "docs/s"
  },
  "latency": {
    "50_0": 2643.8137065015326,
    "90_0": 3772.664035998605,
    "99_0": 4857.6780574413715,
    "99_9": 6247.580257167693,
    "100_0": 6722.2726449981565,
    "mean": 2595.1355014543,
    "unit": "ms"
  },
  "service_time": {
    "50_0": 2643.8137065015326,
    "90_0": 3772.664035998605,
    "99_0": 4857.6780574413715,
    "99_9": 6247.580257167693,
    "100_0": 6722.2726449981565,
    "mean": 2595.1355014543,
    "unit": "ms"
  },
  "error_rate": 0.0
}
