{
  "test_run_id": "9836b83a-e59e-410b-b808-65de79bfa353",
  "throughput": {
    "min": 339756.34068568435,
    "mean": 349448.503344139,
    "median": 348410.99205030425,
    "max": 361878.93672711117,
    "unit": "docs/s"
  },
  "latency": {
    "50_0": 2629.945893000695,
    "90_0": 4035.751647599682,
    "99_0": 5748.286248639921,
    "99_9": 7530.560722322243,
    "100_0": 9282.34538200195,
    "mean": 2686.4119516256583,
    "unit": "ms"
  },
  "service_time": {
    "50_0": 2629.945893000695,
    "90_0": 4035.751647599682,
    "99_0": 5748.286248639921,
    "99_9": 7530.560722322243,
    "100_0": 9282.34538200195,
    "mean": 2686.4119516256583,
    "unit": "ms"
  },
  "error_rate": 0.0
}
