{
  "test_run_id": "5a35c7a9-d746-43bc-a49f-21ca6b549883",
  "throughput": {
    "min": 345003.3623641587,
    "mean": 353729.69336113497,
    "median": 353197.9023043738,
    "max": 361516.60369933513,
    "unit": "docs/s"
  },
  "latency": {
    "50_0": 2527.837098001328,
    "90_0": 3906.2160460016457,
    "99_0": 5146.722285402235,
    "99_9": 6207.6617889619965,
    "100_0": 6366.620032000355,
    "mean": 2579.0880978363116,
    "unit": "ms"
  },
  "service_time": {
    "50_0": 2527.837098001328,
    "90_0": 3906.2160460016457,
    "99_0": 5146.722285402235,
    "99_9": 6207.6617889619965,
    "100_0": 6366.620032000355,
    "mean": 2579.0880978363116,
    "unit": "ms"
  },
  "error_rate": 0.0
}
