{
 "benchmark-version": "2.0.0",
 "benchmark-revision": null,
 "environment": "local",
 "test-run-id": "2b74c95d-6518-44a8-9ae9-3d78c202678f",
 "test-run-timestamp": "20251008T152645Z",
 "pipeline": "benchmark-only",
 "user-tags": {},
 "workload": "nyc_taxis",
 "cluster-config-instance": [
  "external"
 ],
 "cluster": {
  "revision": "8ff7c6ee924a49f0f59f80a6e1c73073c8904214",
  "distribution-version": "3.1.0",
  "distribution-flavor": "oss",
  "cluster-config-revision": null
 },
 "results": {
  "op_metrics": [
   {
    "task": "index",
    "operation": "index",
    "throughput": {
     "min": 358457.55695803516,
     "mean": 369873.8410753182,
     "median": 369755.7685848978,
     "max": 382493.58964995353,
     "unit": "docs/s"
    },
    "latency": {
     "50_0": 2562.6692884980002,
     "90_0": 3883.3742160022666,
     "99_0": 4921.188069000709,
     "99_9": 5439.39056416601,
     "100_0": 6237.83245300001,
     "mean": 2572.6507982508397,
     "unit": "ms"
    },
    "service_time": {
     "50_0": 2562.6692884980002,
     "90_0": 3883.3742160022666,
     "99_0": 4921.188069000709,
     "99_9": 5439.39056416601,
     "100_0": 6237.83245300001,
     "mean": 2572.6507982508397,
     "unit": "ms"
    },
    "client_processing_time": {
     "50_0": 1.323526001215214,
     "90_0": 1.9799184992734808,
     "99_0": 8.576956151227932,
     "99_9": 46.59548484363813,
     "100_0": 84.43911699578166,
     "mean": 1.721646728777486,
     "unit": "ms"
    },
    "processing_time": {
     "50_0": 2568.383925994567,
     "90_0": 3886.549658003787,
     "99_0": 4929.574875546679,
     "99_9": 5442.228612106396,
     "100_0": 6240.781115993741,
     "mean": 2577.5337859093265,
     "unit": "ms"
    },
    "error_rate": 0.0,
    "duration": 458992.495479004
   }
  ],
  "correctness_metrics": [
   {
    "task": "index",
    "operation": "index",
    "recall@k": {},
    "recall@1": {},
    "error_rate": 0.0,
    "duration": 458992.495479004
   }
  ],
  "profile_metrics": [],
  "total_time": 30843856,
  "total_time_per_shard": {
   "min": 4,
   "median": 15009648,
   "max": 15834204,
   "unit": "ms"
  },
  "indexing_throttle_time": 107856,
  "indexing_throttle_time_per_shard": {
   "min": 0,
   "median": 49020,
   "max": 58836,
   "unit": "ms"
  },
  "merge_time": 4330991,
  "merge_time_per_shard": {
   "min": 0,
   "median": 2088607,
   "max": 2242384,
   "unit": "ms"
  },
  "merge_count": 1020,
  "refresh_time": 99348,
  "refresh_time_per_shard": {
   "min": 40,
   "median": 47365,
   "max": 51943,
   "unit": "ms"
  },
  "refresh_count": 144,
  "flush_time": 282120,
  "flush_time_per_shard": {
   "min": 0,
   "median": 139607,
   "max": 142513,
   "unit": "ms"
  },
  "flush_count": 95,
  "merge_throttle_time": 12361,
  "merge_throttle_time_per_shard": {
   "min": 0,
   "median": 5790,
   "max": 6571,
   "unit": "ms"
  },
  "ml_processing_time": [],
  "young_gc_time": 41407,
  "young_gc_count": 1948,
  "old_gc_time": 0,
  "old_gc_count": 0,
  "memory_segments": 0,
  "memory_doc_values": 0,
  "memory_terms": 0,
  "memory_norms": 0,
  "memory_points": 0,
  "memory_stored_fields": 0,
  "store_size": 72059153099,
  "translog_size": 1146868463,
  "segment_count": 396,
  "total_transform_search_times": [],
  "total_transform_index_times": [],
  "total_transform_processing_times": [],
  "total_transform_throughput": []
 },
 "workload-revision": "32d8806",
 "test_procedure": "append-no-conflicts",
 "workload-params": {
  "bulk_indexing_clients": 90,
  "bulk_size": 10000
 }
}