{
  "test_run_id": "63c9fca8-0ea6-4d4d-906d-1849663ab8f6",
  "throughput": {
    "min": 363980.11212645005,
    "mean": 373995.90472586895,
    "median": 373764.81993952516,
    "max": 386656.7535268969,
    "unit": "docs/s"
  },
  "latency": {
    "50_0": 2539.8970669994014,
    "90_0": 3852.25873740128,
    "99_0": 4782.921579038375,
    "99_9": 5567.2849930175935,
    "100_0": 5878.769429997192,
    "mean": 2515.5867993831707,
    "unit": "ms"
  },
  "service_time": {
    "50_0": 2539.8970669994014,
    "90_0": 3852.25873740128,
    "99_0": 4782.921579038375,
    "99_9": 5567.2849930175935,
    "100_0": 5878.769429997192,
    "mean": 2515.5867993831707,
    "unit": "ms"
  },
  "error_rate": 0.0
}
