{
  "test_run_id": "856291f2-4867-4cc1-8400-b79b801995c7",
  "throughput": {
    "min": 360003.3962306282,
    "mean": 373140.7257583326,
    "median": 373971.8594704066,
    "max": 386932.61846699985,
    "unit": "docs/s"
  },
  "latency": {
    "50_0": 2537.2539939999115,
    "90_0": 3875.53739760042,
    "99_0": 4893.398418455109,
    "99_9": 5390.714401870665,
    "100_0": 5698.15105899761,
    "mean": 2581.30319780343,
    "unit": "ms"
  },
  "service_time": {
    "50_0": 2537.2539939999115,
    "90_0": 3875.53739760042,
    "99_0": 4893.398418455109,
    "99_9": 5390.714401870665,
    "100_0": 5698.15105899761,
    "mean": 2581.30319780343,
    "unit": "ms"
  },
  "error_rate": 0.0
}
