{
  "test_run_id": "87dee669-fbb0-44a5-b400-957c2595b7bc",
  "throughput": {
    "min": 350602.64295155206,
    "mean": 360862.31628880673,
    "median": 358921.47578426835,
    "max": 372428.7498772547,
    "unit": "docs/s"
  },
  "latency": {
    "50_0": 2477.5783229997614,
    "90_0": 3978.4464629978174,
    "99_0": 5621.7159528823695,
    "99_9": 6168.474565752726,
    "100_0": 6359.638547997747,
    "mean": 2582.889030813802,
    "unit": "ms"
  },
  "service_time": {
    "50_0": 2477.5783229997614,
    "90_0": 3978.4464629978174,
    "99_0": 5621.7159528823695,
    "99_9": 6168.474565752726,
    "100_0": 6359.638547997747,
    "mean": 2582.889030813802,
    "unit": "ms"
  },
  "error_rate": 0.0
}
