{
 "benchmark-version": "2.0.0",
 "benchmark-revision": null,
 "environment": "local",
 "test-run-id": "9836b83a-e59e-410b-b808-65de79bfa353",
 "test-run-timestamp": "20251008T144231Z",
 "pipeline": "benchmark-only",
 "user-tags": {},
 "workload": "nyc_taxis",
 "cluster-config-instance": [
  "external"
 ],
 "cluster": {
  "revision": "8ff7c6ee924a49f0f59f80a6e1c73073c8904214",
  "distribution-version": "3.1.0",
  "distribution-flavor": "oss",
  "cluster-config-revision": null
 },
 "results": {
  "op_metrics": [
   {
    "task": "index",
    "operation": "index",
    "throughput": {
     "min": 339756.34068568435,
     "mean": 349448.503344139,
     "median": 348410.99205030425,
     "max": 361878.93672711117,
     "unit": "docs/s"
    },
    "latency": {
     "50_0": 2629.945893000695,
     "90_0": 4035.751647599682,
     "99_0": 5748.286248639921,
     "99_9": 7530.560722322243,
     "100_0": 9282.34538200195,
     "mean": 2686.4119516256583,
     "unit": "ms"
    },
    "service_time": {
     "50_0": 2629.945893000695,
     "90_0": 4035.751647599682,
     "99_0": 5748.286248639921,
     "99_9": 7530.560722322243,
     "100_0": 9282.34538200195,
     "mean": 2686.4119516256583,
     "unit": "ms"
    },
    "client_processing_time": {
     "50_0": 1.2983939959667623,
     "90_0": 1.438454598246608,
     "99_0": 6.425017960136744,
     "99_9": 51.66180482926468,
     "100_0": 129.63614099862752,
     "mean": 1.4924781979278317,
     "unit": "ms"
    },
    "processing_time": {
     "50_0": 2641.029670005082,
     "90_0": 4046.654954801488,
     "99_0": 5750.904715078937,
     "99_9": 7533.474683038581,
     "100_0": 9285.247265004728,
     "mean": 2695.241896991368,
     "unit": "ms"
    },
    "error_rate": 0.0,
    "duration": 481163.7211039997
   }
  ],
  "correctness_metrics": [
   {
    "task": "index",
    "operation": "index",
    "recall@k": {},
    "recall@1": {},
    "error_rate": 0.0,
    "duration": 481163.7211039997
   }
  ],
  "profile_metrics": [],
  "total_time": 32066171,
  "total_time_per_shard": {
   "min": 227,
   "median": 15768722,
   "max": 16297222,
   "unit": "ms"
  },
  "indexing_throttle_time": 136602,
  "indexing_throttle_time_per_shard": {
   "min": 0,
   "median": 66697,
   "max": 69905,
   "unit": "ms"
  },
  "merge_time": 4415921,
  "merge_time_per_shard": {
   "min": 84,
   "median": 2171820,
   "max": 2244017,
   "unit": "ms"
  },
  "merge_count": 1040,
  "refresh_time": 114822,
  "refresh_time_per_shard": {
   "min": 362,
   "median": 51955,
   "max": 62505,
   "unit": "ms"
  },
  "refresh_count": 146,
  "flush_time": 293797,
  "flush_time_per_shard": {
   "min": 42,
   "median": 144093,
   "max": 149662,
   "unit": "ms"
  },
  "flush_count": 90,
  "merge_throttle_time": 18616,
  "merge_throttle_time_per_shard": {
   "min": 0,
   "median": 7845,
   "max": 10771,
   "unit": "ms"
  },
  "ml_processing_time": [],
  "young_gc_time": 43331,
  "young_gc_count": 1694,
  "old_gc_time": 0,
  "old_gc_count": 0,
  "memory_segments": 0,
  "memory_doc_values": 0,
  "memory_terms": 0,
  "memory_norms": 0,
  "memory_points": 0,
  "memory_stored_fields": 0,
  "store_size": 70806918591,
  "translog_size": 1699825375,
  "segment_count": 324,
  "total_transform_search_times": [],
  "total_transform_index_times": [],
  "total_transform_processing_times": [],
  "total_transform_throughput": []
 },
 "workload-revision": "32d8806",
 "test_procedure": "append-no-conflicts",
 "workload-params": {
  "bulk_indexing_clients": 90,
  "bulk_size": 10000
 }
}