{
  "test_run_id": "2b74c95d-6518-44a8-9ae9-3d78c202678f",
  "throughput": {
    "min": 358457.55695803516,
    "mean": 369873.8410753182,
    "median": 369755.7685848978,
    "max": 382493.58964995353,
    "unit": "docs/s"
  },
  "latency": {
    "50_0": 2562.6692884980002,
    "90_0": 3883.3742160022666,
    "99_0": 4921.188069000709,
    "99_9": 5439.39056416601,
    "100_0": 6237.83245300001,
    "mean": 2572.6507982508397,
    "unit": "ms"
  },
  "service_time": {
    "50_0": 2562.6692884980002,
    "90_0": 3883.3742160022666,
    "99_0": 4921.188069000709,
    "99_9": 5439.39056416601,
    "100_0": 6237.83245300001,
    "mean": 2572.6507982508397,
    "unit": "ms"
  },
  "error_rate": 0.0
}
