{
 "benchmark-version": "2.0.0",
 "benchmark-revision": null,
 "environment": "local",
 "test-run-id": "63c9fca8-0ea6-4d4d-906d-1849663ab8f6",
 "test-run-timestamp": "20251008T153454Z",
 "pipeline": "benchmark-only",
 "user-tags": {},
 "workload": "nyc_taxis",
 "cluster-config-instance": [
  "external"
 ],
 "cluster": {
  "revision": "8ff7c6ee924a49f0f59f80a6e1c73073c8904214",
  "distribution-version": "3.1.0",
  "distribution-flavor": "oss",
  "cluster-config-revision": null
 },
 "results": {
  "op_metrics": [
   {
    "task": "index",
    "operation": "index",
    "throughput": {
     "min": 363980.11212645005,
     "mean": 373995.90472586895,
     "median": 373764.81993952516,
     "max": 386656.7535268969,
     "unit": "docs/s"
    },
    "latency": {
     "50_0": 2539.8970669994014,
     "90_0": 3852.25873740128,
     "99_0": 4782.921579038375,
     "99_9": 5567.2849930175935,
     "100_0": 5878.769429997192,
     "mean": 2515.5867993831707,
     "unit": "ms"
    },
    "service_time": {
     "50_0": 2539.8970669994014,
     "90_0": 3852.25873740128,
     "99_0": 4782.921579038375,
     "99_9": 5567.2849930175935,
     "100_0": 5878.769429997192,
     "mean": 2515.5867993831707,
     "unit": "ms"
    },
    "client_processing_time": {
     "50_0": 1.29367000045022,
     "90_0": 1.4219897959264927,
     "99_0": 5.529836648784067,
     "99_9": 51.42964328528732,
     "100_0": 130.11446399468696,
     "mean": 1.4806044108081575,
     "unit": "ms"
    },
    "processing_time": {
     "50_0": 2549.0423610026482,
     "90_0": 3856.0705667987345,
     "99_0": 4802.332227285369,
     "99_9": 5570.081520906569,
     "100_0": 5881.769646999601,
     "mean": 2524.559613237589,
     "unit": "ms"
    },
    "error_rate": 0.0,
    "duration": 451844.5382550053
   }
  ],
  "correctness_metrics": [
   {
    "task": "index",
    "operation": "index",
    "recall@k": {},
    "recall@1": {},
    "error_rate": 0.0,
    "duration": 451844.5382550053
   }
  ],
  "profile_metrics": [],
  "total_time": 29061399,
  "total_time_per_shard": {
   "min": 5,
   "median": 13489660,
   "max": 15571734,
   "unit": "ms"
  },
  "indexing_throttle_time": 100291,
  "indexing_throttle_time_per_shard": {
   "min": 0,
   "median": 41989,
   "max": 58302,
   "unit": "ms"
  },
  "merge_time": 4365886,
  "merge_time_per_shard": {
   "min": 8,
   "median": 2127765,
   "max": 2238113,
   "unit": "ms"
  },
  "merge_count": 984,
  "refresh_time": 91995,
  "refresh_time_per_shard": {
   "min": 23,
   "median": 44320,
   "max": 47652,
   "unit": "ms"
  },
  "refresh_count": 142,
  "flush_time": 272840,
  "flush_time_per_shard": {
   "min": 26,
   "median": 134968,
   "max": 137846,
   "unit": "ms"
  },
  "flush_count": 92,
  "merge_throttle_time": 14660,
  "merge_throttle_time_per_shard": {
   "min": 0,
   "median": 5226,
   "max": 9434,
   "unit": "ms"
  },
  "ml_processing_time": [],
  "young_gc_time": 42001,
  "young_gc_count": 1950,
  "old_gc_time": 0,
  "old_gc_count": 0,
  "memory_segments": 0,
  "memory_doc_values": 0,
  "memory_terms": 0,
  "memory_norms": 0,
  "memory_points": 0,
  "memory_stored_fields": 0,
  "store_size": 71348557509,
  "translog_size": 3098962882,
  "segment_count": 450,
  "total_transform_search_times": [],
  "total_transform_index_times": [],
  "total_transform_processing_times": [],
  "total_transform_throughput": []
 },
 "workload-revision": "32d8806",
 "test_procedure": "append-no-conflicts",
 "workload-params": {
  "bulk_indexing_clients": 90,
  "bulk_size": 10000
 }
}