{
  "test_run_id": "25d92018-6330-4e08-ae52-cdc3553fe89d",
  "throughput": {
    "min": 350306.5392535356,
    "mean": 362074.3949360881,
    "median": 361631.95451485505,
    "max": 373078.9283464478,
    "unit": "docs/s"
  },
  "latency": {
    "50_0": 2602.2291564986517,
    "90_0": 3661.831108098704,
    "99_0": 5081.983450247788,
    "99_9": 5824.680486452273,
    "100_0": 6308.775511999556,
    "mean": 2558.9519686516924,
    "unit": "ms"
  },
  "service_time": {
    "50_0": 2602.2291564986517,
    "90_0": 3661.831108098704,
    "99_0": 5081.983450247788,
    "99_9": 5824.680486452273,
    "100_0": 6308.775511999556,
    "mean": 2558.9519686516924,
    "unit": "ms"
  },
  "error_rate": 0.0
}
