{
 "benchmark-version": "2.0.0",
 "benchmark-revision": null,
 "environment": "local",
 "test-run-id": "a91539f5-755b-4121-ae55-02263b9e3ddf",
 "test-run-timestamp": "20251008T163725Z",
 "pipeline": "benchmark-only",
 "user-tags": {},
 "workload": "nyc_taxis",
 "cluster-config-instance": [
  "external"
 ],
 "cluster": {
  "revision": "8ff7c6ee924a49f0f59f80a6e1c73073c8904214",
  "distribution-version": "3.1.0",
  "distribution-flavor": "oss",
  "cluster-config-revision": null
 },
 "results": {
  "op_metrics": [
   {
    "task": "index",
    "operation": "index",
    "throughput": {
     "min": 352196.90313755703,
     "mean": 361555.20258899214,
     "median": 362591.4608042927,
     "max": 371576.1033077138,
     "unit": "docs/s"
    },
    "latency": {
     "50_0": 2522.391337002773,
     "90_0": 3824.9280302989064,
     "99_0": 5244.595708282491,
     "99_9": 6712.4832546016305,
     "100_0": 6825.320130003092,
     "mean": 2565.602487294867,
     "unit": "ms"
    },
    "service_time": {
     "50_0": 2522.391337002773,
     "90_0": 3824.9280302989064,
     "99_0": 5244.595708282491,
     "99_9": 6712.4832546016305,
     "100_0": 6825.320130003092,
     "mean": 2565.602487294867,
     "unit": "ms"
    },
    "client_processing_time": {
     "50_0": 1.3198555025155656,
     "90_0": 2.5704451960336887,
     "99_0": 8.51505434548014,
     "99_9": 82.2645982438854,
     "100_0": 88.88890000525862,
     "mean": 1.816182160798682,
     "unit": "ms"
    },
    "processing_time": {
     "50_0": 2528.0768379998335,
     "90_0": 3828.292295004212,
     "99_0": 5247.565833033282,
     "99_9": 6717.273803661615,
     "100_0": 6828.480131000106,
     "mean": 2571.0594422796644,
     "unit": "ms"
    },
    "error_rate": 0.0,
    "duration": 467445.3618010011
   }
  ],
  "correctness_metrics": [
   {
    "task": "index",
    "operation": "index",
    "recall@k": {},
    "recall@1": {},
    "error_rate": 0.0,
    "duration": 467445.3618010011
   }
  ],
  "profile_metrics": [],
  "total_time": 31565427,
  "total_time_per_shard": {
   "min": 8,
   "median": 15678433,
   "max": 15886986,
   "unit": "ms"
  },
  "indexing_throttle_time": 112128,
  "indexing_throttle_time_per_shard": {
   "min": 0,
   "median": 54390,
   "max": 57738,
   "unit": "ms"
  },
  "merge_time": 4654480,
  "merge_time_per_shard": {
   "min": 12,
   "median": 2305936,
   "max": 2348532,
   "unit": "ms"
  },
  "merge_count": 1064,
  "refresh_time": 83754,
  "refresh_time_per_shard": {
   "min": 39,
   "median": 40882,
   "max": 42833,
   "unit": "ms"
  },
  "refresh_count": 145,
  "flush_time": 263390,
  "flush_time_per_shard": {
   "min": 35,
   "median": 126342,
   "max": 137013,
   "unit": "ms"
  },
  "flush_count": 94,
  "merge_throttle_time": 23152,
  "merge_throttle_time_per_shard": {
   "min": 0,
   "median": 6443,
   "max": 16709,
   "unit": "ms"
  },
  "ml_processing_time": [],
  "young_gc_time": 53955,
  "young_gc_count": 3187,
  "old_gc_time": 0,
  "old_gc_count": 0,
  "memory_segments": 0,
  "memory_doc_values": 0,
  "memory_terms": 0,
  "memory_norms": 0,
  "memory_points": 0,
  "memory_stored_fields": 0,
  "store_size": 70477512011,
  "translog_size": 2142266539,
  "segment_count": 358,
  "total_transform_search_times": [],
  "total_transform_index_times": [],
  "total_transform_processing_times": [],
  "total_transform_throughput": []
 },
 "workload-revision": "32d8806",
 "test_procedure": "append-no-conflicts",
 "workload-params": {
  "bulk_indexing_clients": 90,
  "bulk_size": 10000
 }
}