{
 "benchmark-version": "2.0.0",
 "benchmark-revision": null,
 "environment": "local",
 "test-run-id": "25d92018-6330-4e08-ae52-cdc3553fe89d",
 "test-run-timestamp": "20251008T164543Z",
 "pipeline": "benchmark-only",
 "user-tags": {},
 "workload": "nyc_taxis",
 "cluster-config-instance": [
  "external"
 ],
 "cluster": {
  "revision": "8ff7c6ee924a49f0f59f80a6e1c73073c8904214",
  "distribution-version": "3.1.0",
  "distribution-flavor": "oss",
  "cluster-config-revision": null
 },
 "results": {
  "op_metrics": [
   {
    "task": "index",
    "operation": "index",
    "throughput": {
     "min": 350306.5392535356,
     "mean": 362074.3949360881,
     "median": 361631.95451485505,
     "max": 373078.9283464478,
     "unit": "docs/s"
    },
    "latency": {
     "50_0": 2602.2291564986517,
     "90_0": 3661.831108098704,
     "99_0": 5081.983450247788,
     "99_9": 5824.680486452273,
     "100_0": 6308.775511999556,
     "mean": 2558.9519686516924,
     "unit": "ms"
    },
    "service_time": {
     "50_0": 2602.2291564986517,
     "90_0": 3661.831108098704,
     "99_0": 5081.983450247788,
     "99_9": 5824.680486452273,
     "100_0": 6308.775511999556,
     "mean": 2558.9519686516924,
     "unit": "ms"
    },
    "client_processing_time": {
     "50_0": 1.2903739989269525,
     "90_0": 1.4323290997708682,
     "99_0": 7.2249467229266635,
     "99_9": 84.45139819195197,
     "100_0": 121.43848499545129,
     "mean": 1.5210517321756165,
     "unit": "ms"
    },
    "processing_time": {
     "50_0": 2617.2383459961566,
     "90_0": 3668.6282196977118,
     "99_0": 5109.377183015748,
     "99_9": 5849.226541538696,
     "100_0": 6311.637233004149,
     "mean": 2570.831682030604,
     "unit": "ms"
    },
    "error_rate": 0.0,
    "duration": 469215.44155899755
   }
  ],
  "correctness_metrics": [
   {
    "task": "index",
    "operation": "index",
    "recall@k": {},
    "recall@1": {},
    "error_rate": 0.0,
    "duration": 469215.44155899755
   }
  ],
  "profile_metrics": [],
  "total_time": 31275162,
  "total_time_per_shard": {
   "min": 5,
   "median": 15554992,
   "max": 15720165,
   "unit": "ms"
  },
  "indexing_throttle_time": 104889,
  "indexing_throttle_time_per_shard": {
   "min": 0,
   "median": 51638,
   "max": 53251,
   "unit": "ms"
  },
  "merge_time": 4487328,
  "merge_time_per_shard": {
   "min": 0,
   "median": 2105626,
   "max": 2381702,
   "unit": "ms"
  },
  "merge_count": 1079,
  "refresh_time": 92740,
  "refresh_time_per_shard": {
   "min": 16,
   "median": 42138,
   "max": 50586,
   "unit": "ms"
  },
  "refresh_count": 142,
  "flush_time": 258746,
  "flush_time_per_shard": {
   "min": 0,
   "median": 123926,
   "max": 134820,
   "unit": "ms"
  },
  "flush_count": 90,
  "merge_throttle_time": 15140,
  "merge_throttle_time_per_shard": {
   "min": 0,
   "median": 6346,
   "max": 8794,
   "unit": "ms"
  },
  "ml_processing_time": [],
  "young_gc_time": 55741,
  "young_gc_count": 3196,
  "old_gc_time": 0,
  "old_gc_count": 0,
  "memory_segments": 0,
  "memory_doc_values": 0,
  "memory_terms": 0,
  "memory_norms": 0,
  "memory_points": 0,
  "memory_stored_fields": 0,
  "store_size": 73277476725,
  "translog_size": 1695737568,
  "segment_count": 215,
  "total_transform_search_times": [],
  "total_transform_index_times": [],
  "total_transform_processing_times": [],
  "total_transform_throughput": []
 },
 "workload-revision": "32d8806",
 "test_procedure": "append-no-conflicts",
 "workload-params": {
  "bulk_indexing_clients": 90,
  "bulk_size": 10000
 }
}