{
  "test_run_id": "0be6cf76-78fb-4db4-9580-491a32ab7378",
  "throughput": {
    "min": 351460.094768129,
    "mean": 361886.03148468834,
    "median": 360463.21508016495,
    "max": 376532.9044216794,
    "unit": "docs/s"
  },
  "latency": {
    "50_0": 2504.091397004231,
    "90_0": 3951.959827703104,
    "99_0": 5801.424110570224,
    "99_9": 6065.979151792458,
    "100_0": 6741.550228005508,
    "mean": 2597.9212962323113,
    "unit": "ms"
  },
  "service_time": {
    "50_0": 2504.091397004231,
    "90_0": 3951.959827703104,
    "99_0": 5801.424110570224,
    "99_9": 6065.979151792458,
    "100_0": 6741.550228005508,
    "mean": 2597.9212962323113,
    "unit": "ms"
  },
  "error_rate": 0.0
}
