{
 "benchmark-version": "2.0.0",
 "benchmark-revision": null,
 "environment": "local",
 "test-run-id": "fe6e3837-e29d-4157-855a-1cda17621779",
 "test-run-timestamp": "20251008T162850Z",
 "pipeline": "benchmark-only",
 "user-tags": {},
 "workload": "nyc_taxis",
 "cluster-config-instance": [
  "external"
 ],
 "cluster": {
  "revision": "8ff7c6ee924a49f0f59f80a6e1c73073c8904214",
  "distribution-version": "3.1.0",
  "distribution-flavor": "oss",
  "cluster-config-revision": null
 },
 "results": {
  "op_metrics": [
   {
    "task": "index",
    "operation": "index",
    "throughput": {
     "min": 339929.1089762251,
     "mean": 347671.9083117109,
     "median": 347342.8655618798,
     "max": 359149.39300507994,
     "unit": "docs/s"
    },
    "latency": {
     "50_0": 2661.444280496653,
     "90_0": 3864.6838205044332,
     "99_0": 4944.969667387045,
     "99_9": 6231.62650675045,
     "100_0": 6640.160179995291,
     "mean": 2662.2938044315647,
     "unit": "ms"
    },
    "service_time": {
     "50_0": 2661.444280496653,
     "90_0": 3864.6838205044332,
     "99_0": 4944.969667387045,
     "99_9": 6231.62650675045,
     "100_0": 6640.160179995291,
     "mean": 2662.2938044315647,
     "unit": "ms"
    },
    "client_processing_time": {
     "50_0": 1.2868359954154585,
     "90_0": 1.418669202394085,
     "99_0": 7.433045301440848,
     "99_9": 79.99114879033047,
     "100_0": 90.69907099910779,
     "mean": 1.4852838246483349,
     "unit": "ms"
    },
    "processing_time": {
     "50_0": 2669.398160498531,
     "90_0": 3872.8042732036556,
     "99_0": 4969.374909090183,
     "99_9": 6234.660610864747,
     "100_0": 6643.310545994609,
     "mean": 2674.7441456932975,
     "unit": "ms"
    },
    "error_rate": 0.0,
    "duration": 480811.9358490003
   }
  ],
  "correctness_metrics": [
   {
    "task": "index",
    "operation": "index",
    "recall@k": {},
    "recall@1": {},
    "error_rate": 0.0,
    "duration": 480811.9358490003
   }
  ],
  "profile_metrics": [],
  "total_time": 32378506,
  "total_time_per_shard": {
   "min": 2867,
   "median": 15909276,
   "max": 16466363,
   "unit": "ms"
  },
  "indexing_throttle_time": 115936,
  "indexing_throttle_time_per_shard": {
   "min": 0,
   "median": 53684,
   "max": 62252,
   "unit": "ms"
  },
  "merge_time": 4872569,
  "merge_time_per_shard": {
   "min": 416,
   "median": 2360239,
   "max": 2511914,
   "unit": "ms"
  },
  "merge_count": 1128,
  "refresh_time": 102566,
  "refresh_time_per_shard": {
   "min": 1185,
   "median": 50651,
   "max": 50730,
   "unit": "ms"
  },
  "refresh_count": 156,
  "flush_time": 266824,
  "flush_time_per_shard": {
   "min": 36,
   "median": 129256,
   "max": 137532,
   "unit": "ms"
  },
  "flush_count": 95,
  "merge_throttle_time": 11361,
  "merge_throttle_time_per_shard": {
   "min": 0,
   "median": 5188,
   "max": 6173,
   "unit": "ms"
  },
  "ml_processing_time": [],
  "young_gc_time": 58438,
  "young_gc_count": 3243,
  "old_gc_time": 0,
  "old_gc_count": 0,
  "memory_segments": 0,
  "memory_doc_values": 0,
  "memory_terms": 0,
  "memory_norms": 0,
  "memory_points": 0,
  "memory_stored_fields": 0,
  "store_size": 67287386110,
  "translog_size": 2652188134,
  "segment_count": 364,
  "total_transform_search_times": [],
  "total_transform_index_times": [],
  "total_transform_processing_times": [],
  "total_transform_throughput": []
 },
 "workload-revision": "32d8806",
 "test_procedure": "append-no-conflicts",
 "workload-params": {
  "bulk_indexing_clients": 90,
  "bulk_size": 10000
 }
}