{
 "benchmark-version": "2.0.0",
 "benchmark-revision": null,
 "environment": "local",
 "test-run-id": "0be6cf76-78fb-4db4-9580-491a32ab7378",
 "test-run-timestamp": "20251008T165404Z",
 "pipeline": "benchmark-only",
 "user-tags": {},
 "workload": "nyc_taxis",
 "cluster-config-instance": [
  "external"
 ],
 "cluster": {
  "revision": "8ff7c6ee924a49f0f59f80a6e1c73073c8904214",
  "distribution-version": "3.1.0",
  "distribution-flavor": "oss",
  "cluster-config-revision": null
 },
 "results": {
  "op_metrics": [
   {
    "task": "index",
    "operation": "index",
    "throughput": {
     "min": 351460.094768129,
     "mean": 361886.03148468834,
     "median": 360463.21508016495,
     "max": 376532.9044216794,
     "unit": "docs/s"
    },
    "latency": {
     "50_0": 2504.091397004231,
     "90_0": 3951.959827703104,
     "99_0": 5801.424110570224,
     "99_9": 6065.979151792458,
     "100_0": 6741.550228005508,
     "mean": 2597.9212962323113,
     "unit": "ms"
    },
    "service_time": {
     "50_0": 2504.091397004231,
     "90_0": 3951.959827703104,
     "99_0": 5801.424110570224,
     "99_9": 6065.979151792458,
     "100_0": 6741.550228005508,
     "mean": 2597.9212962323113,
     "unit": "ms"
    },
    "client_processing_time": {
     "50_0": 1.3219655011198483,
     "90_0": 3.5300729025038895,
     "99_0": 7.9553346159809735,
     "99_9": 48.959236528950136,
     "100_0": 120.57663699670229,
     "mean": 1.8052280303738204,
     "unit": "ms"
    },
    "processing_time": {
     "50_0": 2509.436344502319,
     "90_0": 3959.07020860177,
     "99_0": 5810.9025652990385,
     "99_9": 6078.603020399748,
     "100_0": 6744.475264000357,
     "mean": 2604.2410073389456,
     "unit": "ms"
    },
    "error_rate": 0.0,
    "duration": 468506.0090909974
   }
  ],
  "correctness_metrics": [
   {
    "task": "index",
    "operation": "index",
    "recall@k": {},
    "recall@1": {},
    "error_rate": 0.0,
    "duration": 468506.0090909974
   }
  ],
  "profile_metrics": [],
  "total_time": 30507942,
  "total_time_per_shard": {
   "min": 10,
   "median": 14490842,
   "max": 16017090,
   "unit": "ms"
  },
  "indexing_throttle_time": 111679,
  "indexing_throttle_time_per_shard": {
   "min": 0,
   "median": 48921,
   "max": 62758,
   "unit": "ms"
  },
  "merge_time": 4564451,
  "merge_time_per_shard": {
   "min": 36,
   "median": 2280151,
   "max": 2284264,
   "unit": "ms"
  },
  "merge_count": 1067,
  "refresh_time": 88087,
  "refresh_time_per_shard": {
   "min": 68,
   "median": 41446,
   "max": 46573,
   "unit": "ms"
  },
  "refresh_count": 147,
  "flush_time": 274602,
  "flush_time_per_shard": {
   "min": 84,
   "median": 133025,
   "max": 141493,
   "unit": "ms"
  },
  "flush_count": 94,
  "merge_throttle_time": 17166,
  "merge_throttle_time_per_shard": {
   "min": 0,
   "median": 7326,
   "max": 9840,
   "unit": "ms"
  },
  "ml_processing_time": [],
  "young_gc_time": 56423,
  "young_gc_count": 3175,
  "old_gc_time": 0,
  "old_gc_count": 0,
  "memory_segments": 0,
  "memory_doc_values": 0,
  "memory_terms": 0,
  "memory_norms": 0,
  "memory_points": 0,
  "memory_stored_fields": 0,
  "store_size": 72017924799,
  "translog_size": 2448131827,
  "segment_count": 217,
  "total_transform_search_times": [],
  "total_transform_index_times": [],
  "total_transform_processing_times": [],
  "total_transform_throughput": []
 },
 "workload-revision": "32d8806",
 "test_procedure": "append-no-conflicts",
 "workload-params": {
  "bulk_indexing_clients": 90,
  "bulk_size": 10000
 }
}