{
  "test_run_id": "fe6e3837-e29d-4157-855a-1cda17621779",
  "throughput": {
    "min": 339929.1089762251,
    "mean": 347671.9083117109,
    "median": 347342.8655618798,
    "max": 359149.39300507994,
    "unit": "docs/s"
  },
  "latency": {
    "50_0": 2661.444280496653,
    "90_0": 3864.6838205044332,
    "99_0": 4944.969667387045,
    "99_9": 6231.62650675045,
    "100_0": 6640.160179995291,
    "mean": 2662.2938044315647,
    "unit": "ms"
  },
  "service_time": {
    "50_0": 2661.444280496653,
    "90_0": 3864.6838205044332,
    "99_0": 4944.969667387045,
    "99_9": 6231.62650675045,
    "100_0": 6640.160179995291,
    "mean": 2662.2938044315647,
    "unit": "ms"
  },
  "error_rate": 0.0
}
