{
 "benchmark-version": "2.0.0",
 "benchmark-revision": null,
 "environment": "local",
 "test-run-id": "c6775884-6f63-401c-ba07-f45fee558180",
 "test-run-timestamp": "20251004T034731Z",
 "pipeline": "benchmark-only",
 "user-tags": {},
 "workload": "nyc_taxis",
 "cluster-config-instance": [
  "external"
 ],
 "cluster": {
  "revision": "8ff7c6ee924a49f0f59f80a6e1c73073c8904214",
  "distribution-version": "3.1.0",
  "distribution-flavor": "oss",
  "cluster-config-revision": null
 },
 "results": {
  "op_metrics": [
   {
    "task": "index",
    "operation": "index",
    "throughput": {
     "min": 493450.84773503843,
     "mean": 500188.5291705903,
     "median": 500703.8612042014,
     "max": 505426.8848844491,
     "unit": "docs/s"
    },
    "latency": {
     "50_0": 915.3146630001174,
     "90_0": 2279.102793900165,
     "99_0": 3338.8842585501125,
     "99_9": 4574.098360622306,
     "100_0": 5334.921404999932,
     "mean": 1190.4067514156284,
     "unit": "ms"
    },
    "service_time": {
     "50_0": 915.3146630001174,
     "90_0": 2279.102793900165,
     "99_0": 3338.8842585501125,
     "99_9": 4574.098360622306,
     "100_0": 5334.921404999932,
     "mean": 1190.4067514156284,
     "unit": "ms"
    },
    "client_processing_time": {
     "50_0": 1.3169789999665227,
     "90_0": 1.4084720000482776,
     "99_0": 33.844650739788456,
     "99_9": 54.34245364418105,
     "100_0": 75.8954560001257,
     "mean": 1.7386170318130734,
     "unit": "ms"
    },
    "processing_time": {
     "50_0": 925.5035969999881,
     "90_0": 2282.9139372999634,
     "99_0": 3341.971104150013,
     "99_9": 4576.316991069109,
     "100_0": 5338.1436349995965,
     "mean": 1195.342288297376,
     "unit": "ms"
    },
    "error_rate": 0.0,
    "duration": 331522.50356000016
   }
  ],
  "correctness_metrics": [
   {
    "task": "index",
    "operation": "index",
    "recall@k": {},
    "recall@1": {},
    "error_rate": 0.0,
    "duration": 331522.50356000016
   }
  ],
  "profile_metrics": [],
  "total_time": 41579448,
  "total_time_per_shard": {
   "min": 0,
   "median": 1722313.5,
   "max": 1921278,
   "unit": "ms"
  },
  "indexing_throttle_time": 0,
  "indexing_throttle_time_per_shard": {
   "min": 0,
   "median": 0.0,
   "max": 0,
   "unit": "ms"
  },
  "merge_time": 8239492,
  "merge_time_per_shard": {
   "min": 0,
   "median": 337725.5,
   "max": 430815,
   "unit": "ms"
  },
  "merge_count": 677,
  "refresh_time": 965533,
  "refresh_time_per_shard": {
   "min": 0,
   "median": 40319.0,
   "max": 68186,
   "unit": "ms"
  },
  "refresh_count": 416,
  "flush_time": 496476,
  "flush_time_per_shard": {
   "min": 0,
   "median": 19311.5,
   "max": 29772,
   "unit": "ms"
  },
  "flush_count": 73,
  "merge_throttle_time": 740635,
  "merge_throttle_time_per_shard": {
   "min": 0,
   "median": 30339.5,
   "max": 56424,
   "unit": "ms"
  },
  "ml_processing_time": [],
  "young_gc_time": 53668,
  "young_gc_count": 1066,
  "old_gc_time": 0,
  "old_gc_count": 0,
  "memory_segments": 0,
  "memory_doc_values": 0,
  "memory_terms": 0,
  "memory_norms": 0,
  "memory_points": 0,
  "memory_stored_fields": 0,
  "store_size": 85253987610,
  "translog_size": 21627074922,
  "segment_count": 1032,
  "total_transform_search_times": [],
  "total_transform_index_times": [],
  "total_transform_processing_times": [],
  "total_transform_throughput": []
 },
 "workload-revision": "32d8806",
 "test_procedure": "append-no-conflicts",
 "workload-params": {
  "bulk_indexing_clients": 60,
  "bulk_size": 10000
 }
}