{
 "benchmark-version": "2.0.0",
 "benchmark-revision": null,
 "environment": "local",
 "test-run-id": "e26f3f65-78cc-4af7-8f0b-6994688a73ef",
 "test-run-timestamp": "20251004T040546Z",
 "pipeline": "benchmark-only",
 "user-tags": {},
 "workload": "nyc_taxis",
 "cluster-config-instance": [
  "external"
 ],
 "cluster": {
  "revision": "8ff7c6ee924a49f0f59f80a6e1c73073c8904214",
  "distribution-version": "3.1.0",
  "distribution-flavor": "oss",
  "cluster-config-revision": null
 },
 "results": {
  "op_metrics": [
   {
    "task": "index",
    "operation": "index",
    "throughput": {
     "min": 509983.8835316624,
     "mean": 517984.33433607797,
     "median": 515840.7449970798,
     "max": 527772.2237503295,
     "unit": "docs/s"
    },
    "latency": {
     "50_0": 951.5659649998724,
     "90_0": 2214.9785732001874,
     "99_0": 3453.3494840399585,
     "99_9": 4837.491659385316,
     "100_0": 5252.678878000097,
     "mean": 1174.9083439351084,
     "unit": "ms"
    },
    "service_time": {
     "50_0": 951.5659649998724,
     "90_0": 2214.9785732001874,
     "99_0": 3453.3494840399585,
     "99_9": 4837.491659385316,
     "100_0": 5252.678878000097,
     "mean": 1174.9083439351084,
     "unit": "ms"
    },
    "client_processing_time": {
     "50_0": 1.3160710000192921,
     "90_0": 1.4020385998719576,
     "99_0": 32.857046049971345,
     "99_9": 68.48734613326968,
     "100_0": 74.85133099999075,
     "mean": 1.7646960535155731,
     "unit": "ms"
    },
    "processing_time": {
     "50_0": 956.1224004999076,
     "90_0": 2218.391111100118,
     "99_0": 3456.2064035097633,
     "99_9": 4840.416439561762,
     "100_0": 5255.642460999752,
     "mean": 1180.0637884909509,
     "unit": "ms"
    },
    "error_rate": 0.0,
    "duration": 322962.447849
   }
  ],
  "correctness_metrics": [
   {
    "task": "index",
    "operation": "index",
    "recall@k": {},
    "recall@1": {},
    "error_rate": 0.0,
    "duration": 322962.447849
   }
  ],
  "profile_metrics": [],
  "total_time": 38941702,
  "total_time_per_shard": {
   "min": 0,
   "median": 1585118.0,
   "max": 2140075,
   "unit": "ms"
  },
  "indexing_throttle_time": 0,
  "indexing_throttle_time_per_shard": {
   "min": 0,
   "median": 0.0,
   "max": 0,
   "unit": "ms"
  },
  "merge_time": 7238508,
  "merge_time_per_shard": {
   "min": 0,
   "median": 296186.5,
   "max": 412022,
   "unit": "ms"
  },
  "merge_count": 652,
  "refresh_time": 857858,
  "refresh_time_per_shard": {
   "min": 0,
   "median": 33233.5,
   "max": 61075,
   "unit": "ms"
  },
  "refresh_count": 421,
  "flush_time": 591267,
  "flush_time_per_shard": {
   "min": 0,
   "median": 22383.5,
   "max": 41617,
   "unit": "ms"
  },
  "flush_count": 74,
  "merge_throttle_time": 763623,
  "merge_throttle_time_per_shard": {
   "min": 0,
   "median": 31087.5,
   "max": 55347,
   "unit": "ms"
  },
  "ml_processing_time": [],
  "young_gc_time": 41692,
  "young_gc_count": 924,
  "old_gc_time": 0,
  "old_gc_count": 0,
  "memory_segments": 0,
  "memory_doc_values": 0,
  "memory_terms": 0,
  "memory_norms": 0,
  "memory_points": 0,
  "memory_stored_fields": 0,
  "store_size": 81737139888,
  "translog_size": 20264901994,
  "segment_count": 1003,
  "total_transform_search_times": [],
  "total_transform_index_times": [],
  "total_transform_processing_times": [],
  "total_transform_throughput": []
 },
 "workload-revision": "32d8806",
 "test_procedure": "append-no-conflicts",
 "workload-params": {
  "bulk_indexing_clients": 60,
  "bulk_size": 10000
 }
}